Start Time, Oct. 18, 2018 at 12:50:37 PM
Energy calibration,  Offset: 0, Slope: 0.5, Quadratic: 0
Live Time (s), 1151.56
Real Time (s), 1200.29
Elapsed Computational, 0
Spectrum
Channel, Energy (keV), Counts
1, 0.5, 1
2, 1, 32
3, 1.5, 22
4, 2, 3
5, 2.5, 3
6, 3, 5
7, 3.5, 2
8, 4, 1
9, 4.5, 6
10, 5, 15
11, 5.5, 16
12, 6, 32
13, 6.5, 29
14, 7, 38
15, 7.5, 48
16, 8, 89
17, 8.5, 606
18, 9, 3238
19, 9.5, 3741
20, 10, 3557
21, 10.5, 3551
22, 11, 3404
23, 11.5, 3399
24, 12, 3321
25, 12.5, 3283
26, 13, 3148
27, 13.5, 3024
28, 14, 3018
29, 14.5, 2937
30, 15, 2912
31, 15.5, 2820
32, 16, 2824
33, 16.5, 2790
34, 17, 2665
35, 17.5, 2725
36, 18, 2669
37, 18.5, 2682
38, 19, 2626
39, 19.5, 2683
40, 20, 2549
41, 20.5, 2595
42, 21, 2576
43, 21.5, 2548
44, 22, 2436
45, 22.5, 2561
46, 23, 2468
47, 23.5, 2412
48, 24, 2352
49, 24.5, 2348
50, 25, 2234
51, 25.5, 2389
52, 26, 2313
53, 26.5, 2360
54, 27, 2235
55, 27.5, 2215
56, 28, 2241
57, 28.5, 2233
58, 29, 2196
59, 29.5, 2254
60, 30, 2220
61, 30.5, 2161
62, 31, 2237
63, 31.5, 2163
64, 32, 2291
65, 32.5, 2109
66, 33, 2154
67, 33.5, 2117
68, 34, 2172
69, 34.5, 2100
70, 35, 2152
71, 35.5, 2116
72, 36, 2188
73, 36.5, 2142
74, 37, 2180
75, 37.5, 2083
76, 38, 2111
77, 38.5, 2060
78, 39, 2066
79, 39.5, 2080
80, 40, 2126
81, 40.5, 2117
82, 41, 2082
83, 41.5, 1954
84, 42, 2034
85, 42.5, 2020
86, 43, 1985
87, 43.5, 2108
88, 44, 2106
89, 44.5, 2048
90, 45, 2044
91, 45.5, 1980
92, 46, 1997
93, 46.5, 2007
94, 47, 2043
95, 47.5, 2129
96, 48, 2157
97, 48.5, 2129
98, 49, 2184
99, 49.5, 2349
100, 50, 2171
101, 50.5, 2017
102, 51, 2077
103, 51.5, 2147
104, 52, 2064
105, 52.5, 2035
106, 53, 2041
107, 53.5, 2079
108, 54, 2037
109, 54.5, 2068
110, 55, 2049
111, 55.5, 2168
112, 56, 2200
113, 56.5, 2181
114, 57, 2097
115, 57.5, 2184
116, 58, 2030
117, 58.5, 2069
118, 59, 2044
119, 59.5, 2050
120, 60, 2049
121, 60.5, 2046
122, 61, 2076
123, 61.5, 2075
124, 62, 2018
125, 62.5, 2062
126, 63, 2084
127, 63.5, 2103
128, 64, 1984
129, 64.5, 2021
130, 65, 1988
131, 65.5, 2024
132, 66, 2089
133, 66.5, 2066
134, 67, 2089
135, 67.5, 2046
136, 68, 2030
137, 68.5, 2038
138, 69, 2084
139, 69.5, 2020
140, 70, 2063
141, 70.5, 2003
142, 71, 1998
143, 71.5, 2075
144, 72, 2083
145, 72.5, 1925
146, 73, 2027
147, 73.5, 1980
148, 74, 1994
149, 74.5, 2008
150, 75, 1998
151, 75.5, 2043
152, 76, 2047
153, 76.5, 1989
154, 77, 1933
155, 77.5, 1999
156, 78, 2042
157, 78.5, 2029
158, 79, 2019
159, 79.5, 2062
160, 80, 2012
161, 80.5, 2059
162, 81, 1985
163, 81.5, 2035
164, 82, 1998
165, 82.5, 1951
166, 83, 2050
167, 83.5, 1983
168, 84, 1961
169, 84.5, 2065
170, 85, 2040
171, 85.5, 1956
172, 86, 2014
173, 86.5, 1988
174, 87, 1958
175, 87.5, 1959
176, 88, 1989
177, 88.5, 1972
178, 89, 1893
179, 89.5, 1923
180, 90, 1941
181, 90.5, 1942
182, 91, 1975
183, 91.5, 1944
184, 92, 2000
185, 92.5, 1918
186, 93, 1938
187, 93.5, 1916
188, 94, 1954
189, 94.5, 1900
190, 95, 1885
191, 95.5, 1946
192, 96, 1895
193, 96.5, 1941
194, 97, 1903
195, 97.5, 1895
196, 98, 1839
197, 98.5, 1927
198, 99, 1947
199, 99.5, 1961
200, 100, 1942
201, 100.5, 1909
202, 101, 1865
203, 101.5, 1945
204, 102, 1881
205, 102.5, 1952
206, 103, 1948
207, 103.5, 1883
208, 104, 1897
209, 104.5, 1893
210, 105, 1878
211, 105.5, 1891
212, 106, 1816
213, 106.5, 1864
214, 107, 1914
215, 107.5, 1888
216, 108, 1863
217, 108.5, 1903
218, 109, 1802
219, 109.5, 1787
220, 110, 1891
221, 110.5, 1887
222, 111, 1775
223, 111.5, 1902
224, 112, 1829
225, 112.5, 1828
226, 113, 1774
227, 113.5, 1868
228, 114, 1802
229, 114.5, 1849
230, 115, 1822
231, 115.5, 1878
232, 116, 1850
233, 116.5, 1859
234, 117, 1765
235, 117.5, 1834
236, 118, 1753
237, 118.5, 1752
238, 119, 1792
239, 119.5, 1805
240, 120, 1842
241, 120.5, 1835
242, 121, 1811
243, 121.5, 1869
244, 122, 1800
245, 122.5, 1851
246, 123, 1830
247, 123.5, 1735
248, 124, 1825
249, 124.5, 1764
250, 125, 1803
251, 125.5, 1823
252, 126, 1801
253, 126.5, 1786
254, 127, 1770
255, 127.5, 1763
256, 128, 1827
257, 128.5, 1769
258, 129, 1765
259, 129.5, 1770
260, 130, 1752
261, 130.5, 1793
262, 131, 1743
263, 131.5, 1713
264, 132, 1845
265, 132.5, 1796
266, 133, 1781
267, 133.5, 1674
268, 134, 1808
269, 134.5, 1769
270, 135, 1755
271, 135.5, 1720
272, 136, 1825
273, 136.5, 1758
274, 137, 1842
275, 137.5, 1881
276, 138, 1934
277, 138.5, 1845
278, 139, 1903
279, 139.5, 1905
280, 140, 1997
281, 140.5, 2011
282, 141, 2048
283, 141.5, 1963
284, 142, 2094
285, 142.5, 2010
286, 143, 2066
287, 143.5, 2104
288, 144, 2037
289, 144.5, 2146
290, 145, 2080
291, 145.5, 2105
292, 146, 2090
293, 146.5, 2046
294, 147, 2043
295, 147.5, 1965
296, 148, 2118
297, 148.5, 2013
298, 149, 2017
299, 149.5, 2024
300, 150, 2042
301, 150.5, 2062
302, 151, 2020
303, 151.5, 1965
304, 152, 2060
305, 152.5, 1992
306, 153, 1961
307, 153.5, 2047
308, 154, 1961
309, 154.5, 2032
310, 155, 1946
311, 155.5, 2069
312, 156, 1981
313, 156.5, 2170
314, 157, 2236
315, 157.5, 1928
316, 158, 2005
317, 158.5, 2017
318, 159, 2001
319, 159.5, 1984
320, 160, 1949
321, 160.5, 1874
322, 161, 1905
323, 161.5, 1915
324, 162, 1912
325, 162.5, 1902
326, 163, 1848
327, 163.5, 1906
328, 164, 1902
329, 164.5, 1963
330, 165, 1867
331, 165.5, 1869
332, 166, 1844
333, 166.5, 1864
334, 167, 1806
335, 167.5, 1911
336, 168, 1852
337, 168.5, 1751
338, 169, 1828
339, 169.5, 1875
340, 170, 1823
341, 170.5, 1766
342, 171, 1826
343, 171.5, 1758
344, 172, 1843
345, 172.5, 1848
346, 173, 1833
347, 173.5, 1840
348, 174, 1757
349, 174.5, 1922
350, 175, 1747
351, 175.5, 1818
352, 176, 1744
353, 176.5, 1758
354, 177, 1820
355, 177.5, 1843
356, 178, 1813
357, 178.5, 1837
358, 179, 1887
359, 179.5, 1799
360, 180, 1773
361, 180.5, 1683
362, 181, 1725
363, 181.5, 1777
364, 182, 1723
365, 182.5, 1757
366, 183, 1776
367, 183.5, 1762
368, 184, 1806
369, 184.5, 1823
370, 185, 1751
371, 185.5, 1683
372, 186, 1778
373, 186.5, 1727
374, 187, 1713
375, 187.5, 1762
376, 188, 1760
377, 188.5, 1768
378, 189, 1709
379, 189.5, 1694
380, 190, 1735
381, 190.5, 1776
382, 191, 1677
383, 191.5, 1764
384, 192, 1691
385, 192.5, 1720
386, 193, 1674
387, 193.5, 1762
388, 194, 1805
389, 194.5, 1658
390, 195, 1707
391, 195.5, 1632
392, 196, 1675
393, 196.5, 1670
394, 197, 1747
395, 197.5, 1660
396, 198, 1644
397, 198.5, 1756
398, 199, 1589
399, 199.5, 1645
400, 200, 1651
401, 200.5, 1635
402, 201, 1704
403, 201.5, 1669
404, 202, 1590
405, 202.5, 1656
406, 203, 1713
407, 203.5, 1746
408, 204, 2075
409, 204.5, 1794
410, 205, 1635
411, 205.5, 1650
412, 206, 1648
413, 206.5, 1607
414, 207, 1614
415, 207.5, 1635
416, 208, 1631
417, 208.5, 1624
418, 209, 1616
419, 209.5, 1582
420, 210, 1616
421, 210.5, 1657
422, 211, 1646
423, 211.5, 1609
424, 212, 1645
425, 212.5, 1561
426, 213, 1672
427, 213.5, 1561
428, 214, 1597
429, 214.5, 1589
430, 215, 1688
431, 215.5, 1595
432, 216, 1565
433, 216.5, 1568
434, 217, 1550
435, 217.5, 1607
436, 218, 1528
437, 218.5, 1597
438, 219, 1511
439, 219.5, 1549
440, 220, 1546
441, 220.5, 1600
442, 221, 1589
443, 221.5, 1534
444, 222, 1634
445, 222.5, 1616
446, 223, 1567
447, 223.5, 1617
448, 224, 1635
449, 224.5, 1533
450, 225, 1566
451, 225.5, 1570
452, 226, 1558
453, 226.5, 1566
454, 227, 1487
455, 227.5, 1546
456, 228, 1642
457, 228.5, 1620
458, 229, 1565
459, 229.5, 1527
460, 230, 1598
461, 230.5, 1596
462, 231, 1792
463, 231.5, 1689
464, 232, 1551
465, 232.5, 1504
466, 233, 1524
467, 233.5, 1564
468, 234, 1528
469, 234.5, 1554
470, 235, 1521
471, 235.5, 1556
472, 236, 1504
473, 236.5, 1551
474, 237, 1532
475, 237.5, 1506
476, 238, 1539
477, 238.5, 1504
478, 239, 1629
479, 239.5, 1500
480, 240, 1463
481, 240.5, 1524
482, 241, 1503
483, 241.5, 1543
484, 242, 1476
485, 242.5, 1557
486, 243, 1515
487, 243.5, 1505
488, 244, 1520
489, 244.5, 1514
490, 245, 1474
491, 245.5, 1524
492, 246, 1485
493, 246.5, 1515
494, 247, 1508
495, 247.5, 1525
496, 248, 1475
497, 248.5, 1499
498, 249, 1523
499, 249.5, 1456
500, 250, 1437
501, 250.5, 1537
502, 251, 1526
503, 251.5, 1399
504, 252, 1444
505, 252.5, 1442
506, 253, 1475
507, 253.5, 1460
508, 254, 1550
509, 254.5, 1501
510, 255, 1495
511, 255.5, 1508
512, 256, 1471
513, 256.5, 1472
514, 257, 1468
515, 257.5, 1502
516, 258, 1495
517, 258.5, 1426
518, 259, 1347
519, 259.5, 1419
520, 260, 1495
521, 260.5, 1438
522, 261, 1487
523, 261.5, 1460
524, 262, 1440
525, 262.5, 1437
526, 263, 1450
527, 263.5, 1437
528, 264, 1435
529, 264.5, 1524
530, 265, 1422
531, 265.5, 1477
532, 266, 1377
533, 266.5, 1467
534, 267, 1398
535, 267.5, 1455
536, 268, 1489
537, 268.5, 1504
538, 269, 1485
539, 269.5, 1448
540, 270, 1479
541, 270.5, 1411
542, 271, 1456
543, 271.5, 1428
544, 272, 1479
545, 272.5, 1416
546, 273, 1338
547, 273.5, 1434
548, 274, 1403
549, 274.5, 1428
550, 275, 1474
551, 275.5, 1454
552, 276, 1398
553, 276.5, 1441
554, 277, 1398
555, 277.5, 1426
556, 278, 1466
557, 278.5, 1385
558, 279, 1445
559, 279.5, 1399
560, 280, 1410
561, 280.5, 1426
562, 281, 1488
563, 281.5, 1448
564, 282, 1456
565, 282.5, 1336
566, 283, 1381
567, 283.5, 1449
568, 284, 1382
569, 284.5, 1374
570, 285, 1328
571, 285.5, 1344
572, 286, 1437
573, 286.5, 1400
574, 287, 1351
575, 287.5, 1425
576, 288, 1413
577, 288.5, 1477
578, 289, 1379
579, 289.5, 1450
580, 290, 1438
581, 290.5, 1464
582, 291, 1425
583, 291.5, 1458
584, 292, 1447
585, 292.5, 1452
586, 293, 1450
587, 293.5, 1394
588, 294, 1420
589, 294.5, 1410
590, 295, 1495
591, 295.5, 1379
592, 296, 1392
593, 296.5, 1395
594, 297, 1307
595, 297.5, 1463
596, 298, 1390
597, 298.5, 1404
598, 299, 1410
599, 299.5, 1392
600, 300, 1437
601, 300.5, 1369
602, 301, 1386
603, 301.5, 1348
604, 302, 1345
605, 302.5, 1345
606, 303, 1396
607, 303.5, 1437
608, 304, 1436
609, 304.5, 1404
610, 305, 1370
611, 305.5, 1397
612, 306, 1389
613, 306.5, 1338
614, 307, 1408
615, 307.5, 1464
616, 308, 1459
617, 308.5, 1446
618, 309, 1361
619, 309.5, 1388
620, 310, 1388
621, 310.5, 1351
622, 311, 1425
623, 311.5, 1401
624, 312, 1426
625, 312.5, 1423
626, 313, 1324
627, 313.5, 1404
628, 314, 1437
629, 314.5, 1406
630, 315, 1356
631, 315.5, 1386
632, 316, 1373
633, 316.5, 1411
634, 317, 1444
635, 317.5, 1412
636, 318, 1382
637, 318.5, 1374
638, 319, 1413
639, 319.5, 1396
640, 320, 1380
641, 320.5, 1399
642, 321, 1381
643, 321.5, 1420
644, 322, 1336
645, 322.5, 1375
646, 323, 1428
647, 323.5, 1400
648, 324, 1420
649, 324.5, 1349
650, 325, 1402
651, 325.5, 1323
652, 326, 1365
653, 326.5, 1423
654, 327, 1436
655, 327.5, 1364
656, 328, 1422
657, 328.5, 1384
658, 329, 1350
659, 329.5, 1404
660, 330, 1406
661, 330.5, 1343
662, 331, 1414
663, 331.5, 1448
664, 332, 1406
665, 332.5, 1394
666, 333, 1407
667, 333.5, 1307
668, 334, 1360
669, 334.5, 1431
670, 335, 1423
671, 335.5, 1455
672, 336, 1456
673, 336.5, 1425
674, 337, 1515
675, 337.5, 1398
676, 338, 1387
677, 338.5, 1382
678, 339, 1332
679, 339.5, 1381
680, 340, 1417
681, 340.5, 1341
682, 341, 1382
683, 341.5, 1347
684, 342, 1352
685, 342.5, 1276
686, 343, 1363
687, 343.5, 1374
688, 344, 1369
689, 344.5, 1359
690, 345, 1418
691, 345.5, 1384
692, 346, 1374
693, 346.5, 1400
694, 347, 1347
695, 347.5, 1382
696, 348, 1394
697, 348.5, 1333
698, 349, 1443
699, 349.5, 1386
700, 350, 1447
701, 350.5, 1306
702, 351, 1373
703, 351.5, 1302
704, 352, 1410
705, 352.5, 1339
706, 353, 1486
707, 353.5, 1414
708, 354, 1376
709, 354.5, 1342
710, 355, 1311
711, 355.5, 1381
712, 356, 1400
713, 356.5, 1373
714, 357, 1350
715, 357.5, 1324
716, 358, 1297
717, 358.5, 1364
718, 359, 1377
719, 359.5, 1320
720, 360, 1384
721, 360.5, 1409
722, 361, 1393
723, 361.5, 1271
724, 362, 1351
725, 362.5, 1371
726, 363, 1390
727, 363.5, 1410
728, 364, 1405
729, 364.5, 1344
730, 365, 1326
731, 365.5, 1373
732, 366, 1383
733, 366.5, 1382
734, 367, 1406
735, 367.5, 1294
736, 368, 1366
737, 368.5, 1397
738, 369, 1370
739, 369.5, 1330
740, 370, 1386
741, 370.5, 1393
742, 371, 1417
743, 371.5, 1348
744, 372, 1342
745, 372.5, 1308
746, 373, 1397
747, 373.5, 1314
748, 374, 1375
749, 374.5, 1419
750, 375, 1378
751, 375.5, 1418
752, 376, 1349
753, 376.5, 1444
754, 377, 1385
755, 377.5, 1345
756, 378, 1325
757, 378.5, 1367
758, 379, 1336
759, 379.5, 1349
760, 380, 1352
761, 380.5, 1389
762, 381, 1389
763, 381.5, 1329
764, 382, 1371
765, 382.5, 1458
766, 383, 1513
767, 383.5, 1420
768, 384, 1348
769, 384.5, 1392
770, 385, 1375
771, 385.5, 1379
772, 386, 1386
773, 386.5, 1392
774, 387, 1357
775, 387.5, 1431
776, 388, 1442
777, 388.5, 1342
778, 389, 1326
779, 389.5, 1430
780, 390, 1383
781, 390.5, 1335
782, 391, 1382
783, 391.5, 1344
784, 392, 1406
785, 392.5, 1382
786, 393, 1366
787, 393.5, 1385
788, 394, 1392
789, 394.5, 1396
790, 395, 1476
791, 395.5, 1411
792, 396, 1332
793, 396.5, 1395
794, 397, 1376
795, 397.5, 1416
796, 398, 1437
797, 398.5, 1408
798, 399, 1440
799, 399.5, 1501
800, 400, 1605
801, 400.5, 1509
802, 401, 1387
803, 401.5, 1410
804, 402, 1371
805, 402.5, 1387
806, 403, 1354
807, 403.5, 1344
808, 404, 1358
809, 404.5, 1388
810, 405, 1368
811, 405.5, 1428
812, 406, 1386
813, 406.5, 1373
814, 407, 1389
815, 407.5, 1397
816, 408, 1311
817, 408.5, 1353
818, 409, 1405
819, 409.5, 1427
820, 410, 1395
821, 410.5, 1413
822, 411, 1427
823, 411.5, 1372
824, 412, 1354
825, 412.5, 1416
826, 413, 1428
827, 413.5, 1401
828, 414, 1332
829, 414.5, 1337
830, 415, 1396
831, 415.5, 1415
832, 416, 1366
833, 416.5, 1369
834, 417, 1386
835, 417.5, 1421
836, 418, 1348
837, 418.5, 1372
838, 419, 1469
839, 419.5, 1427
840, 420, 1466
841, 420.5, 1421
842, 421, 1415
843, 421.5, 1440
844, 422, 1377
845, 422.5, 1393
846, 423, 1420
847, 423.5, 1371
848, 424, 1408
849, 424.5, 1345
850, 425, 1415
851, 425.5, 1417
852, 426, 1479
853, 426.5, 1452
854, 427, 1380
855, 427.5, 1340
856, 428, 1458
857, 428.5, 1365
858, 429, 1401
859, 429.5, 1423
860, 430, 1427
861, 430.5, 1433
862, 431, 1403
863, 431.5, 1413
864, 432, 1467
865, 432.5, 1475
866, 433, 1390
867, 433.5, 1419
868, 434, 1446
869, 434.5, 1442
870, 435, 1347
871, 435.5, 1449
872, 436, 1439
873, 436.5, 1358
874, 437, 1447
875, 437.5, 1446
876, 438, 1456
877, 438.5, 1361
878, 439, 1437
879, 439.5, 1446
880, 440, 1469
881, 440.5, 1483
882, 441, 1481
883, 441.5, 1420
884, 442, 1411
885, 442.5, 1435
886, 443, 1401
887, 443.5, 1434
888, 444, 1427
889, 444.5, 1434
890, 445, 1403
891, 445.5, 1433
892, 446, 1456
893, 446.5, 1456
894, 447, 1474
895, 447.5, 1454
896, 448, 1464
897, 448.5, 1413
898, 449, 1408
899, 449.5, 1481
900, 450, 1414
901, 450.5, 1402
902, 451, 1437
903, 451.5, 1423
904, 452, 1378
905, 452.5, 1516
906, 453, 1463
907, 453.5, 1443
908, 454, 1474
909, 454.5, 1456
910, 455, 1386
911, 455.5, 1552
912, 456, 1463
913, 456.5, 1464
914, 457, 1415
915, 457.5, 1451
916, 458, 1484
917, 458.5, 1473
918, 459, 1410
919, 459.5, 1465
920, 460, 1474
921, 460.5, 1419
922, 461, 1444
923, 461.5, 1480
924, 462, 1499
925, 462.5, 1462
926, 463, 1450
927, 463.5, 1489
928, 464, 1428
929, 464.5, 1438
930, 465, 1478
931, 465.5, 1525
932, 466, 1452
933, 466.5, 1509
934, 467, 1429
935, 467.5, 1433
936, 468, 1525
937, 468.5, 1552
938, 469, 1505
939, 469.5, 1499
940, 470, 1524
941, 470.5, 1462
942, 471, 1494
943, 471.5, 1464
944, 472, 1468
945, 472.5, 1453
946, 473, 1494
947, 473.5, 1513
948, 474, 1402
949, 474.5, 1508
950, 475, 1510
951, 475.5, 1482
952, 476, 1474
953, 476.5, 1498
954, 477, 1509
955, 477.5, 1536
956, 478, 1446
957, 478.5, 1437
958, 479, 1479
959, 479.5, 1492
960, 480, 1503
961, 480.5, 1506
962, 481, 1475
963, 481.5, 1468
964, 482, 1525
965, 482.5, 1547
966, 483, 1567
967, 483.5, 1516
968, 484, 1543
969, 484.5, 1536
970, 485, 1508
971, 485.5, 1519
972, 486, 1474
973, 486.5, 1530
974, 487, 1488
975, 487.5, 1524
976, 488, 1570
977, 488.5, 1519
978, 489, 1639
979, 489.5, 1468
980, 490, 1500
981, 490.5, 1538
982, 491, 1521
983, 491.5, 1554
984, 492, 1543
985, 492.5, 1489
986, 493, 1541
987, 493.5, 1540
988, 494, 1632
989, 494.5, 1521
990, 495, 1576
991, 495.5, 1456
992, 496, 1545
993, 496.5, 1480
994, 497, 1573
995, 497.5, 1603
996, 498, 1531
997, 498.5, 1692
998, 499, 1566
999, 499.5, 1566
1000, 500, 1633
1001, 500.5, 1588
1002, 501, 1554
1003, 501.5, 1537
1004, 502, 1595
1005, 502.5, 1629
1006, 503, 1597
1007, 503.5, 1576
1008, 504, 1603
1009, 504.5, 1514
1010, 505, 1587
1011, 505.5, 1596
1012, 506, 1563
1013, 506.5, 1539
1014, 507, 1545
1015, 507.5, 1592
1016, 508, 1677
1017, 508.5, 1587
1018, 509, 1615
1019, 509.5, 1625
1020, 510, 1577
1021, 510.5, 1615
1022, 511, 1656
1023, 511.5, 1577
1024, 512, 1568
1025, 512.5, 1612
1026, 513, 1603
1027, 513.5, 1569
1028, 514, 1642
1029, 514.5, 1625
1030, 515, 1611
1031, 515.5, 1661
1032, 516, 1635
1033, 516.5, 1677
1034, 517, 1656
1035, 517.5, 1680
1036, 518, 1640
1037, 518.5, 1636
1038, 519, 1674
1039, 519.5, 1561
1040, 520, 1651
1041, 520.5, 1640
1042, 521, 1662
1043, 521.5, 1727
1044, 522, 1580
1045, 522.5, 1632
1046, 523, 1675
1047, 523.5, 1608
1048, 524, 1597
1049, 524.5, 1650
1050, 525, 1649
1051, 525.5, 1645
1052, 526, 1637
1053, 526.5, 1658
1054, 527, 1687
1055, 527.5, 1633
1056, 528, 1756
1057, 528.5, 1705
1058, 529, 1682
1059, 529.5, 1680
1060, 530, 1698
1061, 530.5, 1632
1062, 531, 1624
1063, 531.5, 1645
1064, 532, 1775
1065, 532.5, 1760
1066, 533, 1778
1067, 533.5, 1745
1068, 534, 1661
1069, 534.5, 1717
1070, 535, 1717
1071, 535.5, 1694
1072, 536, 1717
1073, 536.5, 1764
1074, 537, 1705
1075, 537.5, 1753
1076, 538, 1804
1077, 538.5, 1802
1078, 539, 1964
1079, 539.5, 1928
1080, 540, 1874
1081, 540.5, 1784
1082, 541, 1837
1083, 541.5, 1714
1084, 542, 1747
1085, 542.5, 1856
1086, 543, 1726
1087, 543.5, 1727
1088, 544, 1818
1089, 544.5, 1727
1090, 545, 1768
1091, 545.5, 1733
1092, 546, 1741
1093, 546.5, 1775
1094, 547, 1806
1095, 547.5, 1761
1096, 548, 1889
1097, 548.5, 1849
1098, 549, 1737
1099, 549.5, 1799
1100, 550, 1786
1101, 550.5, 1854
1102, 551, 1787
1103, 551.5, 1827
1104, 552, 1814
1105, 552.5, 1882
1106, 553, 1761
1107, 553.5, 1749
1108, 554, 1902
1109, 554.5, 1736
1110, 555, 1854
1111, 555.5, 1854
1112, 556, 1827
1113, 556.5, 1886
1114, 557, 1847
1115, 557.5, 1867
1116, 558, 1836
1117, 558.5, 1890
1118, 559, 1825
1119, 559.5, 1858
1120, 560, 1826
1121, 560.5, 1834
1122, 561, 1776
1123, 561.5, 1917
1124, 562, 1838
1125, 562.5, 1921
1126, 563, 1948
1127, 563.5, 1849
1128, 564, 1879
1129, 564.5, 1989
1130, 565, 1899
1131, 565.5, 1919
1132, 566, 1900
1133, 566.5, 1837
1134, 567, 1917
1135, 567.5, 2007
1136, 568, 1945
1137, 568.5, 1891
1138, 569, 1943
1139, 569.5, 1892
1140, 570, 1968
1141, 570.5, 1924
1142, 571, 2026
1143, 571.5, 2022
1144, 572, 1893
1145, 572.5, 1950
1146, 573, 1965
1147, 573.5, 1906
1148, 574, 1969
1149, 574.5, 1945
1150, 575, 2011
1151, 575.5, 1987
1152, 576, 1964
1153, 576.5, 2030
1154, 577, 2032
1155, 577.5, 1923
1156, 578, 1987
1157, 578.5, 2047
1158, 579, 2105
1159, 579.5, 2026
1160, 580, 2037
1161, 580.5, 2012
1162, 581, 2088
1163, 581.5, 1957
1164, 582, 2049
1165, 582.5, 1995
1166, 583, 2011
1167, 583.5, 2050
1168, 584, 2037
1169, 584.5, 2103
1170, 585, 2063
1171, 585.5, 2134
1172, 586, 2053
1173, 586.5, 2058
1174, 587, 2097
1175, 587.5, 2166
1176, 588, 2014
1177, 588.5, 2113
1178, 589, 2054
1179, 589.5, 2031
1180, 590, 2084
1181, 590.5, 2168
1182, 591, 2153
1183, 591.5, 2101
1184, 592, 2089
1185, 592.5, 2196
1186, 593, 2103
1187, 593.5, 2104
1188, 594, 2061
1189, 594.5, 2171
1190, 595, 2138
1191, 595.5, 2172
1192, 596, 2175
1193, 596.5, 2272
1194, 597, 2195
1195, 597.5, 2323
1196, 598, 2412
1197, 598.5, 2342
1198, 599, 2289
1199, 599.5, 2206
1200, 600, 2287
1201, 600.5, 2211
1202, 601, 2262
1203, 601.5, 2324
1204, 602, 2242
1205, 602.5, 2294
1206, 603, 2334
1207, 603.5, 2259
1208, 604, 2316
1209, 604.5, 2216
1210, 605, 2336
1211, 605.5, 2307
1212, 606, 2342
1213, 606.5, 2265
1214, 607, 2382
1215, 607.5, 2263
1216, 608, 2320
1217, 608.5, 2344
1218, 609, 2394
1219, 609.5, 2320
1220, 610, 2357
1221, 610.5, 2369
1222, 611, 2387
1223, 611.5, 2463
1224, 612, 2424
1225, 612.5, 2359
1226, 613, 2488
1227, 613.5, 2425
1228, 614, 2433
1229, 614.5, 2420
1230, 615, 2464
1231, 615.5, 2541
1232, 616, 2503
1233, 616.5, 2599
1234, 617, 2462
1235, 617.5, 2555
1236, 618, 2488
1237, 618.5, 2478
1238, 619, 2586
1239, 619.5, 2535
1240, 620, 2555
1241, 620.5, 2551
1242, 621, 2605
1243, 621.5, 2585
1244, 622, 2562
1245, 622.5, 2612
1246, 623, 2647
1247, 623.5, 2668
1248, 624, 2670
1249, 624.5, 2705
1250, 625, 2636
1251, 625.5, 2661
1252, 626, 2621
1253, 626.5, 2767
1254, 627, 2649
1255, 627.5, 2695
1256, 628, 2674
1257, 628.5, 2562
1258, 629, 2638
1259, 629.5, 2643
1260, 630, 2603
1261, 630.5, 2559
1262, 631, 2548
1263, 631.5, 2482
1264, 632, 2483
1265, 632.5, 2358
1266, 633, 2307
1267, 633.5, 2274
1268, 634, 2266
1269, 634.5, 2219
1270, 635, 2129
1271, 635.5, 2135
1272, 636, 2093
1273, 636.5, 2066
1274, 637, 2138
1275, 637.5, 1964
1276, 638, 2003
1277, 638.5, 2024
1278, 639, 1957
1279, 639.5, 2045
1280, 640, 1967
1281, 640.5, 1977
1282, 641, 1955
1283, 641.5, 1896
1284, 642, 1953
1285, 642.5, 1955
1286, 643, 1892
1287, 643.5, 1916
1288, 644, 1874
1289, 644.5, 1931
1290, 645, 1965
1291, 645.5, 1947
1292, 646, 1987
1293, 646.5, 1881
1294, 647, 1864
1295, 647.5, 1906
1296, 648, 1855
1297, 648.5, 1884
1298, 649, 1868
1299, 649.5, 1821
1300, 650, 1909
1301, 650.5, 1840
1302, 651, 1904
1303, 651.5, 1898
1304, 652, 1870
1305, 652.5, 1861
1306, 653, 1924
1307, 653.5, 1858
1308, 654, 1920
1309, 654.5, 1795
1310, 655, 1872
1311, 655.5, 1842
1312, 656, 1713
1313, 656.5, 1828
1314, 657, 1829
1315, 657.5, 1814
1316, 658, 1736
1317, 658.5, 1853
1318, 659, 1802
1319, 659.5, 1811
1320, 660, 1889
1321, 660.5, 1835
1322, 661, 1779
1323, 661.5, 1762
1324, 662, 1832
1325, 662.5, 1802
1326, 663, 1811
1327, 663.5, 1819
1328, 664, 1819
1329, 664.5, 1749
1330, 665, 1832
1331, 665.5, 1799
1332, 666, 1708
1333, 666.5, 1800
1334, 667, 1718
1335, 667.5, 1737
1336, 668, 1764
1337, 668.5, 1736
1338, 669, 1776
1339, 669.5, 1807
1340, 670, 1723
1341, 670.5, 1768
1342, 671, 1653
1343, 671.5, 1774
1344, 672, 1658
1345, 672.5, 1736
1346, 673, 1707
1347, 673.5, 1704
1348, 674, 1706
1349, 674.5, 1664
1350, 675, 1695
1351, 675.5, 1629
1352, 676, 1749
1353, 676.5, 1651
1354, 677, 1774
1355, 677.5, 1674
1356, 678, 1745
1357, 678.5, 1698
1358, 679, 1692
1359, 679.5, 1771
1360, 680, 1682
1361, 680.5, 1702
1362, 681, 1622
1363, 681.5, 1623
1364, 682, 1659
1365, 682.5, 1666
1366, 683, 1637
1367, 683.5, 1683
1368, 684, 1675
1369, 684.5, 1622
1370, 685, 1652
1371, 685.5, 1615
1372, 686, 1705
1373, 686.5, 1650
1374, 687, 1550
1375, 687.5, 1621
1376, 688, 1678
1377, 688.5, 1624
1378, 689, 1591
1379, 689.5, 1701
1380, 690, 1589
1381, 690.5, 1673
1382, 691, 1670
1383, 691.5, 1659
1384, 692, 1624
1385, 692.5, 1613
1386, 693, 1594
1387, 693.5, 1550
1388, 694, 1571
1389, 694.5, 1593
1390, 695, 1660
1391, 695.5, 1603
1392, 696, 1612
1393, 696.5, 1580
1394, 697, 1645
1395, 697.5, 1628
1396, 698, 1575
1397, 698.5, 1623
1398, 699, 1711
1399, 699.5, 1612
1400, 700, 1596
1401, 700.5, 1634
1402, 701, 1553
1403, 701.5, 1652
1404, 702, 1561
1405, 702.5, 1694
1406, 703, 1648
1407, 703.5, 1637
1408, 704, 1569
1409, 704.5, 1609
1410, 705, 1598
1411, 705.5, 1640
1412, 706, 1562
1413, 706.5, 1656
1414, 707, 1590
1415, 707.5, 1682
1416, 708, 1663
1417, 708.5, 1604
1418, 709, 1609
1419, 709.5, 1674
1420, 710, 1647
1421, 710.5, 1634
1422, 711, 1659
1423, 711.5, 1706
1424, 712, 1635
1425, 712.5, 1640
1426, 713, 1607
1427, 713.5, 1640
1428, 714, 1681
1429, 714.5, 1621
1430, 715, 1654
1431, 715.5, 1770
1432, 716, 1710
1433, 716.5, 1702
1434, 717, 1734
1435, 717.5, 1713
1436, 718, 1743
1437, 718.5, 1669
1438, 719, 1813
1439, 719.5, 1752
1440, 720, 1724
1441, 720.5, 1746
1442, 721, 1775
1443, 721.5, 1754
1444, 722, 1764
1445, 722.5, 1727
1446, 723, 1785
1447, 723.5, 1764
1448, 724, 1757
1449, 724.5, 1790
1450, 725, 1825
1451, 725.5, 1756
1452, 726, 1754
1453, 726.5, 1799
1454, 727, 1774
1455, 727.5, 1784
1456, 728, 1797
1457, 728.5, 1790
1458, 729, 1864
1459, 729.5, 1796
1460, 730, 1775
1461, 730.5, 1748
1462, 731, 1737
1463, 731.5, 1711
1464, 732, 1696
1465, 732.5, 1686
1466, 733, 1603
1467, 733.5, 1532
1468, 734, 1557
1469, 734.5, 1498
1470, 735, 1486
1471, 735.5, 1362
1472, 736, 1274
1473, 736.5, 1318
1474, 737, 1271
1475, 737.5, 1306
1476, 738, 1132
1477, 738.5, 1259
1478, 739, 1217
1479, 739.5, 1228
1480, 740, 1119
1481, 740.5, 1139
1482, 741, 1199
1483, 741.5, 1217
1484, 742, 1123
1485, 742.5, 1113
1486, 743, 1132
1487, 743.5, 1051
1488, 744, 1116
1489, 744.5, 1069
1490, 745, 1145
1491, 745.5, 1095
1492, 746, 1047
1493, 746.5, 1095
1494, 747, 1053
1495, 747.5, 1080
1496, 748, 999
1497, 748.5, 1034
1498, 749, 1121
1499, 749.5, 1048
1500, 750, 1006
1501, 750.5, 1049
1502, 751, 1061
1503, 751.5, 1057
1504, 752, 1043
1505, 752.5, 982
1506, 753, 1015
1507, 753.5, 1015
1508, 754, 1009
1509, 754.5, 985
1510, 755, 996
1511, 755.5, 980
1512, 756, 957
1513, 756.5, 985
1514, 757, 1006
1515, 757.5, 973
1516, 758, 949
1517, 758.5, 995
1518, 759, 952
1519, 759.5, 965
1520, 760, 1002
1521, 760.5, 908
1522, 761, 926
1523, 761.5, 876
1524, 762, 976
1525, 762.5, 902
1526, 763, 875
1527, 763.5, 889
1528, 764, 1016
1529, 764.5, 1000
1530, 765, 1000
1531, 765.5, 1058
1532, 766, 1211
1533, 766.5, 1308
1534, 767, 1668
1535, 767.5, 2259
1536, 768, 3084
1537, 768.5, 8529
1538, 769, 38662
1539, 769.5, 101520
1540, 770, 105941
1541, 770.5, 42367
1542, 771, 6890
1543, 771.5, 1310
1544, 772, 919
1545, 772.5, 893
1546, 773, 793
1547, 773.5, 759
1548, 774, 769
1549, 774.5, 767
1550, 775, 792
1551, 775.5, 735
1552, 776, 753
1553, 776.5, 739
1554, 777, 725
1555, 777.5, 689
1556, 778, 701
1557, 778.5, 736
1558, 779, 699
1559, 779.5, 689
1560, 780, 691
1561, 780.5, 658
1562, 781, 653
1563, 781.5, 669
1564, 782, 599
1565, 782.5, 616
1566, 783, 623
1567, 783.5, 617
1568, 784, 604
1569, 784.5, 590
1570, 785, 597
1571, 785.5, 586
1572, 786, 558
1573, 786.5, 534
1574, 787, 609
1575, 787.5, 545
1576, 788, 563
1577, 788.5, 548
1578, 789, 595
1579, 789.5, 533
1580, 790, 548
1581, 790.5, 507
1582, 791, 561
1583, 791.5, 528
1584, 792, 488
1585, 792.5, 504
1586, 793, 499
1587, 793.5, 471
1588, 794, 458
1589, 794.5, 452
1590, 795, 494
1591, 795.5, 437
1592, 796, 483
1593, 796.5, 399
1594, 797, 449
1595, 797.5, 424
1596, 798, 429
1597, 798.5, 426
1598, 799, 413
1599, 799.5, 426
1600, 800, 427
1601, 800.5, 368
1602, 801, 428
1603, 801.5, 390
1604, 802, 410
1605, 802.5, 366
1606, 803, 412
1607, 803.5, 394
1608, 804, 389
1609, 804.5, 353
1610, 805, 354
1611, 805.5, 365
1612, 806, 378
1613, 806.5, 354
1614, 807, 352
1615, 807.5, 306
1616, 808, 367
1617, 808.5, 374
1618, 809, 378
1619, 809.5, 357
1620, 810, 355
1621, 810.5, 353
1622, 811, 358
1623, 811.5, 322
1624, 812, 360
1625, 812.5, 301
1626, 813, 335
1627, 813.5, 343
1628, 814, 318
1629, 814.5, 337
1630, 815, 336
1631, 815.5, 343
1632, 816, 311
1633, 816.5, 323
1634, 817, 311
1635, 817.5, 307
1636, 818, 317
1637, 818.5, 327
1638, 819, 300
1639, 819.5, 298
1640, 820, 295
1641, 820.5, 301
1642, 821, 268
1643, 821.5, 278
1644, 822, 257
1645, 822.5, 251
1646, 823, 313
1647, 823.5, 282
1648, 824, 285
1649, 824.5, 281
1650, 825, 278
1651, 825.5, 259
1652, 826, 281
1653, 826.5, 256
1654, 827, 260
1655, 827.5, 255
1656, 828, 253
1657, 828.5, 262
1658, 829, 251
1659, 829.5, 267
1660, 830, 254
1661, 830.5, 268
1662, 831, 239
1663, 831.5, 241
1664, 832, 261
1665, 832.5, 229
1666, 833, 234
1667, 833.5, 261
1668, 834, 240
1669, 834.5, 256
1670, 835, 257
1671, 835.5, 266
1672, 836, 247
1673, 836.5, 289
1674, 837, 262
1675, 837.5, 277
1676, 838, 236
1677, 838.5, 247
1678, 839, 262
1679, 839.5, 225
1680, 840, 243
1681, 840.5, 259
1682, 841, 228
1683, 841.5, 253
1684, 842, 246
1685, 842.5, 244
1686, 843, 266
1687, 843.5, 215
1688, 844, 254
1689, 844.5, 225
1690, 845, 243
1691, 845.5, 237
1692, 846, 244
1693, 846.5, 236
1694, 847, 227
1695, 847.5, 247
1696, 848, 222
1697, 848.5, 240
1698, 849, 251
1699, 849.5, 235
1700, 850, 207
1701, 850.5, 256
1702, 851, 229
1703, 851.5, 233
1704, 852, 231
1705, 852.5, 254
1706, 853, 232
1707, 853.5, 238
1708, 854, 249
1709, 854.5, 238
1710, 855, 246
1711, 855.5, 246
1712, 856, 222
1713, 856.5, 221
1714, 857, 257
1715, 857.5, 223
1716, 858, 228
1717, 858.5, 258
1718, 859, 233
1719, 859.5, 226
1720, 860, 259
1721, 860.5, 235
1722, 861, 232
1723, 861.5, 223
1724, 862, 205
1725, 862.5, 206
1726, 863, 239
1727, 863.5, 273
1728, 864, 242
1729, 864.5, 259
1730, 865, 232
1731, 865.5, 232
1732, 866, 222
1733, 866.5, 269
1734, 867, 236
1735, 867.5, 251
1736, 868, 247
1737, 868.5, 284
1738, 869, 306
1739, 869.5, 341
1740, 870, 360
1741, 870.5, 503
1742, 871, 683
1743, 871.5, 1027
1744, 872, 1465
1745, 872.5, 2752
1746, 873, 10029
1747, 873.5, 42451
1748, 874, 90926
1749, 874.5, 85881
1750, 875, 33223
1751, 875.5, 5561
1752, 876, 727
1753, 876.5, 338
1754, 877, 266
1755, 877.5, 269
1756, 878, 237
1757, 878.5, 221
1758, 879, 208
1759, 879.5, 182
1760, 880, 224
1761, 880.5, 180
1762, 881, 199
1763, 881.5, 196
1764, 882, 173
1765, 882.5, 163
1766, 883, 183
1767, 883.5, 191
1768, 884, 180
1769, 884.5, 179
1770, 885, 160
1771, 885.5, 152
1772, 886, 155
1773, 886.5, 162
1774, 887, 182
1775, 887.5, 126
1776, 888, 148
1777, 888.5, 153
1778, 889, 150
1779, 889.5, 161
1780, 890, 170
1781, 890.5, 148
1782, 891, 156
1783, 891.5, 146
1784, 892, 150
1785, 892.5, 158
1786, 893, 156
1787, 893.5, 160
1788, 894, 164
1789, 894.5, 158
1790, 895, 170
1791, 895.5, 164
1792, 896, 149
1793, 896.5, 174
1794, 897, 148
1795, 897.5, 163
1796, 898, 166
1797, 898.5, 149
1798, 899, 141
1799, 899.5, 149
1800, 900, 155
1801, 900.5, 133
1802, 901, 177
1803, 901.5, 131
1804, 902, 137
1805, 902.5, 119
1806, 903, 155
1807, 903.5, 160
1808, 904, 139
1809, 904.5, 180
1810, 905, 130
1811, 905.5, 146
1812, 906, 142
1813, 906.5, 127
1814, 907, 148
1815, 907.5, 143
1816, 908, 132
1817, 908.5, 137
1818, 909, 127
1819, 909.5, 155
1820, 910, 145
1821, 910.5, 156
1822, 911, 160
1823, 911.5, 154
1824, 912, 138
1825, 912.5, 149
1826, 913, 150
1827, 913.5, 138
1828, 914, 153
1829, 914.5, 127
1830, 915, 152
1831, 915.5, 142
1832, 916, 134
1833, 916.5, 133
1834, 917, 137
1835, 917.5, 170
1836, 918, 135
1837, 918.5, 154
1838, 919, 145
1839, 919.5, 144
1840, 920, 148
1841, 920.5, 143
1842, 921, 150
1843, 921.5, 144
1844, 922, 141
1845, 922.5, 154
1846, 923, 150
1847, 923.5, 154
1848, 924, 127
1849, 924.5, 146
1850, 925, 151
1851, 925.5, 142
1852, 926, 126
1853, 926.5, 156
1854, 927, 138
1855, 927.5, 143
1856, 928, 152
1857, 928.5, 116
1858, 929, 142
1859, 929.5, 117
1860, 930, 144
1861, 930.5, 159
1862, 931, 172
1863, 931.5, 135
1864, 932, 155
1865, 932.5, 148
1866, 933, 147
1867, 933.5, 138
1868, 934, 122
1869, 934.5, 140
1870, 935, 141
1871, 935.5, 152
1872, 936, 134
1873, 936.5, 146
1874, 937, 137
1875, 937.5, 149
1876, 938, 164
1877, 938.5, 146
1878, 939, 135
1879, 939.5, 158
1880, 940, 116
1881, 940.5, 133
1882, 941, 133
1883, 941.5, 139
1884, 942, 137
1885, 942.5, 131
1886, 943, 113
1887, 943.5, 137
1888, 944, 161
1889, 944.5, 127
1890, 945, 153
1891, 945.5, 124
1892, 946, 116
1893, 946.5, 127
1894, 947, 128
1895, 947.5, 124
1896, 948, 129
1897, 948.5, 138
1898, 949, 120
1899, 949.5, 117
1900, 950, 128
1901, 950.5, 116
1902, 951, 122
1903, 951.5, 128
1904, 952, 145
1905, 952.5, 134
1906, 953, 148
1907, 953.5, 136
1908, 954, 127
1909, 954.5, 125
1910, 955, 124
1911, 955.5, 133
1912, 956, 143
1913, 956.5, 123
1914, 957, 161
1915, 957.5, 236
1916, 958, 452
1917, 958.5, 611
1918, 959, 415
1919, 959.5, 202
1920, 960, 135
1921, 960.5, 139
1922, 961, 141
1923, 961.5, 127
1924, 962, 121
1925, 962.5, 109
1926, 963, 147
1927, 963.5, 128
1928, 964, 120
1929, 964.5, 115
1930, 965, 134
1931, 965.5, 120
1932, 966, 100
1933, 966.5, 128
1934, 967, 119
1935, 967.5, 126
1936, 968, 129
1937, 968.5, 142
1938, 969, 117
1939, 969.5, 140
1940, 970, 109
1941, 970.5, 128
1942, 971, 131
1943, 971.5, 128
1944, 972, 116
1945, 972.5, 126
1946, 973, 127
1947, 973.5, 125
1948, 974, 113
1949, 974.5, 109
1950, 975, 124
1951, 975.5, 134
1952, 976, 140
1953, 976.5, 109
1954, 977, 109
1955, 977.5, 128
1956, 978, 126
1957, 978.5, 125
1958, 979, 109
1959, 979.5, 131
1960, 980, 146
1961, 980.5, 127
1962, 981, 127
1963, 981.5, 137
1964, 982, 141
1965, 982.5, 128
1966, 983, 111
1967, 983.5, 126
1968, 984, 129
1969, 984.5, 137
1970, 985, 138
1971, 985.5, 116
1972, 986, 116
1973, 986.5, 110
1974, 987, 140
1975, 987.5, 131
1976, 988, 136
1977, 988.5, 138
1978, 989, 149
1979, 989.5, 130
1980, 990, 127
1981, 990.5, 128
1982, 991, 141
1983, 991.5, 135
1984, 992, 122
1985, 992.5, 154
1986, 993, 134
1987, 993.5, 130
1988, 994, 119
1989, 994.5, 127
1990, 995, 117
1991, 995.5, 119
1992, 996, 114
1993, 996.5, 139
1994, 997, 117
1995, 997.5, 127
1996, 998, 119
1997, 998.5, 121
1998, 999, 123
1999, 999.5, 99
2000, 1000, 141
2001, 1000.5, 144
2002, 1001, 130
2003, 1001.5, 127
2004, 1002, 112
2005, 1002.5, 125
2006, 1003, 127
2007, 1003.5, 117
2008, 1004, 104
2009, 1004.5, 128
2010, 1005, 121
2011, 1005.5, 121
2012, 1006, 123
2013, 1006.5, 113
2014, 1007, 130
2015, 1007.5, 119
2016, 1008, 97
2017, 1008.5, 126
2018, 1009, 113
2019, 1009.5, 134
2020, 1010, 127
2021, 1010.5, 136
2022, 1011, 117
2023, 1011.5, 139
2024, 1012, 98
2025, 1012.5, 132
2026, 1013, 130
2027, 1013.5, 145
2028, 1014, 127
2029, 1014.5, 115
2030, 1015, 111
2031, 1015.5, 130
2032, 1016, 120
2033, 1016.5, 152
2034, 1017, 134
2035, 1017.5, 129
2036, 1018, 115
2037, 1018.5, 132
2038, 1019, 136
2039, 1019.5, 100
2040, 1020, 143
2041, 1020.5, 118
2042, 1021, 115
2043, 1021.5, 136
2044, 1022, 120
2045, 1022.5, 110
2046, 1023, 129
2047, 1023.5, 133
2048, 1024, 117
2049, 1024.5, 129
2050, 1025, 126
2051, 1025.5, 138
2052, 1026, 115
2053, 1026.5, 124
2054, 1027, 125
2055, 1027.5, 120
2056, 1028, 122
2057, 1028.5, 133
2058, 1029, 119
2059, 1029.5, 126
2060, 1030, 117
2061, 1030.5, 130
2062, 1031, 127
2063, 1031.5, 128
2064, 1032, 111
2065, 1032.5, 118
2066, 1033, 121
2067, 1033.5, 125
2068, 1034, 117
2069, 1034.5, 128
2070, 1035, 123
2071, 1035.5, 117
2072, 1036, 103
2073, 1036.5, 118
2074, 1037, 115
2075, 1037.5, 129
2076, 1038, 137
2077, 1038.5, 101
2078, 1039, 130
2079, 1039.5, 143
2080, 1040, 113
2081, 1040.5, 113
2082, 1041, 122
2083, 1041.5, 121
2084, 1042, 125
2085, 1042.5, 112
2086, 1043, 124
2087, 1043.5, 123
2088, 1044, 101
2089, 1044.5, 130
2090, 1045, 114
2091, 1045.5, 117
2092, 1046, 112
2093, 1046.5, 121
2094, 1047, 128
2095, 1047.5, 116
2096, 1048, 104
2097, 1048.5, 128
2098, 1049, 96
2099, 1049.5, 117
2100, 1050, 113
2101, 1050.5, 118
2102, 1051, 117
2103, 1051.5, 101
2104, 1052, 118
2105, 1052.5, 119
2106, 1053, 119
2107, 1053.5, 115
2108, 1054, 115
2109, 1054.5, 91
2110, 1055, 135
2111, 1055.5, 132
2112, 1056, 109
2113, 1056.5, 127
2114, 1057, 124
2115, 1057.5, 105
2116, 1058, 127
2117, 1058.5, 121
2118, 1059, 116
2119, 1059.5, 113
2120, 1060, 116
2121, 1060.5, 121
2122, 1061, 120
2123, 1061.5, 117
2124, 1062, 123
2125, 1062.5, 109
2126, 1063, 103
2127, 1063.5, 114
2128, 1064, 111
2129, 1064.5, 117
2130, 1065, 97
2131, 1065.5, 119
2132, 1066, 109
2133, 1066.5, 104
2134, 1067, 119
2135, 1067.5, 118
2136, 1068, 129
2137, 1068.5, 106
2138, 1069, 87
2139, 1069.5, 118
2140, 1070, 119
2141, 1070.5, 113
2142, 1071, 105
2143, 1071.5, 121
2144, 1072, 127
2145, 1072.5, 93
2146, 1073, 91
2147, 1073.5, 102
2148, 1074, 140
2149, 1074.5, 100
2150, 1075, 108
2151, 1075.5, 119
2152, 1076, 97
2153, 1076.5, 104
2154, 1077, 88
2155, 1077.5, 145
2156, 1078, 103
2157, 1078.5, 117
2158, 1079, 115
2159, 1079.5, 108
2160, 1080, 121
2161, 1080.5, 108
2162, 1081, 121
2163, 1081.5, 110
2164, 1082, 115
2165, 1082.5, 119
2166, 1083, 126
2167, 1083.5, 104
2168, 1084, 93
2169, 1084.5, 114
2170, 1085, 119
2171, 1085.5, 96
2172, 1086, 129
2173, 1086.5, 126
2174, 1087, 136
2175, 1087.5, 102
2176, 1088, 114
2177, 1088.5, 110
2178, 1089, 119
2179, 1089.5, 114
2180, 1090, 110
2181, 1090.5, 111
2182, 1091, 97
2183, 1091.5, 128
2184, 1092, 111
2185, 1092.5, 101
2186, 1093, 106
2187, 1093.5, 99
2188, 1094, 118
2189, 1094.5, 90
2190, 1095, 115
2191, 1095.5, 111
2192, 1096, 121
2193, 1096.5, 109
2194, 1097, 99
2195, 1097.5, 98
2196, 1098, 109
2197, 1098.5, 121
2198, 1099, 109
2199, 1099.5, 117
2200, 1100, 115
2201, 1100.5, 116
2202, 1101, 102
2203, 1101.5, 108
2204, 1102, 122
2205, 1102.5, 89
2206, 1103, 133
2207, 1103.5, 102
2208, 1104, 100
2209, 1104.5, 113
2210, 1105, 119
2211, 1105.5, 97
2212, 1106, 131
2213, 1106.5, 116
2214, 1107, 103
2215, 1107.5, 113
2216, 1108, 108
2217, 1108.5, 119
2218, 1109, 114
2219, 1109.5, 104
2220, 1110, 110
2221, 1110.5, 109
2222, 1111, 91
2223, 1111.5, 102
2224, 1112, 97
2225, 1112.5, 107
2226, 1113, 110
2227, 1113.5, 104
2228, 1114, 134
2229, 1114.5, 118
2230, 1115, 98
2231, 1115.5, 108
2232, 1116, 104
2233, 1116.5, 129
2234, 1117, 100
2235, 1117.5, 105
2236, 1118, 126
2237, 1118.5, 113
2238, 1119, 97
2239, 1119.5, 97
2240, 1120, 89
2241, 1120.5, 109
2242, 1121, 99
2243, 1121.5, 114
2244, 1122, 118
2245, 1122.5, 102
2246, 1123, 107
2247, 1123.5, 98
2248, 1124, 105
2249, 1124.5, 91
2250, 1125, 107
2251, 1125.5, 101
2252, 1126, 93
2253, 1126.5, 99
2254, 1127, 114
2255, 1127.5, 83
2256, 1128, 112
2257, 1128.5, 110
2258, 1129, 101
2259, 1129.5, 113
2260, 1130, 115
2261, 1130.5, 116
2262, 1131, 110
2263, 1131.5, 107
2264, 1132, 102
2265, 1132.5, 114
2266, 1133, 115
2267, 1133.5, 105
2268, 1134, 97
2269, 1134.5, 104
2270, 1135, 125
2271, 1135.5, 118
2272, 1136, 86
2273, 1136.5, 102
2274, 1137, 88
2275, 1137.5, 98
2276, 1138, 112
2277, 1138.5, 91
2278, 1139, 88
2279, 1139.5, 82
2280, 1140, 97
2281, 1140.5, 103
2282, 1141, 111
2283, 1141.5, 105
2284, 1142, 112
2285, 1142.5, 86
2286, 1143, 114
2287, 1143.5, 107
2288, 1144, 104
2289, 1144.5, 102
2290, 1145, 119
2291, 1145.5, 93
2292, 1146, 97
2293, 1146.5, 110
2294, 1147, 109
2295, 1147.5, 94
2296, 1148, 93
2297, 1148.5, 90
2298, 1149, 92
2299, 1149.5, 99
2300, 1150, 79
2301, 1150.5, 109
2302, 1151, 101
2303, 1151.5, 120
2304, 1152, 100
2305, 1152.5, 97
2306, 1153, 112
2307, 1153.5, 90
2308, 1154, 115
2309, 1154.5, 94
2310, 1155, 109
2311, 1155.5, 128
2312, 1156, 94
2313, 1156.5, 111
2314, 1157, 125
2315, 1157.5, 136
2316, 1158, 135
2317, 1158.5, 136
2318, 1159, 103
2319, 1159.5, 117
2320, 1160, 93
2321, 1160.5, 108
2322, 1161, 82
2323, 1161.5, 90
2324, 1162, 98
2325, 1162.5, 99
2326, 1163, 113
2327, 1163.5, 113
2328, 1164, 104
2329, 1164.5, 115
2330, 1165, 107
2331, 1165.5, 102
2332, 1166, 108
2333, 1166.5, 101
2334, 1167, 90
2335, 1167.5, 105
2336, 1168, 110
2337, 1168.5, 117
2338, 1169, 103
2339, 1169.5, 94
2340, 1170, 118
2341, 1170.5, 99
2342, 1171, 121
2343, 1171.5, 89
2344, 1172, 95
2345, 1172.5, 84
2346, 1173, 81
2347, 1173.5, 101
2348, 1174, 97
2349, 1174.5, 94
2350, 1175, 90
2351, 1175.5, 104
2352, 1176, 109
2353, 1176.5, 107
2354, 1177, 114
2355, 1177.5, 93
2356, 1178, 83
2357, 1178.5, 92
2358, 1179, 101
2359, 1179.5, 76
2360, 1180, 106
2361, 1180.5, 87
2362, 1181, 100
2363, 1181.5, 99
2364, 1182, 94
2365, 1182.5, 101
2366, 1183, 100
2367, 1183.5, 98
2368, 1184, 98
2369, 1184.5, 90
2370, 1185, 98
2371, 1185.5, 102
2372, 1186, 93
2373, 1186.5, 93
2374, 1187, 110
2375, 1187.5, 97
2376, 1188, 73
2377, 1188.5, 105
2378, 1189, 108
2379, 1189.5, 103
2380, 1190, 92
2381, 1190.5, 102
2382, 1191, 110
2383, 1191.5, 99
2384, 1192, 85
2385, 1192.5, 107
2386, 1193, 92
2387, 1193.5, 111
2388, 1194, 88
2389, 1194.5, 118
2390, 1195, 103
2391, 1195.5, 101
2392, 1196, 105
2393, 1196.5, 104
2394, 1197, 103
2395, 1197.5, 97
2396, 1198, 118
2397, 1198.5, 82
2398, 1199, 100
2399, 1199.5, 91
2400, 1200, 93
2401, 1200.5, 81
2402, 1201, 103
2403, 1201.5, 101
2404, 1202, 102
2405, 1202.5, 98
2406, 1203, 93
2407, 1203.5, 98
2408, 1204, 113
2409, 1204.5, 91
2410, 1205, 104
2411, 1205.5, 111
2412, 1206, 110
2413, 1206.5, 108
2414, 1207, 86
2415, 1207.5, 117
2416, 1208, 93
2417, 1208.5, 99
2418, 1209, 95
2419, 1209.5, 103
2420, 1210, 112
2421, 1210.5, 112
2422, 1211, 94
2423, 1211.5, 120
2424, 1212, 108
2425, 1212.5, 100
2426, 1213, 104
2427, 1213.5, 97
2428, 1214, 104
2429, 1214.5, 98
2430, 1215, 94
2431, 1215.5, 101
2432, 1216, 83
2433, 1216.5, 108
2434, 1217, 105
2435, 1217.5, 105
2436, 1218, 84
2437, 1218.5, 101
2438, 1219, 88
2439, 1219.5, 107
2440, 1220, 114
2441, 1220.5, 97
2442, 1221, 90
2443, 1221.5, 95
2444, 1222, 109
2445, 1222.5, 87
2446, 1223, 102
2447, 1223.5, 99
2448, 1224, 101
2449, 1224.5, 103
2450, 1225, 103
2451, 1225.5, 88
2452, 1226, 89
2453, 1226.5, 92
2454, 1227, 93
2455, 1227.5, 107
2456, 1228, 88
2457, 1228.5, 85
2458, 1229, 99
2459, 1229.5, 106
2460, 1230, 89
2461, 1230.5, 77
2462, 1231, 86
2463, 1231.5, 92
2464, 1232, 111
2465, 1232.5, 101
2466, 1233, 86
2467, 1233.5, 93
2468, 1234, 112
2469, 1234.5, 86
2470, 1235, 98
2471, 1235.5, 85
2472, 1236, 116
2473, 1236.5, 109
2474, 1237, 107
2475, 1237.5, 95
2476, 1238, 96
2477, 1238.5, 108
2478, 1239, 114
2479, 1239.5, 97
2480, 1240, 107
2481, 1240.5, 95
2482, 1241, 93
2483, 1241.5, 82
2484, 1242, 105
2485, 1242.5, 91
2486, 1243, 100
2487, 1243.5, 96
2488, 1244, 121
2489, 1244.5, 103
2490, 1245, 104
2491, 1245.5, 95
2492, 1246, 100
2493, 1246.5, 101
2494, 1247, 103
2495, 1247.5, 89
2496, 1248, 109
2497, 1248.5, 109
2498, 1249, 111
2499, 1249.5, 98
2500, 1250, 105
2501, 1250.5, 92
2502, 1251, 82
2503, 1251.5, 108
2504, 1252, 106
2505, 1252.5, 90
2506, 1253, 100
2507, 1253.5, 93
2508, 1254, 101
2509, 1254.5, 81
2510, 1255, 88
2511, 1255.5, 72
2512, 1256, 79
2513, 1256.5, 95
2514, 1257, 95
2515, 1257.5, 100
2516, 1258, 98
2517, 1258.5, 84
2518, 1259, 105
2519, 1259.5, 104
2520, 1260, 94
2521, 1260.5, 88
2522, 1261, 105
2523, 1261.5, 104
2524, 1262, 98
2525, 1262.5, 93
2526, 1263, 92
2527, 1263.5, 78
2528, 1264, 94
2529, 1264.5, 94
2530, 1265, 90
2531, 1265.5, 72
2532, 1266, 83
2533, 1266.5, 111
2534, 1267, 97
2535, 1267.5, 79
2536, 1268, 91
2537, 1268.5, 103
2538, 1269, 94
2539, 1269.5, 109
2540, 1270, 90
2541, 1270.5, 100
2542, 1271, 107
2543, 1271.5, 108
2544, 1272, 91
2545, 1272.5, 90
2546, 1273, 83
2547, 1273.5, 103
2548, 1274, 108
2549, 1274.5, 93
2550, 1275, 96
2551, 1275.5, 92
2552, 1276, 91
2553, 1276.5, 78
2554, 1277, 88
2555, 1277.5, 77
2556, 1278, 82
2557, 1278.5, 116
2558, 1279, 99
2559, 1279.5, 99
2560, 1280, 120
2561, 1280.5, 100
2562, 1281, 88
2563, 1281.5, 100
2564, 1282, 90
2565, 1282.5, 80
2566, 1283, 96
2567, 1283.5, 90
2568, 1284, 101
2569, 1284.5, 112
2570, 1285, 100
2571, 1285.5, 100
2572, 1286, 97
2573, 1286.5, 117
2574, 1287, 78
2575, 1287.5, 102
2576, 1288, 97
2577, 1288.5, 84
2578, 1289, 86
2579, 1289.5, 89
2580, 1290, 93
2581, 1290.5, 113
2582, 1291, 83
2583, 1291.5, 96
2584, 1292, 97
2585, 1292.5, 90
2586, 1293, 98
2587, 1293.5, 83
2588, 1294, 85
2589, 1294.5, 88
2590, 1295, 81
2591, 1295.5, 103
2592, 1296, 87
2593, 1296.5, 99
2594, 1297, 100
2595, 1297.5, 102
2596, 1298, 96
2597, 1298.5, 100
2598, 1299, 89
2599, 1299.5, 108
2600, 1300, 107
2601, 1300.5, 102
2602, 1301, 104
2603, 1301.5, 82
2604, 1302, 105
2605, 1302.5, 103
2606, 1303, 95
2607, 1303.5, 100
2608, 1304, 99
2609, 1304.5, 95
2610, 1305, 77
2611, 1305.5, 79
2612, 1306, 116
2613, 1306.5, 97
2614, 1307, 103
2615, 1307.5, 85
2616, 1308, 73
2617, 1308.5, 95
2618, 1309, 98
2619, 1309.5, 90
2620, 1310, 104
2621, 1310.5, 94
2622, 1311, 91
2623, 1311.5, 91
2624, 1312, 92
2625, 1312.5, 89
2626, 1313, 98
2627, 1313.5, 98
2628, 1314, 94
2629, 1314.5, 94
2630, 1315, 92
2631, 1315.5, 91
2632, 1316, 99
2633, 1316.5, 88
2634, 1317, 89
2635, 1317.5, 98
2636, 1318, 88
2637, 1318.5, 85
2638, 1319, 94
2639, 1319.5, 79
2640, 1320, 113
2641, 1320.5, 81
2642, 1321, 86
2643, 1321.5, 118
2644, 1322, 79
2645, 1322.5, 94
2646, 1323, 95
2647, 1323.5, 99
2648, 1324, 92
2649, 1324.5, 100
2650, 1325, 114
2651, 1325.5, 92
2652, 1326, 88
2653, 1326.5, 80
2654, 1327, 93
2655, 1327.5, 82
2656, 1328, 81
2657, 1328.5, 93
2658, 1329, 115
2659, 1329.5, 100
2660, 1330, 92
2661, 1330.5, 83
2662, 1331, 110
2663, 1331.5, 83
2664, 1332, 92
2665, 1332.5, 87
2666, 1333, 95
2667, 1333.5, 93
2668, 1334, 93
2669, 1334.5, 86
2670, 1335, 86
2671, 1335.5, 103
2672, 1336, 85
2673, 1336.5, 91
2674, 1337, 97
2675, 1337.5, 88
2676, 1338, 101
2677, 1338.5, 93
2678, 1339, 93
2679, 1339.5, 101
2680, 1340, 89
2681, 1340.5, 85
2682, 1341, 90
2683, 1341.5, 87
2684, 1342, 86
2685, 1342.5, 96
2686, 1343, 92
2687, 1343.5, 77
2688, 1344, 88
2689, 1344.5, 93
2690, 1345, 79
2691, 1345.5, 88
2692, 1346, 107
2693, 1346.5, 98
2694, 1347, 88
2695, 1347.5, 93
2696, 1348, 97
2697, 1348.5, 75
2698, 1349, 96
2699, 1349.5, 113
2700, 1350, 91
2701, 1350.5, 82
2702, 1351, 98
2703, 1351.5, 98
2704, 1352, 97
2705, 1352.5, 92
2706, 1353, 80
2707, 1353.5, 92
2708, 1354, 82
2709, 1354.5, 89
2710, 1355, 96
2711, 1355.5, 91
2712, 1356, 91
2713, 1356.5, 86
2714, 1357, 108
2715, 1357.5, 118
2716, 1358, 80
2717, 1358.5, 86
2718, 1359, 87
2719, 1359.5, 79
2720, 1360, 100
2721, 1360.5, 101
2722, 1361, 98
2723, 1361.5, 80
2724, 1362, 90
2725, 1362.5, 94
2726, 1363, 87
2727, 1363.5, 96
2728, 1364, 97
2729, 1364.5, 81
2730, 1365, 83
2731, 1365.5, 77
2732, 1366, 100
2733, 1366.5, 94
2734, 1367, 109
2735, 1367.5, 97
2736, 1368, 79
2737, 1368.5, 93
2738, 1369, 83
2739, 1369.5, 79
2740, 1370, 78
2741, 1370.5, 83
2742, 1371, 79
2743, 1371.5, 76
2744, 1372, 88
2745, 1372.5, 87
2746, 1373, 81
2747, 1373.5, 94
2748, 1374, 78
2749, 1374.5, 88
2750, 1375, 98
2751, 1375.5, 86
2752, 1376, 80
2753, 1376.5, 80
2754, 1377, 79
2755, 1377.5, 80
2756, 1378, 93
2757, 1378.5, 82
2758, 1379, 98
2759, 1379.5, 99
2760, 1380, 90
2761, 1380.5, 85
2762, 1381, 86
2763, 1381.5, 84
2764, 1382, 79
2765, 1382.5, 77
2766, 1383, 85
2767, 1383.5, 88
2768, 1384, 70
2769, 1384.5, 88
2770, 1385, 84
2771, 1385.5, 82
2772, 1386, 80
2773, 1386.5, 98
2774, 1387, 78
2775, 1387.5, 92
2776, 1388, 83
2777, 1388.5, 68
2778, 1389, 96
2779, 1389.5, 91
2780, 1390, 90
2781, 1390.5, 83
2782, 1391, 87
2783, 1391.5, 92
2784, 1392, 64
2785, 1392.5, 77
2786, 1393, 76
2787, 1393.5, 92
2788, 1394, 58
2789, 1394.5, 81
2790, 1395, 90
2791, 1395.5, 81
2792, 1396, 64
2793, 1396.5, 82
2794, 1397, 95
2795, 1397.5, 78
2796, 1398, 84
2797, 1398.5, 89
2798, 1399, 108
2799, 1399.5, 72
2800, 1400, 71
2801, 1400.5, 95
2802, 1401, 80
2803, 1401.5, 71
2804, 1402, 86
2805, 1402.5, 94
2806, 1403, 83
2807, 1403.5, 75
2808, 1404, 74
2809, 1404.5, 68
2810, 1405, 70
2811, 1405.5, 83
2812, 1406, 73
2813, 1406.5, 77
2814, 1407, 89
2815, 1407.5, 94
2816, 1408, 73
2817, 1408.5, 84
2818, 1409, 76
2819, 1409.5, 86
2820, 1410, 83
2821, 1410.5, 94
2822, 1411, 88
2823, 1411.5, 68
2824, 1412, 88
2825, 1412.5, 74
2826, 1413, 88
2827, 1413.5, 75
2828, 1414, 73
2829, 1414.5, 73
2830, 1415, 74
2831, 1415.5, 66
2832, 1416, 55
2833, 1416.5, 73
2834, 1417, 79
2835, 1417.5, 83
2836, 1418, 66
2837, 1418.5, 76
2838, 1419, 81
2839, 1419.5, 80
2840, 1420, 74
2841, 1420.5, 73
2842, 1421, 67
2843, 1421.5, 75
2844, 1422, 81
2845, 1422.5, 79
2846, 1423, 82
2847, 1423.5, 71
2848, 1424, 82
2849, 1424.5, 83
2850, 1425, 77
2851, 1425.5, 87
2852, 1426, 88
2853, 1426.5, 87
2854, 1427, 76
2855, 1427.5, 80
2856, 1428, 65
2857, 1428.5, 75
2858, 1429, 75
2859, 1429.5, 88
2860, 1430, 82
2861, 1430.5, 63
2862, 1431, 73
2863, 1431.5, 91
2864, 1432, 73
2865, 1432.5, 74
2866, 1433, 81
2867, 1433.5, 83
2868, 1434, 80
2869, 1434.5, 78
2870, 1435, 86
2871, 1435.5, 95
2872, 1436, 87
2873, 1436.5, 56
2874, 1437, 80
2875, 1437.5, 77
2876, 1438, 79
2877, 1438.5, 81
2878, 1439, 79
2879, 1439.5, 69
2880, 1440, 86
2881, 1440.5, 71
2882, 1441, 60
2883, 1441.5, 79
2884, 1442, 80
2885, 1442.5, 89
2886, 1443, 76
2887, 1443.5, 84
2888, 1444, 72
2889, 1444.5, 84
2890, 1445, 79
2891, 1445.5, 90
2892, 1446, 88
2893, 1446.5, 83
2894, 1447, 85
2895, 1447.5, 76
2896, 1448, 74
2897, 1448.5, 78
2898, 1449, 85
2899, 1449.5, 90
2900, 1450, 78
2901, 1450.5, 90
2902, 1451, 101
2903, 1451.5, 105
2904, 1452, 94
2905, 1452.5, 91
2906, 1453, 80
2907, 1453.5, 75
2908, 1454, 76
2909, 1454.5, 76
2910, 1455, 92
2911, 1455.5, 96
2912, 1456, 88
2913, 1456.5, 87
2914, 1457, 79
2915, 1457.5, 98
2916, 1458, 94
2917, 1458.5, 71
2918, 1459, 82
2919, 1459.5, 78
2920, 1460, 81
2921, 1460.5, 81
2922, 1461, 83
2923, 1461.5, 95
2924, 1462, 93
2925, 1462.5, 82
2926, 1463, 89
2927, 1463.5, 86
2928, 1464, 79
2929, 1464.5, 86
2930, 1465, 72
2931, 1465.5, 102
2932, 1466, 99
2933, 1466.5, 85
2934, 1467, 89
2935, 1467.5, 98
2936, 1468, 85
2937, 1468.5, 80
2938, 1469, 87
2939, 1469.5, 92
2940, 1470, 93
2941, 1470.5, 79
2942, 1471, 71
2943, 1471.5, 98
2944, 1472, 100
2945, 1472.5, 97
2946, 1473, 83
2947, 1473.5, 92
2948, 1474, 108
2949, 1474.5, 100
2950, 1475, 95
2951, 1475.5, 98
2952, 1476, 95
2953, 1476.5, 87
2954, 1477, 95
2955, 1477.5, 92
2956, 1478, 77
2957, 1478.5, 99
2958, 1479, 103
2959, 1479.5, 95
2960, 1480, 123
2961, 1480.5, 96
2962, 1481, 80
2963, 1481.5, 98
2964, 1482, 90
2965, 1482.5, 90
2966, 1483, 87
2967, 1483.5, 93
2968, 1484, 85
2969, 1484.5, 95
2970, 1485, 94
2971, 1485.5, 113
2972, 1486, 90
2973, 1486.5, 97
2974, 1487, 100
2975, 1487.5, 92
2976, 1488, 112
2977, 1488.5, 101
2978, 1489, 89
2979, 1489.5, 95
2980, 1490, 108
2981, 1490.5, 91
2982, 1491, 87
2983, 1491.5, 98
2984, 1492, 93
2985, 1492.5, 104
2986, 1493, 103
2987, 1493.5, 102
2988, 1494, 102
2989, 1494.5, 100
2990, 1495, 130
2991, 1495.5, 98
2992, 1496, 127
2993, 1496.5, 117
2994, 1497, 93
2995, 1497.5, 103
2996, 1498, 98
2997, 1498.5, 102
2998, 1499, 100
2999, 1499.5, 111
3000, 1500, 108
3001, 1500.5, 97
3002, 1501, 107
3003, 1501.5, 91
3004, 1502, 122
3005, 1502.5, 103
3006, 1503, 107
3007, 1503.5, 100
3008, 1504, 87
3009, 1504.5, 90
3010, 1505, 95
3011, 1505.5, 93
3012, 1506, 92
3013, 1506.5, 87
3014, 1507, 70
3015, 1507.5, 74
3016, 1508, 92
3017, 1508.5, 74
3018, 1509, 68
3019, 1509.5, 58
3020, 1510, 79
3021, 1510.5, 58
3022, 1511, 57
3023, 1511.5, 56
3024, 1512, 56
3025, 1512.5, 74
3026, 1513, 64
3027, 1513.5, 46
3028, 1514, 66
3029, 1514.5, 66
3030, 1515, 69
3031, 1515.5, 65
3032, 1516, 59
3033, 1516.5, 58
3034, 1517, 66
3035, 1517.5, 61
3036, 1518, 67
3037, 1518.5, 47
3038, 1519, 58
3039, 1519.5, 54
3040, 1520, 63
3041, 1520.5, 53
3042, 1521, 54
3043, 1521.5, 56
3044, 1522, 60
3045, 1522.5, 60
3046, 1523, 58
3047, 1523.5, 41
3048, 1524, 59
3049, 1524.5, 47
3050, 1525, 48
3051, 1525.5, 61
3052, 1526, 50
3053, 1526.5, 58
3054, 1527, 58
3055, 1527.5, 53
3056, 1528, 48
3057, 1528.5, 60
3058, 1529, 55
3059, 1529.5, 48
3060, 1530, 44
3061, 1530.5, 46
3062, 1531, 51
3063, 1531.5, 46
3064, 1532, 46
3065, 1532.5, 48
3066, 1533, 45
3067, 1533.5, 41
3068, 1534, 41
3069, 1534.5, 56
3070, 1535, 44
3071, 1535.5, 57
3072, 1536, 49
3073, 1536.5, 47
3074, 1537, 58
3075, 1537.5, 41
3076, 1538, 60
3077, 1538.5, 48
3078, 1539, 48
3079, 1539.5, 52
3080, 1540, 39
3081, 1540.5, 34
3082, 1541, 39
3083, 1541.5, 45
3084, 1542, 47
3085, 1542.5, 54
3086, 1543, 38
3087, 1543.5, 44
3088, 1544, 46
3089, 1544.5, 46
3090, 1545, 44
3091, 1545.5, 36
3092, 1546, 34
3093, 1546.5, 43
3094, 1547, 37
3095, 1547.5, 36
3096, 1548, 44
3097, 1548.5, 32
3098, 1549, 40
3099, 1549.5, 46
3100, 1550, 38
3101, 1550.5, 41
3102, 1551, 33
3103, 1551.5, 42
3104, 1552, 32
3105, 1552.5, 26
3106, 1553, 40
3107, 1553.5, 33
3108, 1554, 38
3109, 1554.5, 26
3110, 1555, 38
3111, 1555.5, 26
3112, 1556, 29
3113, 1556.5, 33
3114, 1557, 29
3115, 1557.5, 33
3116, 1558, 22
3117, 1558.5, 23
3118, 1559, 29
3119, 1559.5, 30
3120, 1560, 25
3121, 1560.5, 24
3122, 1561, 28
3123, 1561.5, 21
3124, 1562, 30
3125, 1562.5, 27
3126, 1563, 25
3127, 1563.5, 30
3128, 1564, 27
3129, 1564.5, 25
3130, 1565, 29
3131, 1565.5, 20
3132, 1566, 29
3133, 1566.5, 16
3134, 1567, 23
3135, 1567.5, 17
3136, 1568, 14
3137, 1568.5, 35
3138, 1569, 21
3139, 1569.5, 16
3140, 1570, 30
3141, 1570.5, 16
3142, 1571, 21
3143, 1571.5, 30
3144, 1572, 18
3145, 1572.5, 15
3146, 1573, 23
3147, 1573.5, 17
3148, 1574, 11
3149, 1574.5, 16
3150, 1575, 20
3151, 1575.5, 14
3152, 1576, 22
3153, 1576.5, 14
3154, 1577, 14
3155, 1577.5, 16
3156, 1578, 15
3157, 1578.5, 17
3158, 1579, 16
3159, 1579.5, 14
3160, 1580, 21
3161, 1580.5, 20
3162, 1581, 20
3163, 1581.5, 12
3164, 1582, 10
3165, 1582.5, 13
3166, 1583, 19
3167, 1583.5, 15
3168, 1584, 23
3169, 1584.5, 10
3170, 1585, 18
3171, 1585.5, 15
3172, 1586, 17
3173, 1586.5, 17
3174, 1587, 13
3175, 1587.5, 5
3176, 1588, 14
3177, 1588.5, 10
3178, 1589, 10
3179, 1589.5, 10
3180, 1590, 15
3181, 1590.5, 12
3182, 1591, 14
3183, 1591.5, 9
3184, 1592, 12
3185, 1592.5, 13
3186, 1593, 6
3187, 1593.5, 13
3188, 1594, 9
3189, 1594.5, 6
3190, 1595, 5
3191, 1595.5, 14
3192, 1596, 10
3193, 1596.5, 13
3194, 1597, 6
3195, 1597.5, 14
3196, 1598, 15
3197, 1598.5, 9
3198, 1599, 16
3199, 1599.5, 11
3200, 1600, 13
3201, 1600.5, 13
3202, 1601, 13
3203, 1601.5, 12
3204, 1602, 12
3205, 1602.5, 8
3206, 1603, 12
3207, 1603.5, 14
3208, 1604, 15
3209, 1604.5, 7
3210, 1605, 10
3211, 1605.5, 13
3212, 1606, 12
3213, 1606.5, 11
3214, 1607, 13
3215, 1607.5, 12
3216, 1608, 6
3217, 1608.5, 12
3218, 1609, 6
3219, 1609.5, 11
3220, 1610, 10
3221, 1610.5, 12
3222, 1611, 12
3223, 1611.5, 7
3224, 1612, 13
3225, 1612.5, 14
3226, 1613, 8
3227, 1613.5, 12
3228, 1614, 4
3229, 1614.5, 10
3230, 1615, 8
3231, 1615.5, 6
3232, 1616, 6
3233, 1616.5, 11
3234, 1617, 7
3235, 1617.5, 11
3236, 1618, 14
3237, 1618.5, 13
3238, 1619, 10
3239, 1619.5, 14
3240, 1620, 5
3241, 1620.5, 20
3242, 1621, 11
3243, 1621.5, 6
3244, 1622, 7
3245, 1622.5, 6
3246, 1623, 16
3247, 1623.5, 12
3248, 1624, 10
3249, 1624.5, 5
3250, 1625, 11
3251, 1625.5, 11
3252, 1626, 5
3253, 1626.5, 6
3254, 1627, 11
3255, 1627.5, 9
3256, 1628, 10
3257, 1628.5, 7
3258, 1629, 11
3259, 1629.5, 9
3260, 1630, 11
3261, 1630.5, 8
3262, 1631, 10
3263, 1631.5, 14
3264, 1632, 5
3265, 1632.5, 11
3266, 1633, 8
3267, 1633.5, 12
3268, 1634, 11
3269, 1634.5, 13
3270, 1635, 9
3271, 1635.5, 13
3272, 1636, 9
3273, 1636.5, 9
3274, 1637, 15
3275, 1637.5, 13
3276, 1638, 16
3277, 1638.5, 12
3278, 1639, 18
3279, 1639.5, 18
3280, 1640, 32
3281, 1640.5, 50
3282, 1641, 84
3283, 1641.5, 204
3284, 1642, 672
3285, 1642.5, 1568
3286, 1643, 2478
3287, 1643.5, 2433
3288, 1644, 1269
3289, 1644.5, 409
3290, 1645, 87
3291, 1645.5, 10
3292, 1646, 2
3293, 1646.5, 3
3294, 1647, 1
3295, 1647.5, 1
3296, 1648, 3
3297, 1648.5, 3
3298, 1649, 0
3299, 1649.5, 2
3300, 1650, 0
3301, 1650.5, 1
3302, 1651, 0
3303, 1651.5, 2
3304, 1652, 1
3305, 1652.5, 1
3306, 1653, 1
3307, 1653.5, 0
3308, 1654, 1
3309, 1654.5, 1
3310, 1655, 0
3311, 1655.5, 2
3312, 1656, 2
3313, 1656.5, 0
3314, 1657, 0
3315, 1657.5, 1
3316, 1658, 2
3317, 1658.5, 0
3318, 1659, 3
3319, 1659.5, 0
3320, 1660, 3
3321, 1660.5, 0
3322, 1661, 0
3323, 1661.5, 0
3324, 1662, 1
3325, 1662.5, 1
3326, 1663, 1
3327, 1663.5, 2
3328, 1664, 0
3329, 1664.5, 1
3330, 1665, 1
3331, 1665.5, 1
3332, 1666, 2
3333, 1666.5, 2
3334, 1667, 0
3335, 1667.5, 0
3336, 1668, 0
3337, 1668.5, 1
3338, 1669, 1
3339, 1669.5, 1
3340, 1670, 1
3341, 1670.5, 0
3342, 1671, 1
3343, 1671.5, 0
3344, 1672, 1
3345, 1672.5, 1
3346, 1673, 0
3347, 1673.5, 0
3348, 1674, 1
3349, 1674.5, 0
3350, 1675, 2
3351, 1675.5, 0
3352, 1676, 0
3353, 1676.5, 0
3354, 1677, 0
3355, 1677.5, 0
3356, 1678, 0
3357, 1678.5, 0
3358, 1679, 1
3359, 1679.5, 0
3360, 1680, 1
3361, 1680.5, 0
3362, 1681, 1
3363, 1681.5, 2
3364, 1682, 0
3365, 1682.5, 1
3366, 1683, 0
3367, 1683.5, 3
3368, 1684, 0
3369, 1684.5, 0
3370, 1685, 1
3371, 1685.5, 0
3372, 1686, 2
3373, 1686.5, 1
3374, 1687, 1
3375, 1687.5, 1
3376, 1688, 2
3377, 1688.5, 2
3378, 1689, 1
3379, 1689.5, 1
3380, 1690, 1
3381, 1690.5, 0
3382, 1691, 0
3383, 1691.5, 0
3384, 1692, 0
3385, 1692.5, 0
3386, 1693, 0
3387, 1693.5, 1
3388, 1694, 1
3389, 1694.5, 0
3390, 1695, 0
3391, 1695.5, 1
3392, 1696, 0
3393, 1696.5, 1
3394, 1697, 0
3395, 1697.5, 2
3396, 1698, 0
3397, 1698.5, 0
3398, 1699, 0
3399, 1699.5, 1
3400, 1700, 2
3401, 1700.5, 0
3402, 1701, 0
3403, 1701.5, 0
3404, 1702, 2
3405, 1702.5, 0
3406, 1703, 2
3407, 1703.5, 1
3408, 1704, 1
3409, 1704.5, 1
3410, 1705, 1
3411, 1705.5, 1
3412, 1706, 0
3413, 1706.5, 0
3414, 1707, 1
3415, 1707.5, 1
3416, 1708, 0
3417, 1708.5, 2
3418, 1709, 1
3419, 1709.5, 0
3420, 1710, 0
3421, 1710.5, 0
3422, 1711, 2
3423, 1711.5, 2
3424, 1712, 1
3425, 1712.5, 1
3426, 1713, 5
3427, 1713.5, 15
3428, 1714, 33
3429, 1714.5, 61
3430, 1715, 59
3431, 1715.5, 60
3432, 1716, 19
3433, 1716.5, 4
3434, 1717, 1
3435, 1717.5, 0
3436, 1718, 0
3437, 1718.5, 0
3438, 1719, 1
3439, 1719.5, 0
3440, 1720, 1
3441, 1720.5, 2
3442, 1721, 0
3443, 1721.5, 1
3444, 1722, 0
3445, 1722.5, 1
3446, 1723, 0
3447, 1723.5, 0
3448, 1724, 1
3449, 1724.5, 0
3450, 1725, 0
3451, 1725.5, 1
3452, 1726, 0
3453, 1726.5, 0
3454, 1727, 0
3455, 1727.5, 1
3456, 1728, 0
3457, 1728.5, 0
3458, 1729, 0
3459, 1729.5, 0
3460, 1730, 0
3461, 1730.5, 0
3462, 1731, 1
3463, 1731.5, 0
3464, 1732, 0
3465, 1732.5, 1
3466, 1733, 1
3467, 1733.5, 0
3468, 1734, 0
3469, 1734.5, 0
3470, 1735, 1
3471, 1735.5, 1
3472, 1736, 2
3473, 1736.5, 0
3474, 1737, 0
3475, 1737.5, 2
3476, 1738, 0
3477, 1738.5, 1
3478, 1739, 4
3479, 1739.5, 1
3480, 1740, 1
3481, 1740.5, 0
3482, 1741, 2
3483, 1741.5, 0
3484, 1742, 1
3485, 1742.5, 1
3486, 1743, 1
3487, 1743.5, 0
3488, 1744, 1
3489, 1744.5, 1
3490, 1745, 2
3491, 1745.5, 3
3492, 1746, 5
3493, 1746.5, 3
3494, 1747, 7
3495, 1747.5, 5
3496, 1748, 9
3497, 1748.5, 6
3498, 1749, 1
3499, 1749.5, 0
3500, 1750, 1
3501, 1750.5, 0
3502, 1751, 0
3503, 1751.5, 0
3504, 1752, 0
3505, 1752.5, 2
3506, 1753, 0
3507, 1753.5, 1
3508, 1754, 0
3509, 1754.5, 0
3510, 1755, 1
3511, 1755.5, 0
3512, 1756, 2
3513, 1756.5, 0
3514, 1757, 0
3515, 1757.5, 0
3516, 1758, 0
3517, 1758.5, 0
3518, 1759, 0
3519, 1759.5, 0
3520, 1760, 1
3521, 1760.5, 0
3522, 1761, 2
3523, 1761.5, 1
3524, 1762, 0
3525, 1762.5, 0
3526, 1763, 1
3527, 1763.5, 0
3528, 1764, 0
3529, 1764.5, 0
3530, 1765, 2
3531, 1765.5, 1
3532, 1766, 0
3533, 1766.5, 0
3534, 1767, 0
3535, 1767.5, 0
3536, 1768, 0
3537, 1768.5, 0
3538, 1769, 1
3539, 1769.5, 0
3540, 1770, 0
3541, 1770.5, 0
3542, 1771, 1
3543, 1771.5, 0
3544, 1772, 0
3545, 1772.5, 0
3546, 1773, 0
3547, 1773.5, 0
3548, 1774, 0
3549, 1774.5, 0
3550, 1775, 0
3551, 1775.5, 0
3552, 1776, 0
3553, 1776.5, 1
3554, 1777, 0
3555, 1777.5, 1
3556, 1778, 0
3557, 1778.5, 0
3558, 1779, 1
3559, 1779.5, 0
3560, 1780, 0
3561, 1780.5, 0
3562, 1781, 2
3563, 1781.5, 0
3564, 1782, 0
3565, 1782.5, 0
3566, 1783, 0
3567, 1783.5, 0
3568, 1784, 0
3569, 1784.5, 0
3570, 1785, 0
3571, 1785.5, 1
3572, 1786, 1
3573, 1786.5, 0
3574, 1787, 1
3575, 1787.5, 0
3576, 1788, 0
3577, 1788.5, 1
3578, 1789, 0
3579, 1789.5, 2
3580, 1790, 0
3581, 1790.5, 0
3582, 1791, 0
3583, 1791.5, 0
3584, 1792, 0
3585, 1792.5, 0
3586, 1793, 1
3587, 1793.5, 0
3588, 1794, 0
3589, 1794.5, 0
3590, 1795, 1
3591, 1795.5, 0
3592, 1796, 0
3593, 1796.5, 0
3594, 1797, 0
3595, 1797.5, 0
3596, 1798, 1
3597, 1798.5, 0
3598, 1799, 1
3599, 1799.5, 0
3600, 1800, 0
3601, 1800.5, 1
3602, 1801, 0
3603, 1801.5, 0
3604, 1802, 2
3605, 1802.5, 0
3606, 1803, 1
3607, 1803.5, 2
3608, 1804, 0
3609, 1804.5, 0
3610, 1805, 0
3611, 1805.5, 1
3612, 1806, 0
3613, 1806.5, 0
3614, 1807, 0
3615, 1807.5, 0
3616, 1808, 0
3617, 1808.5, 1
3618, 1809, 1
3619, 1809.5, 0
3620, 1810, 0
3621, 1810.5, 0
3622, 1811, 0
3623, 1811.5, 1
3624, 1812, 1
3625, 1812.5, 0
3626, 1813, 0
3627, 1813.5, 1
3628, 1814, 1
3629, 1814.5, 0
3630, 1815, 0
3631, 1815.5, 0
3632, 1816, 2
3633, 1816.5, 0
3634, 1817, 1
3635, 1817.5, 0
3636, 1818, 1
3637, 1818.5, 1
3638, 1819, 2
3639, 1819.5, 0
3640, 1820, 1
3641, 1820.5, 1
3642, 1821, 0
3643, 1821.5, 2
3644, 1822, 1
3645, 1822.5, 0
3646, 1823, 0
3647, 1823.5, 0
3648, 1824, 0
3649, 1824.5, 3
3650, 1825, 0
3651, 1825.5, 0
3652, 1826, 0
3653, 1826.5, 0
3654, 1827, 0
3655, 1827.5, 0
3656, 1828, 0
3657, 1828.5, 0
3658, 1829, 0
3659, 1829.5, 0
3660, 1830, 0
3661, 1830.5, 0
3662, 1831, 0
3663, 1831.5, 0
3664, 1832, 0
3665, 1832.5, 0
3666, 1833, 1
3667, 1833.5, 0
3668, 1834, 0
3669, 1834.5, 1
3670, 1835, 0
3671, 1835.5, 1
3672, 1836, 0
3673, 1836.5, 1
3674, 1837, 1
3675, 1837.5, 0
3676, 1838, 0
3677, 1838.5, 0
3678, 1839, 0
3679, 1839.5, 0
3680, 1840, 0
3681, 1840.5, 1
3682, 1841, 1
3683, 1841.5, 0
3684, 1842, 0
3685, 1842.5, 0
3686, 1843, 1
3687, 1843.5, 0
3688, 1844, 0
3689, 1844.5, 1
3690, 1845, 0
3691, 1845.5, 1
3692, 1846, 1
3693, 1846.5, 1
3694, 1847, 0
3695, 1847.5, 0
3696, 1848, 1
3697, 1848.5, 0
3698, 1849, 0
3699, 1849.5, 0
3700, 1850, 0
3701, 1850.5, 0
3702, 1851, 0
3703, 1851.5, 0
3704, 1852, 0
3705, 1852.5, 0
3706, 1853, 0
3707, 1853.5, 0
3708, 1854, 0
3709, 1854.5, 1
3710, 1855, 0
3711, 1855.5, 2
3712, 1856, 0
3713, 1856.5, 1
3714, 1857, 0
3715, 1857.5, 1
3716, 1858, 1
3717, 1858.5, 0
3718, 1859, 0
3719, 1859.5, 0
3720, 1860, 0
3721, 1860.5, 0
3722, 1861, 0
3723, 1861.5, 0
3724, 1862, 0
3725, 1862.5, 1
3726, 1863, 1
3727, 1863.5, 0
3728, 1864, 0
3729, 1864.5, 0
3730, 1865, 0
3731, 1865.5, 1
3732, 1866, 0
3733, 1866.5, 0
3734, 1867, 0
3735, 1867.5, 0
3736, 1868, 0
3737, 1868.5, 0
3738, 1869, 2
3739, 1869.5, 0
3740, 1870, 1
3741, 1870.5, 0
3742, 1871, 0
3743, 1871.5, 1
3744, 1872, 0
3745, 1872.5, 1
3746, 1873, 0
3747, 1873.5, 0
3748, 1874, 0
3749, 1874.5, 0
3750, 1875, 0
3751, 1875.5, 0
3752, 1876, 0
3753, 1876.5, 0
3754, 1877, 0
3755, 1877.5, 1
3756, 1878, 3
3757, 1878.5, 1
3758, 1879, 0
3759, 1879.5, 0
3760, 1880, 0
3761, 1880.5, 0
3762, 1881, 0
3763, 1881.5, 0
3764, 1882, 0
3765, 1882.5, 0
3766, 1883, 0
3767, 1883.5, 0
3768, 1884, 1
3769, 1884.5, 0
3770, 1885, 0
3771, 1885.5, 0
3772, 1886, 0
3773, 1886.5, 0
3774, 1887, 0
3775, 1887.5, 0
3776, 1888, 0
3777, 1888.5, 0
3778, 1889, 0
3779, 1889.5, 1
3780, 1890, 1
3781, 1890.5, 1
3782, 1891, 0
3783, 1891.5, 0
3784, 1892, 0
3785, 1892.5, 0
3786, 1893, 1
3787, 1893.5, 1
3788, 1894, 0
3789, 1894.5, 0
3790, 1895, 0
3791, 1895.5, 1
3792, 1896, 0
3793, 1896.5, 0
3794, 1897, 0
3795, 1897.5, 0
3796, 1898, 0
3797, 1898.5, 0
3798, 1899, 0
3799, 1899.5, 0
3800, 1900, 0
3801, 1900.5, 0
3802, 1901, 0
3803, 1901.5, 0
3804, 1902, 1
3805, 1902.5, 0
3806, 1903, 0
3807, 1903.5, 0
3808, 1904, 0
3809, 1904.5, 0
3810, 1905, 0
3811, 1905.5, 0
3812, 1906, 0
3813, 1906.5, 0
3814, 1907, 0
3815, 1907.5, 0
3816, 1908, 0
3817, 1908.5, 0
3818, 1909, 1
3819, 1909.5, 0
3820, 1910, 0
3821, 1910.5, 0
3822, 1911, 0
3823, 1911.5, 1
3824, 1912, 0
3825, 1912.5, 1
3826, 1913, 1
3827, 1913.5, 0
3828, 1914, 0
3829, 1914.5, 0
3830, 1915, 0
3831, 1915.5, 0
3832, 1916, 0
3833, 1916.5, 0
3834, 1917, 0
3835, 1917.5, 1
3836, 1918, 1
3837, 1918.5, 1
3838, 1919, 1
3839, 1919.5, 0
3840, 1920, 0
3841, 1920.5, 1
3842, 1921, 0
3843, 1921.5, 0
3844, 1922, 1
3845, 1922.5, 0
3846, 1923, 0
3847, 1923.5, 0
3848, 1924, 0
3849, 1924.5, 1
3850, 1925, 0
3851, 1925.5, 0
3852, 1926, 1
3853, 1926.5, 0
3854, 1927, 0
3855, 1927.5, 0
3856, 1928, 1
3857, 1928.5, 1
3858, 1929, 0
3859, 1929.5, 1
3860, 1930, 0
3861, 1930.5, 2
3862, 1931, 0
3863, 1931.5, 0
3864, 1932, 0
3865, 1932.5, 0
3866, 1933, 1
3867, 1933.5, 0
3868, 1934, 0
3869, 1934.5, 0
3870, 1935, 0
3871, 1935.5, 1
3872, 1936, 0
3873, 1936.5, 0
3874, 1937, 0
3875, 1937.5, 1
3876, 1938, 0
3877, 1938.5, 1
3878, 1939, 0
3879, 1939.5, 0
3880, 1940, 0
3881, 1940.5, 0
3882, 1941, 1
3883, 1941.5, 0
3884, 1942, 0
3885, 1942.5, 1
3886, 1943, 0
3887, 1943.5, 0
3888, 1944, 0
3889, 1944.5, 1
3890, 1945, 0
3891, 1945.5, 1
3892, 1946, 1
3893, 1946.5, 0
3894, 1947, 0
3895, 1947.5, 1
3896, 1948, 1
3897, 1948.5, 0
3898, 1949, 0
3899, 1949.5, 0
3900, 1950, 0
3901, 1950.5, 1
3902, 1951, 0
3903, 1951.5, 0
3904, 1952, 1
3905, 1952.5, 0
3906, 1953, 0
3907, 1953.5, 0
3908, 1954, 0
3909, 1954.5, 0
3910, 1955, 0
3911, 1955.5, 0
3912, 1956, 0
3913, 1956.5, 0
3914, 1957, 0
3915, 1957.5, 0
3916, 1958, 1
3917, 1958.5, 0
3918, 1959, 1
3919, 1959.5, 0
3920, 1960, 0
3921, 1960.5, 1
3922, 1961, 0
3923, 1961.5, 0
3924, 1962, 1
3925, 1962.5, 0
3926, 1963, 0
3927, 1963.5, 0
3928, 1964, 0
3929, 1964.5, 1
3930, 1965, 0
3931, 1965.5, 0
3932, 1966, 1
3933, 1966.5, 0
3934, 1967, 0
3935, 1967.5, 1
3936, 1968, 0
3937, 1968.5, 0
3938, 1969, 0
3939, 1969.5, 1
3940, 1970, 0
3941, 1970.5, 0
3942, 1971, 0
3943, 1971.5, 0
3944, 1972, 0
3945, 1972.5, 0
3946, 1973, 0
3947, 1973.5, 0
3948, 1974, 0
3949, 1974.5, 1
3950, 1975, 1
3951, 1975.5, 0
3952, 1976, 0
3953, 1976.5, 0
3954, 1977, 2
3955, 1977.5, 0
3956, 1978, 0
3957, 1978.5, 1
3958, 1979, 0
3959, 1979.5, 0
3960, 1980, 0
3961, 1980.5, 0
3962, 1981, 1
3963, 1981.5, 0
3964, 1982, 0
3965, 1982.5, 0
3966, 1983, 0
3967, 1983.5, 0
3968, 1984, 1
3969, 1984.5, 1
3970, 1985, 1
3971, 1985.5, 0
3972, 1986, 2
3973, 1986.5, 0
3974, 1987, 0
3975, 1987.5, 0
3976, 1988, 1
3977, 1988.5, 0
3978, 1989, 0
3979, 1989.5, 0
3980, 1990, 0
3981, 1990.5, 0
3982, 1991, 0
3983, 1991.5, 0
3984, 1992, 1
3985, 1992.5, 1
3986, 1993, 0
3987, 1993.5, 0
3988, 1994, 1
3989, 1994.5, 1
3990, 1995, 1
3991, 1995.5, 0
3992, 1996, 0
3993, 1996.5, 0
3994, 1997, 0
3995, 1997.5, 0
3996, 1998, 0
3997, 1998.5, 0
3998, 1999, 0
3999, 1999.5, 1
4000, 2000, 0
4001, 2000.5, 0
4002, 2001, 0
4003, 2001.5, 0
4004, 2002, 0
4005, 2002.5, 0
4006, 2003, 0
4007, 2003.5, 0
4008, 2004, 0
4009, 2004.5, 0
4010, 2005, 1
4011, 2005.5, 0
4012, 2006, 0
4013, 2006.5, 1
4014, 2007, 0
4015, 2007.5, 1
4016, 2008, 0
4017, 2008.5, 1
4018, 2009, 0
4019, 2009.5, 0
4020, 2010, 1
4021, 2010.5, 1
4022, 2011, 0
4023, 2011.5, 0
4024, 2012, 0
4025, 2012.5, 0
4026, 2013, 0
4027, 2013.5, 0
4028, 2014, 0
4029, 2014.5, 0
4030, 2015, 0
4031, 2015.5, 0
4032, 2016, 0
4033, 2016.5, 0
4034, 2017, 0
4035, 2017.5, 0
4036, 2018, 0
4037, 2018.5, 0
4038, 2019, 1
4039, 2019.5, 0
4040, 2020, 0
4041, 2020.5, 1
4042, 2021, 1
4043, 2021.5, 1
4044, 2022, 0
4045, 2022.5, 1
4046, 2023, 0
4047, 2023.5, 1
4048, 2024, 1
4049, 2024.5, 0
4050, 2025, 0
4051, 2025.5, 0
4052, 2026, 0
4053, 2026.5, 0
4054, 2027, 0
4055, 2027.5, 0
4056, 2028, 1
4057, 2028.5, 0
4058, 2029, 0
4059, 2029.5, 0
4060, 2030, 0
4061, 2030.5, 0
4062, 2031, 0
4063, 2031.5, 0
4064, 2032, 0
4065, 2032.5, 0
4066, 2033, 0
4067, 2033.5, 0
4068, 2034, 0
4069, 2034.5, 0
4070, 2035, 0
4071, 2035.5, 0
4072, 2036, 0
4073, 2036.5, 0
4074, 2037, 0
4075, 2037.5, 1
4076, 2038, 0
4077, 2038.5, 0
4078, 2039, 0
4079, 2039.5, 0
4080, 2040, 0
4081, 2040.5, 0
4082, 2041, 0
4083, 2041.5, 0
4084, 2042, 0
4085, 2042.5, 1
4086, 2043, 0
4087, 2043.5, 0
4088, 2044, 0
4089, 2044.5, 0
4090, 2045, 0
4091, 2045.5, 0
4092, 2046, 1
4093, 2046.5, 0
4094, 2047, 1
4095, 2047.5, 0
4096, 2048, 0
