Start Time, Oct. 18, 2018 at 03:15:26 PM
Energy calibration,  Offset: 0, Slope: 0.5, Quadratic: 0
Live Time (s), 7245.82
Real Time (s), 7276.64
Elapsed Computational, 0
Spectrum
Channel, Energy (keV), Counts
1, 0.5, 69
2, 1, 20725
3, 1.5, 1331
4, 2, 354
5, 2.5, 978
6, 3, 3827
7, 3.5, 3575
8, 4, 3167
9, 4.5, 2967
10, 5, 2805
11, 5.5, 2573
12, 6, 3023
13, 6.5, 2568
14, 7, 2141
15, 7.5, 2004
16, 8, 1813
17, 8.5, 1702
18, 9, 1699
19, 9.5, 1613
20, 10, 1623
21, 10.5, 1577
22, 11, 1523
23, 11.5, 1481
24, 12, 1444
25, 12.5, 1438
26, 13, 1441
27, 13.5, 1366
28, 14, 1340
29, 14.5, 1310
30, 15, 1333
31, 15.5, 1280
32, 16, 1250
33, 16.5, 1242
34, 17, 1248
35, 17.5, 1224
36, 18, 1219
37, 18.5, 1194
38, 19, 1179
39, 19.5, 1179
40, 20, 1095
41, 20.5, 1111
42, 21, 1124
43, 21.5, 1118
44, 22, 1068
45, 22.5, 1076
46, 23, 1036
47, 23.5, 1085
48, 24, 1085
49, 24.5, 1071
50, 25, 1113
51, 25.5, 1018
52, 26, 1036
53, 26.5, 1019
54, 27, 1026
55, 27.5, 1074
56, 28, 1072
57, 28.5, 1046
58, 29, 1037
59, 29.5, 1038
60, 30, 1046
61, 30.5, 1051
62, 31, 1039
63, 31.5, 1031
64, 32, 1090
65, 32.5, 992
66, 33, 1096
67, 33.5, 1078
68, 34, 1067
69, 34.5, 1016
70, 35, 1049
71, 35.5, 1122
72, 36, 1111
73, 36.5, 1119
74, 37, 1089
75, 37.5, 1136
76, 38, 1166
77, 38.5, 1100
78, 39, 1217
79, 39.5, 1231
80, 40, 1167
81, 40.5, 1257
82, 41, 1340
83, 41.5, 1299
84, 42, 1300
85, 42.5, 1353
86, 43, 1375
87, 43.5, 1415
88, 44, 1391
89, 44.5, 1441
90, 45, 1416
91, 45.5, 1469
92, 46, 1562
93, 46.5, 1548
94, 47, 1640
95, 47.5, 1769
96, 48, 2151
97, 48.5, 1765
98, 49, 2264
99, 49.5, 2623
100, 50, 1814
101, 50.5, 1997
102, 51, 2021
103, 51.5, 1787
104, 52, 1903
105, 52.5, 1880
106, 53, 1792
107, 53.5, 1896
108, 54, 1898
109, 54.5, 1991
110, 55, 1963
111, 55.5, 2287
112, 56, 2394
113, 56.5, 2047
114, 57, 2141
115, 57.5, 2285
116, 58, 2100
117, 58.5, 1951
118, 59, 2139
119, 59.5, 1961
120, 60, 1953
121, 60.5, 2055
122, 61, 2283
123, 61.5, 2187
124, 62, 2042
125, 62.5, 1985
126, 63, 2075
127, 63.5, 2016
128, 64, 2055
129, 64.5, 2113
130, 65, 2144
131, 65.5, 2144
132, 66, 2113
133, 66.5, 2047
134, 67, 2101
135, 67.5, 2104
136, 68, 2084
137, 68.5, 2073
138, 69, 2162
139, 69.5, 2137
140, 70, 2071
141, 70.5, 2092
142, 71, 2192
143, 71.5, 2196
144, 72, 2160
145, 72.5, 2144
146, 73, 2176
147, 73.5, 2164
148, 74, 2061
149, 74.5, 2151
150, 75, 2189
151, 75.5, 2139
152, 76, 2172
153, 76.5, 2124
154, 77, 2017
155, 77.5, 2129
156, 78, 2102
157, 78.5, 2113
158, 79, 2158
159, 79.5, 2117
160, 80, 2078
161, 80.5, 2182
162, 81, 2124
163, 81.5, 2148
164, 82, 2215
165, 82.5, 2106
166, 83, 2059
167, 83.5, 2045
168, 84, 2168
169, 84.5, 2239
170, 85, 2168
171, 85.5, 2033
172, 86, 2096
173, 86.5, 2049
174, 87, 2103
175, 87.5, 2028
176, 88, 2128
177, 88.5, 2017
178, 89, 1984
179, 89.5, 1967
180, 90, 1930
181, 90.5, 1987
182, 91, 2093
183, 91.5, 1929
184, 92, 1970
185, 92.5, 1995
186, 93, 1928
187, 93.5, 1909
188, 94, 1914
189, 94.5, 1956
190, 95, 1864
191, 95.5, 1890
192, 96, 1887
193, 96.5, 1852
194, 97, 1907
195, 97.5, 1829
196, 98, 1870
197, 98.5, 1810
198, 99, 1773
199, 99.5, 1839
200, 100, 1768
201, 100.5, 1725
202, 101, 1826
203, 101.5, 1779
204, 102, 1737
205, 102.5, 1670
206, 103, 1795
207, 103.5, 1657
208, 104, 1721
209, 104.5, 1733
210, 105, 1697
211, 105.5, 1709
212, 106, 1625
213, 106.5, 1682
214, 107, 1536
215, 107.5, 1651
216, 108, 1569
217, 108.5, 1604
218, 109, 1643
219, 109.5, 1571
220, 110, 1572
221, 110.5, 1530
222, 111, 1617
223, 111.5, 1513
224, 112, 1552
225, 112.5, 1542
226, 113, 1563
227, 113.5, 1471
228, 114, 1533
229, 114.5, 1545
230, 115, 1520
231, 115.5, 1497
232, 116, 1526
233, 116.5, 1492
234, 117, 1456
235, 117.5, 1505
236, 118, 1470
237, 118.5, 1416
238, 119, 1405
239, 119.5, 1426
240, 120, 1394
241, 120.5, 1443
242, 121, 1378
243, 121.5, 1477
244, 122, 1641
245, 122.5, 1546
246, 123, 1432
247, 123.5, 1327
248, 124, 1335
249, 124.5, 1345
250, 125, 1299
251, 125.5, 1290
252, 126, 1361
253, 126.5, 1338
254, 127, 1227
255, 127.5, 1324
256, 128, 1251
257, 128.5, 1217
258, 129, 1251
259, 129.5, 1255
260, 130, 1318
261, 130.5, 1242
262, 131, 1267
263, 131.5, 1247
264, 132, 1226
265, 132.5, 1197
266, 133, 1222
267, 133.5, 1258
268, 134, 1219
269, 134.5, 1235
270, 135, 1158
271, 135.5, 1176
272, 136, 1196
273, 136.5, 1212
274, 137, 1230
275, 137.5, 1316
276, 138, 1161
277, 138.5, 1091
278, 139, 1103
279, 139.5, 1096
280, 140, 1090
281, 140.5, 1109
282, 141, 1078
283, 141.5, 1063
284, 142, 1076
285, 142.5, 1143
286, 143, 1056
287, 143.5, 1045
288, 144, 1118
289, 144.5, 1032
290, 145, 1056
291, 145.5, 1108
292, 146, 1090
293, 146.5, 1027
294, 147, 1059
295, 147.5, 1016
296, 148, 1014
297, 148.5, 1025
298, 149, 977
299, 149.5, 961
300, 150, 1020
301, 150.5, 975
302, 151, 1017
303, 151.5, 1015
304, 152, 962
305, 152.5, 974
306, 153, 910
307, 153.5, 962
308, 154, 984
309, 154.5, 973
310, 155, 1016
311, 155.5, 926
312, 156, 1054
313, 156.5, 2460
314, 157, 2601
315, 157.5, 1044
316, 158, 970
317, 158.5, 1122
318, 159, 1290
319, 159.5, 937
320, 160, 836
321, 160.5, 837
322, 161, 775
323, 161.5, 762
324, 162, 793
325, 162.5, 797
326, 163, 785
327, 163.5, 734
328, 164, 797
329, 164.5, 725
330, 165, 775
331, 165.5, 794
332, 166, 807
333, 166.5, 787
334, 167, 751
335, 167.5, 792
336, 168, 727
337, 168.5, 778
338, 169, 794
339, 169.5, 721
340, 170, 759
341, 170.5, 716
342, 171, 677
343, 171.5, 731
344, 172, 694
345, 172.5, 739
346, 173, 665
347, 173.5, 692
348, 174, 655
349, 174.5, 681
350, 175, 670
351, 175.5, 698
352, 176, 721
353, 176.5, 683
354, 177, 791
355, 177.5, 820
356, 178, 733
357, 178.5, 670
358, 179, 638
359, 179.5, 633
360, 180, 670
361, 180.5, 656
362, 181, 644
363, 181.5, 650
364, 182, 750
365, 182.5, 686
366, 183, 636
367, 183.5, 660
368, 184, 604
369, 184.5, 604
370, 185, 601
371, 185.5, 650
372, 186, 609
373, 186.5, 597
374, 187, 589
375, 187.5, 648
376, 188, 622
377, 188.5, 633
378, 189, 637
379, 189.5, 583
380, 190, 573
381, 190.5, 600
382, 191, 559
383, 191.5, 634
384, 192, 595
385, 192.5, 574
386, 193, 614
387, 193.5, 1052
388, 194, 1412
389, 194.5, 713
390, 195, 525
391, 195.5, 558
392, 196, 584
393, 196.5, 589
394, 197, 709
395, 197.5, 580
396, 198, 556
397, 198.5, 498
398, 199, 556
399, 199.5, 525
400, 200, 523
401, 200.5, 536
402, 201, 498
403, 201.5, 529
404, 202, 510
405, 202.5, 474
406, 203, 504
407, 203.5, 472
408, 204, 529
409, 204.5, 526
410, 205, 474
411, 205.5, 480
412, 206, 542
413, 206.5, 494
414, 207, 507
415, 207.5, 501
416, 208, 505
417, 208.5, 487
418, 209, 473
419, 209.5, 465
420, 210, 479
421, 210.5, 532
422, 211, 519
423, 211.5, 493
424, 212, 440
425, 212.5, 486
426, 213, 495
427, 213.5, 477
428, 214, 439
429, 214.5, 426
430, 215, 514
431, 215.5, 605
432, 216, 454
433, 216.5, 470
434, 217, 408
435, 217.5, 445
436, 218, 428
437, 218.5, 453
438, 219, 471
439, 219.5, 419
440, 220, 431
441, 220.5, 457
442, 221, 416
443, 221.5, 484
444, 222, 892
445, 222.5, 778
446, 223, 454
447, 223.5, 454
448, 224, 444
449, 224.5, 457
450, 225, 414
451, 225.5, 424
452, 226, 427
453, 226.5, 413
454, 227, 431
455, 227.5, 388
456, 228, 374
457, 228.5, 381
458, 229, 397
459, 229.5, 381
460, 230, 427
461, 230.5, 764
462, 231, 2059
463, 231.5, 1290
464, 232, 436
465, 232.5, 373
466, 233, 363
467, 233.5, 356
468, 234, 365
469, 234.5, 365
470, 235, 398
471, 235.5, 383
472, 236, 386
473, 236.5, 336
474, 237, 323
475, 237.5, 397
476, 238, 345
477, 238.5, 345
478, 239, 383
479, 239.5, 333
480, 240, 348
481, 240.5, 331
482, 241, 337
483, 241.5, 331
484, 242, 340
485, 242.5, 368
486, 243, 316
487, 243.5, 330
488, 244, 346
489, 244.5, 334
490, 245, 306
491, 245.5, 312
492, 246, 342
493, 246.5, 370
494, 247, 330
495, 247.5, 339
496, 248, 353
497, 248.5, 342
498, 249, 314
499, 249.5, 368
500, 250, 325
501, 250.5, 332
502, 251, 317
503, 251.5, 327
504, 252, 304
505, 252.5, 305
506, 253, 341
507, 253.5, 268
508, 254, 364
509, 254.5, 339
510, 255, 291
511, 255.5, 318
512, 256, 329
513, 256.5, 332
514, 257, 334
515, 257.5, 328
516, 258, 302
517, 258.5, 305
518, 259, 327
519, 259.5, 293
520, 260, 325
521, 260.5, 308
522, 261, 267
523, 261.5, 310
524, 262, 294
525, 262.5, 325
526, 263, 310
527, 263.5, 287
528, 264, 301
529, 264.5, 303
530, 265, 274
531, 265.5, 279
532, 266, 299
533, 266.5, 311
534, 267, 294
535, 267.5, 278
536, 268, 291
537, 268.5, 327
538, 269, 372
539, 269.5, 334
540, 270, 291
541, 270.5, 297
542, 271, 252
543, 271.5, 288
544, 272, 286
545, 272.5, 269
546, 273, 278
547, 273.5, 283
548, 274, 292
549, 274.5, 267
550, 275, 281
551, 275.5, 294
552, 276, 296
553, 276.5, 290
554, 277, 259
555, 277.5, 294
556, 278, 268
557, 278.5, 279
558, 279, 270
559, 279.5, 286
560, 280, 275
561, 280.5, 295
562, 281, 262
563, 281.5, 257
564, 282, 295
565, 282.5, 263
566, 283, 246
567, 283.5, 257
568, 284, 247
569, 284.5, 238
570, 285, 280
571, 285.5, 252
572, 286, 242
573, 286.5, 267
574, 287, 274
575, 287.5, 262
576, 288, 278
577, 288.5, 263
578, 289, 253
579, 289.5, 272
580, 290, 232
581, 290.5, 243
582, 291, 225
583, 291.5, 231
584, 292, 284
585, 292.5, 256
586, 293, 248
587, 293.5, 242
588, 294, 258
589, 294.5, 248
590, 295, 272
591, 295.5, 247
592, 296, 228
593, 296.5, 261
594, 297, 240
595, 297.5, 258
596, 298, 255
597, 298.5, 249
598, 299, 231
599, 299.5, 244
600, 300, 241
601, 300.5, 231
602, 301, 217
603, 301.5, 245
604, 302, 230
605, 302.5, 233
606, 303, 232
607, 303.5, 276
608, 304, 394
609, 304.5, 317
610, 305, 221
611, 305.5, 243
612, 306, 241
613, 306.5, 219
614, 307, 220
615, 307.5, 231
616, 308, 209
617, 308.5, 228
618, 309, 220
619, 309.5, 218
620, 310, 211
621, 310.5, 229
622, 311, 219
623, 311.5, 231
624, 312, 204
625, 312.5, 237
626, 313, 200
627, 313.5, 238
628, 314, 237
629, 314.5, 216
630, 315, 192
631, 315.5, 241
632, 316, 228
633, 316.5, 215
634, 317, 199
635, 317.5, 205
636, 318, 214
637, 318.5, 215
638, 319, 223
639, 319.5, 213
640, 320, 211
641, 320.5, 216
642, 321, 205
643, 321.5, 211
644, 322, 197
645, 322.5, 217
646, 323, 211
647, 323.5, 191
648, 324, 217
649, 324.5, 187
650, 325, 220
651, 325.5, 204
652, 326, 223
653, 326.5, 189
654, 327, 224
655, 327.5, 210
656, 328, 219
657, 328.5, 202
658, 329, 181
659, 329.5, 199
660, 330, 203
661, 330.5, 199
662, 331, 192
663, 331.5, 191
664, 332, 210
665, 332.5, 212
666, 333, 185
667, 333.5, 209
668, 334, 238
669, 334.5, 281
670, 335, 487
671, 335.5, 579
672, 336, 360
673, 336.5, 256
674, 337, 212
675, 337.5, 215
676, 338, 201
677, 338.5, 205
678, 339, 197
679, 339.5, 198
680, 340, 187
681, 340.5, 195
682, 341, 193
683, 341.5, 184
684, 342, 195
685, 342.5, 200
686, 343, 196
687, 343.5, 198
688, 344, 169
689, 344.5, 196
690, 345, 179
691, 345.5, 206
692, 346, 190
693, 346.5, 188
694, 347, 175
695, 347.5, 180
696, 348, 183
697, 348.5, 182
698, 349, 163
699, 349.5, 196
700, 350, 171
701, 350.5, 194
702, 351, 164
703, 351.5, 188
704, 352, 171
705, 352.5, 195
706, 353, 196
707, 353.5, 163
708, 354, 163
709, 354.5, 192
710, 355, 175
711, 355.5, 185
712, 356, 193
713, 356.5, 185
714, 357, 183
715, 357.5, 166
716, 358, 165
717, 358.5, 176
718, 359, 165
719, 359.5, 188
720, 360, 180
721, 360.5, 151
722, 361, 176
723, 361.5, 194
724, 362, 171
725, 362.5, 171
726, 363, 164
727, 363.5, 165
728, 364, 163
729, 364.5, 164
730, 365, 167
731, 365.5, 193
732, 366, 188
733, 366.5, 161
734, 367, 148
735, 367.5, 174
736, 368, 145
737, 368.5, 180
738, 369, 181
739, 369.5, 188
740, 370, 158
741, 370.5, 153
742, 371, 156
743, 371.5, 164
744, 372, 148
745, 372.5, 153
746, 373, 156
747, 373.5, 182
748, 374, 175
749, 374.5, 162
750, 375, 174
751, 375.5, 177
752, 376, 169
753, 376.5, 178
754, 377, 161
755, 377.5, 142
756, 378, 158
757, 378.5, 188
758, 379, 180
759, 379.5, 153
760, 380, 159
761, 380.5, 182
762, 381, 186
763, 381.5, 162
764, 382, 268
765, 382.5, 897
766, 383, 1202
767, 383.5, 418
768, 384, 168
769, 384.5, 150
770, 385, 153
771, 385.5, 152
772, 386, 171
773, 386.5, 155
774, 387, 153
775, 387.5, 157
776, 388, 166
777, 388.5, 132
778, 389, 136
779, 389.5, 171
780, 390, 163
781, 390.5, 139
782, 391, 159
783, 391.5, 158
784, 392, 165
785, 392.5, 142
786, 393, 154
787, 393.5, 135
788, 394, 143
789, 394.5, 153
790, 395, 144
791, 395.5, 146
792, 396, 134
793, 396.5, 135
794, 397, 153
795, 397.5, 144
796, 398, 147
797, 398.5, 164
798, 399, 225
799, 399.5, 833
800, 400, 1773
801, 400.5, 787
802, 401, 172
803, 401.5, 149
804, 402, 127
805, 402.5, 122
806, 403, 151
807, 403.5, 143
808, 404, 129
809, 404.5, 148
810, 405, 146
811, 405.5, 130
812, 406, 145
813, 406.5, 133
814, 407, 125
815, 407.5, 137
816, 408, 129
817, 408.5, 118
818, 409, 131
819, 409.5, 132
820, 410, 135
821, 410.5, 134
822, 411, 129
823, 411.5, 114
824, 412, 142
825, 412.5, 147
826, 413, 133
827, 413.5, 113
828, 414, 138
829, 414.5, 121
830, 415, 132
831, 415.5, 157
832, 416, 119
833, 416.5, 130
834, 417, 133
835, 417.5, 113
836, 418, 120
837, 418.5, 114
838, 419, 126
839, 419.5, 137
840, 420, 120
841, 420.5, 116
842, 421, 127
843, 421.5, 117
844, 422, 141
845, 422.5, 108
846, 423, 131
847, 423.5, 120
848, 424, 111
849, 424.5, 145
850, 425, 147
851, 425.5, 136
852, 426, 104
853, 426.5, 138
854, 427, 97
855, 427.5, 106
856, 428, 119
857, 428.5, 116
858, 429, 114
859, 429.5, 118
860, 430, 141
861, 430.5, 117
862, 431, 122
863, 431.5, 130
864, 432, 108
865, 432.5, 112
866, 433, 139
867, 433.5, 126
868, 434, 173
869, 434.5, 186
870, 435, 132
871, 435.5, 124
872, 436, 129
873, 436.5, 145
874, 437, 188
875, 437.5, 164
876, 438, 133
877, 438.5, 106
878, 439, 134
879, 439.5, 126
880, 440, 133
881, 440.5, 114
882, 441, 120
883, 441.5, 137
884, 442, 114
885, 442.5, 149
886, 443, 104
887, 443.5, 121
888, 444, 129
889, 444.5, 130
890, 445, 121
891, 445.5, 115
892, 446, 123
893, 446.5, 131
894, 447, 116
895, 447.5, 114
896, 448, 114
897, 448.5, 125
898, 449, 115
899, 449.5, 123
900, 450, 122
901, 450.5, 131
902, 451, 126
903, 451.5, 110
904, 452, 124
905, 452.5, 137
906, 453, 121
907, 453.5, 124
908, 454, 137
909, 454.5, 114
910, 455, 121
911, 455.5, 110
912, 456, 127
913, 456.5, 108
914, 457, 118
915, 457.5, 107
916, 458, 108
917, 458.5, 111
918, 459, 100
919, 459.5, 100
920, 460, 114
921, 460.5, 138
922, 461, 123
923, 461.5, 131
924, 462, 131
925, 462.5, 124
926, 463, 113
927, 463.5, 116
928, 464, 107
929, 464.5, 138
930, 465, 118
931, 465.5, 116
932, 466, 106
933, 466.5, 118
934, 467, 125
935, 467.5, 115
936, 468, 105
937, 468.5, 104
938, 469, 112
939, 469.5, 108
940, 470, 107
941, 470.5, 103
942, 471, 109
943, 471.5, 109
944, 472, 132
945, 472.5, 126
946, 473, 109
947, 473.5, 108
948, 474, 107
949, 474.5, 126
950, 475, 109
951, 475.5, 104
952, 476, 104
953, 476.5, 116
954, 477, 267
955, 477.5, 352
956, 478, 198
957, 478.5, 113
958, 479, 114
959, 479.5, 94
960, 480, 119
961, 480.5, 122
962, 481, 136
963, 481.5, 113
964, 482, 117
965, 482.5, 98
966, 483, 91
967, 483.5, 89
968, 484, 102
969, 484.5, 127
970, 485, 113
971, 485.5, 110
972, 486, 116
973, 486.5, 117
974, 487, 99
975, 487.5, 133
976, 488, 108
977, 488.5, 104
978, 489, 97
979, 489.5, 98
980, 490, 111
981, 490.5, 97
982, 491, 108
983, 491.5, 104
984, 492, 88
985, 492.5, 108
986, 493, 125
987, 493.5, 97
988, 494, 104
989, 494.5, 115
990, 495, 105
991, 495.5, 120
992, 496, 125
993, 496.5, 122
994, 497, 103
995, 497.5, 110
996, 498, 87
997, 498.5, 95
998, 499, 91
999, 499.5, 95
1000, 500, 93
1001, 500.5, 102
1002, 501, 114
1003, 501.5, 122
1004, 502, 104
1005, 502.5, 97
1006, 503, 118
1007, 503.5, 114
1008, 504, 211
1009, 504.5, 241
1010, 505, 142
1011, 505.5, 83
1012, 506, 98
1013, 506.5, 123
1014, 507, 131
1015, 507.5, 109
1016, 508, 103
1017, 508.5, 84
1018, 509, 101
1019, 509.5, 93
1020, 510, 107
1021, 510.5, 90
1022, 511, 91
1023, 511.5, 108
1024, 512, 101
1025, 512.5, 102
1026, 513, 105
1027, 513.5, 105
1028, 514, 116
1029, 514.5, 98
1030, 515, 91
1031, 515.5, 150
1032, 516, 144
1033, 516.5, 126
1034, 517, 88
1035, 517.5, 109
1036, 518, 87
1037, 518.5, 86
1038, 519, 94
1039, 519.5, 108
1040, 520, 92
1041, 520.5, 99
1042, 521, 113
1043, 521.5, 166
1044, 522, 206
1045, 522.5, 125
1046, 523, 108
1047, 523.5, 80
1048, 524, 86
1049, 524.5, 75
1050, 525, 82
1051, 525.5, 98
1052, 526, 89
1053, 526.5, 84
1054, 527, 69
1055, 527.5, 96
1056, 528, 84
1057, 528.5, 108
1058, 529, 100
1059, 529.5, 115
1060, 530, 96
1061, 530.5, 88
1062, 531, 89
1063, 531.5, 80
1064, 532, 78
1065, 532.5, 105
1066, 533, 94
1067, 533.5, 92
1068, 534, 80
1069, 534.5, 82
1070, 535, 88
1071, 535.5, 93
1072, 536, 98
1073, 536.5, 94
1074, 537, 101
1075, 537.5, 74
1076, 538, 85
1077, 538.5, 93
1078, 539, 91
1079, 539.5, 79
1080, 540, 81
1081, 540.5, 79
1082, 541, 83
1083, 541.5, 80
1084, 542, 88
1085, 542.5, 79
1086, 543, 79
1087, 543.5, 86
1088, 544, 66
1089, 544.5, 74
1090, 545, 101
1091, 545.5, 86
1092, 546, 85
1093, 546.5, 91
1094, 547, 90
1095, 547.5, 95
1096, 548, 94
1097, 548.5, 123
1098, 549, 115
1099, 549.5, 87
1100, 550, 84
1101, 550.5, 105
1102, 551, 98
1103, 551.5, 117
1104, 552, 124
1105, 552.5, 71
1106, 553, 77
1107, 553.5, 72
1108, 554, 80
1109, 554.5, 66
1110, 555, 84
1111, 555.5, 85
1112, 556, 88
1113, 556.5, 81
1114, 557, 83
1115, 557.5, 82
1116, 558, 68
1117, 558.5, 87
1118, 559, 77
1119, 559.5, 81
1120, 560, 84
1121, 560.5, 72
1122, 561, 84
1123, 561.5, 89
1124, 562, 73
1125, 562.5, 79
1126, 563, 77
1127, 563.5, 88
1128, 564, 102
1129, 564.5, 172
1130, 565, 212
1131, 565.5, 113
1132, 566, 80
1133, 566.5, 80
1134, 567, 75
1135, 567.5, 81
1136, 568, 69
1137, 568.5, 95
1138, 569, 76
1139, 569.5, 96
1140, 570, 69
1141, 570.5, 84
1142, 571, 82
1143, 571.5, 83
1144, 572, 80
1145, 572.5, 79
1146, 573, 71
1147, 573.5, 84
1148, 574, 75
1149, 574.5, 100
1150, 575, 65
1151, 575.5, 74
1152, 576, 68
1153, 576.5, 87
1154, 577, 86
1155, 577.5, 72
1156, 578, 102
1157, 578.5, 93
1158, 579, 83
1159, 579.5, 74
1160, 580, 83
1161, 580.5, 70
1162, 581, 71
1163, 581.5, 79
1164, 582, 74
1165, 582.5, 86
1166, 583, 86
1167, 583.5, 86
1168, 584, 92
1169, 584.5, 75
1170, 585, 85
1171, 585.5, 85
1172, 586, 75
1173, 586.5, 89
1174, 587, 86
1175, 587.5, 76
1176, 588, 91
1177, 588.5, 73
1178, 589, 75
1179, 589.5, 80
1180, 590, 70
1181, 590.5, 78
1182, 591, 79
1183, 591.5, 78
1184, 592, 83
1185, 592.5, 100
1186, 593, 94
1187, 593.5, 108
1188, 594, 100
1189, 594.5, 87
1190, 595, 73
1191, 595.5, 89
1192, 596, 75
1193, 596.5, 84
1194, 597, 105
1195, 597.5, 424
1196, 598, 846
1197, 598.5, 558
1198, 599, 160
1199, 599.5, 85
1200, 600, 68
1201, 600.5, 54
1202, 601, 92
1203, 601.5, 69
1204, 602, 86
1205, 602.5, 71
1206, 603, 72
1207, 603.5, 78
1208, 604, 77
1209, 604.5, 66
1210, 605, 74
1211, 605.5, 52
1212, 606, 57
1213, 606.5, 65
1214, 607, 75
1215, 607.5, 82
1216, 608, 82
1217, 608.5, 80
1218, 609, 63
1219, 609.5, 71
1220, 610, 81
1221, 610.5, 86
1222, 611, 77
1223, 611.5, 63
1224, 612, 71
1225, 612.5, 115
1226, 613, 125
1227, 613.5, 108
1228, 614, 70
1229, 614.5, 78
1230, 615, 59
1231, 615.5, 64
1232, 616, 70
1233, 616.5, 68
1234, 617, 68
1235, 617.5, 88
1236, 618, 78
1237, 618.5, 83
1238, 619, 59
1239, 619.5, 80
1240, 620, 64
1241, 620.5, 64
1242, 621, 79
1243, 621.5, 75
1244, 622, 80
1245, 622.5, 76
1246, 623, 98
1247, 623.5, 89
1248, 624, 90
1249, 624.5, 81
1250, 625, 86
1251, 625.5, 79
1252, 626, 67
1253, 626.5, 81
1254, 627, 82
1255, 627.5, 61
1256, 628, 68
1257, 628.5, 62
1258, 629, 69
1259, 629.5, 78
1260, 630, 61
1261, 630.5, 67
1262, 631, 56
1263, 631.5, 63
1264, 632, 83
1265, 632.5, 114
1266, 633, 186
1267, 633.5, 164
1268, 634, 96
1269, 634.5, 75
1270, 635, 101
1271, 635.5, 318
1272, 636, 493
1273, 636.5, 271
1274, 637, 93
1275, 637.5, 61
1276, 638, 69
1277, 638.5, 61
1278, 639, 67
1279, 639.5, 66
1280, 640, 62
1281, 640.5, 75
1282, 641, 64
1283, 641.5, 66
1284, 642, 75
1285, 642.5, 69
1286, 643, 72
1287, 643.5, 70
1288, 644, 63
1289, 644.5, 67
1290, 645, 75
1291, 645.5, 67
1292, 646, 61
1293, 646.5, 69
1294, 647, 57
1295, 647.5, 70
1296, 648, 60
1297, 648.5, 69
1298, 649, 66
1299, 649.5, 60
1300, 650, 69
1301, 650.5, 61
1302, 651, 50
1303, 651.5, 50
1304, 652, 66
1305, 652.5, 60
1306, 653, 69
1307, 653.5, 59
1308, 654, 76
1309, 654.5, 49
1310, 655, 69
1311, 655.5, 65
1312, 656, 79
1313, 656.5, 58
1314, 657, 101
1315, 657.5, 68
1316, 658, 69
1317, 658.5, 61
1318, 659, 65
1319, 659.5, 63
1320, 660, 69
1321, 660.5, 50
1322, 661, 60
1323, 661.5, 68
1324, 662, 65
1325, 662.5, 65
1326, 663, 69
1327, 663.5, 64
1328, 664, 62
1329, 664.5, 62
1330, 665, 67
1331, 665.5, 67
1332, 666, 57
1333, 666.5, 62
1334, 667, 54
1335, 667.5, 70
1336, 668, 67
1337, 668.5, 59
1338, 669, 64
1339, 669.5, 68
1340, 670, 68
1341, 670.5, 49
1342, 671, 65
1343, 671.5, 56
1344, 672, 46
1345, 672.5, 43
1346, 673, 59
1347, 673.5, 70
1348, 674, 68
1349, 674.5, 59
1350, 675, 61
1351, 675.5, 64
1352, 676, 67
1353, 676.5, 53
1354, 677, 59
1355, 677.5, 67
1356, 678, 57
1357, 678.5, 80
1358, 679, 66
1359, 679.5, 69
1360, 680, 53
1361, 680.5, 52
1362, 681, 59
1363, 681.5, 60
1364, 682, 60
1365, 682.5, 68
1366, 683, 62
1367, 683.5, 53
1368, 684, 71
1369, 684.5, 64
1370, 685, 69
1371, 685.5, 48
1372, 686, 64
1373, 686.5, 53
1374, 687, 65
1375, 687.5, 54
1376, 688, 63
1377, 688.5, 64
1378, 689, 69
1379, 689.5, 63
1380, 690, 67
1381, 690.5, 64
1382, 691, 61
1383, 691.5, 50
1384, 692, 70
1385, 692.5, 57
1386, 693, 63
1387, 693.5, 74
1388, 694, 59
1389, 694.5, 69
1390, 695, 68
1391, 695.5, 71
1392, 696, 55
1393, 696.5, 66
1394, 697, 62
1395, 697.5, 75
1396, 698, 65
1397, 698.5, 69
1398, 699, 71
1399, 699.5, 71
1400, 700, 63
1401, 700.5, 65
1402, 701, 47
1403, 701.5, 59
1404, 702, 79
1405, 702.5, 70
1406, 703, 72
1407, 703.5, 73
1408, 704, 58
1409, 704.5, 82
1410, 705, 79
1411, 705.5, 70
1412, 706, 61
1413, 706.5, 66
1414, 707, 87
1415, 707.5, 64
1416, 708, 85
1417, 708.5, 64
1418, 709, 74
1419, 709.5, 53
1420, 710, 67
1421, 710.5, 64
1422, 711, 72
1423, 711.5, 63
1424, 712, 58
1425, 712.5, 65
1426, 713, 66
1427, 713.5, 71
1428, 714, 54
1429, 714.5, 77
1430, 715, 78
1431, 715.5, 62
1432, 716, 65
1433, 716.5, 64
1434, 717, 67
1435, 717.5, 60
1436, 718, 67
1437, 718.5, 82
1438, 719, 71
1439, 719.5, 77
1440, 720, 65
1441, 720.5, 60
1442, 721, 69
1443, 721.5, 63
1444, 722, 64
1445, 722.5, 68
1446, 723, 66
1447, 723.5, 59
1448, 724, 62
1449, 724.5, 79
1450, 725, 64
1451, 725.5, 67
1452, 726, 64
1453, 726.5, 57
1454, 727, 61
1455, 727.5, 50
1456, 728, 73
1457, 728.5, 57
1458, 729, 81
1459, 729.5, 64
1460, 730, 54
1461, 730.5, 70
1462, 731, 81
1463, 731.5, 56
1464, 732, 77
1465, 732.5, 72
1466, 733, 66
1467, 733.5, 70
1468, 734, 96
1469, 734.5, 229
1470, 735, 417
1471, 735.5, 323
1472, 736, 124
1473, 736.5, 67
1474, 737, 65
1475, 737.5, 62
1476, 738, 67
1477, 738.5, 64
1478, 739, 67
1479, 739.5, 71
1480, 740, 50
1481, 740.5, 75
1482, 741, 66
1483, 741.5, 65
1484, 742, 64
1485, 742.5, 69
1486, 743, 59
1487, 743.5, 71
1488, 744, 77
1489, 744.5, 48
1490, 745, 63
1491, 745.5, 60
1492, 746, 58
1493, 746.5, 72
1494, 747, 56
1495, 747.5, 79
1496, 748, 72
1497, 748.5, 59
1498, 749, 75
1499, 749.5, 52
1500, 750, 75
1501, 750.5, 69
1502, 751, 56
1503, 751.5, 67
1504, 752, 76
1505, 752.5, 69
1506, 753, 77
1507, 753.5, 76
1508, 754, 72
1509, 754.5, 58
1510, 755, 58
1511, 755.5, 72
1512, 756, 65
1513, 756.5, 64
1514, 757, 68
1515, 757.5, 100
1516, 758, 88
1517, 758.5, 81
1518, 759, 76
1519, 759.5, 51
1520, 760, 54
1521, 760.5, 68
1522, 761, 75
1523, 761.5, 63
1524, 762, 62
1525, 762.5, 58
1526, 763, 66
1527, 763.5, 84
1528, 764, 71
1529, 764.5, 67
1530, 765, 75
1531, 765.5, 81
1532, 766, 58
1533, 766.5, 59
1534, 767, 73
1535, 767.5, 67
1536, 768, 68
1537, 768.5, 67
1538, 769, 70
1539, 769.5, 69
1540, 770, 62
1541, 770.5, 81
1542, 771, 69
1543, 771.5, 72
1544, 772, 60
1545, 772.5, 71
1546, 773, 67
1547, 773.5, 68
1548, 774, 69
1549, 774.5, 64
1550, 775, 82
1551, 775.5, 67
1552, 776, 58
1553, 776.5, 80
1554, 777, 71
1555, 777.5, 58
1556, 778, 75
1557, 778.5, 56
1558, 779, 60
1559, 779.5, 79
1560, 780, 81
1561, 780.5, 65
1562, 781, 76
1563, 781.5, 64
1564, 782, 69
1565, 782.5, 66
1566, 783, 73
1567, 783.5, 68
1568, 784, 48
1569, 784.5, 74
1570, 785, 65
1571, 785.5, 62
1572, 786, 70
1573, 786.5, 69
1574, 787, 73
1575, 787.5, 78
1576, 788, 71
1577, 788.5, 62
1578, 789, 57
1579, 789.5, 69
1580, 790, 86
1581, 790.5, 71
1582, 791, 69
1583, 791.5, 72
1584, 792, 89
1585, 792.5, 73
1586, 793, 79
1587, 793.5, 64
1588, 794, 69
1589, 794.5, 70
1590, 795, 71
1591, 795.5, 79
1592, 796, 60
1593, 796.5, 65
1594, 797, 71
1595, 797.5, 86
1596, 798, 76
1597, 798.5, 75
1598, 799, 75
1599, 799.5, 67
1600, 800, 82
1601, 800.5, 68
1602, 801, 62
1603, 801.5, 73
1604, 802, 77
1605, 802.5, 55
1606, 803, 59
1607, 803.5, 70
1608, 804, 61
1609, 804.5, 76
1610, 805, 75
1611, 805.5, 72
1612, 806, 72
1613, 806.5, 64
1614, 807, 74
1615, 807.5, 78
1616, 808, 69
1617, 808.5, 66
1618, 809, 88
1619, 809.5, 57
1620, 810, 63
1621, 810.5, 76
1622, 811, 79
1623, 811.5, 112
1624, 812, 166
1625, 812.5, 213
1626, 813, 120
1627, 813.5, 80
1628, 814, 64
1629, 814.5, 67
1630, 815, 69
1631, 815.5, 73
1632, 816, 54
1633, 816.5, 66
1634, 817, 78
1635, 817.5, 65
1636, 818, 81
1637, 818.5, 64
1638, 819, 68
1639, 819.5, 63
1640, 820, 47
1641, 820.5, 63
1642, 821, 45
1643, 821.5, 53
1644, 822, 58
1645, 822.5, 66
1646, 823, 62
1647, 823.5, 71
1648, 824, 43
1649, 824.5, 56
1650, 825, 60
1651, 825.5, 55
1652, 826, 52
1653, 826.5, 43
1654, 827, 45
1655, 827.5, 65
1656, 828, 60
1657, 828.5, 45
1658, 829, 44
1659, 829.5, 51
1660, 830, 51
1661, 830.5, 62
1662, 831, 55
1663, 831.5, 40
1664, 832, 43
1665, 832.5, 54
1666, 833, 49
1667, 833.5, 62
1668, 834, 49
1669, 834.5, 40
1670, 835, 48
1671, 835.5, 49
1672, 836, 54
1673, 836.5, 42
1674, 837, 51
1675, 837.5, 41
1676, 838, 53
1677, 838.5, 53
1678, 839, 48
1679, 839.5, 58
1680, 840, 59
1681, 840.5, 89
1682, 841, 70
1683, 841.5, 56
1684, 842, 39
1685, 842.5, 48
1686, 843, 40
1687, 843.5, 46
1688, 844, 44
1689, 844.5, 39
1690, 845, 54
1691, 845.5, 48
1692, 846, 44
1693, 846.5, 39
1694, 847, 49
1695, 847.5, 41
1696, 848, 48
1697, 848.5, 40
1698, 849, 42
1699, 849.5, 54
1700, 850, 42
1701, 850.5, 32
1702, 851, 44
1703, 851.5, 48
1704, 852, 39
1705, 852.5, 43
1706, 853, 42
1707, 853.5, 35
1708, 854, 39
1709, 854.5, 33
1710, 855, 38
1711, 855.5, 50
1712, 856, 51
1713, 856.5, 44
1714, 857, 46
1715, 857.5, 37
1716, 858, 45
1717, 858.5, 39
1718, 859, 39
1719, 859.5, 43
1720, 860, 35
1721, 860.5, 38
1722, 861, 33
1723, 861.5, 33
1724, 862, 35
1725, 862.5, 32
1726, 863, 32
1727, 863.5, 38
1728, 864, 54
1729, 864.5, 35
1730, 865, 47
1731, 865.5, 32
1732, 866, 34
1733, 866.5, 34
1734, 867, 36
1735, 867.5, 33
1736, 868, 40
1737, 868.5, 42
1738, 869, 35
1739, 869.5, 32
1740, 870, 38
1741, 870.5, 37
1742, 871, 36
1743, 871.5, 29
1744, 872, 33
1745, 872.5, 28
1746, 873, 38
1747, 873.5, 35
1748, 874, 37
1749, 874.5, 27
1750, 875, 25
1751, 875.5, 30
1752, 876, 21
1753, 876.5, 27
1754, 877, 25
1755, 877.5, 29
1756, 878, 25
1757, 878.5, 31
1758, 879, 24
1759, 879.5, 34
1760, 880, 34
1761, 880.5, 28
1762, 881, 23
1763, 881.5, 35
1764, 882, 27
1765, 882.5, 28
1766, 883, 31
1767, 883.5, 35
1768, 884, 27
1769, 884.5, 21
1770, 885, 26
1771, 885.5, 34
1772, 886, 37
1773, 886.5, 35
1774, 887, 24
1775, 887.5, 25
1776, 888, 29
1777, 888.5, 28
1778, 889, 24
1779, 889.5, 28
1780, 890, 32
1781, 890.5, 27
1782, 891, 27
1783, 891.5, 35
1784, 892, 24
1785, 892.5, 28
1786, 893, 23
1787, 893.5, 21
1788, 894, 31
1789, 894.5, 24
1790, 895, 32
1791, 895.5, 27
1792, 896, 32
1793, 896.5, 27
1794, 897, 29
1795, 897.5, 23
1796, 898, 35
1797, 898.5, 19
1798, 899, 28
1799, 899.5, 26
1800, 900, 32
1801, 900.5, 17
1802, 901, 20
1803, 901.5, 28
1804, 902, 27
1805, 902.5, 32
1806, 903, 39
1807, 903.5, 79
1808, 904, 101
1809, 904.5, 54
1810, 905, 33
1811, 905.5, 34
1812, 906, 31
1813, 906.5, 34
1814, 907, 28
1815, 907.5, 25
1816, 908, 34
1817, 908.5, 48
1818, 909, 33
1819, 909.5, 31
1820, 910, 24
1821, 910.5, 24
1822, 911, 20
1823, 911.5, 31
1824, 912, 26
1825, 912.5, 18
1826, 913, 23
1827, 913.5, 19
1828, 914, 34
1829, 914.5, 26
1830, 915, 23
1831, 915.5, 18
1832, 916, 31
1833, 916.5, 30
1834, 917, 27
1835, 917.5, 28
1836, 918, 29
1837, 918.5, 37
1838, 919, 41
1839, 919.5, 56
1840, 920, 51
1841, 920.5, 25
1842, 921, 26
1843, 921.5, 27
1844, 922, 26
1845, 922.5, 34
1846, 923, 51
1847, 923.5, 68
1848, 924, 76
1849, 924.5, 44
1850, 925, 24
1851, 925.5, 17
1852, 926, 15
1853, 926.5, 22
1854, 927, 32
1855, 927.5, 28
1856, 928, 24
1857, 928.5, 24
1858, 929, 20
1859, 929.5, 23
1860, 930, 31
1861, 930.5, 20
1862, 931, 19
1863, 931.5, 23
1864, 932, 17
1865, 932.5, 26
1866, 933, 21
1867, 933.5, 23
1868, 934, 24
1869, 934.5, 29
1870, 935, 23
1871, 935.5, 25
1872, 936, 31
1873, 936.5, 28
1874, 937, 30
1875, 937.5, 24
1876, 938, 18
1877, 938.5, 21
1878, 939, 33
1879, 939.5, 20
1880, 940, 24
1881, 940.5, 30
1882, 941, 30
1883, 941.5, 19
1884, 942, 27
1885, 942.5, 20
1886, 943, 25
1887, 943.5, 19
1888, 944, 19
1889, 944.5, 17
1890, 945, 32
1891, 945.5, 18
1892, 946, 25
1893, 946.5, 29
1894, 947, 18
1895, 947.5, 23
1896, 948, 29
1897, 948.5, 33
1898, 949, 28
1899, 949.5, 31
1900, 950, 19
1901, 950.5, 26
1902, 951, 26
1903, 951.5, 25
1904, 952, 23
1905, 952.5, 37
1906, 953, 31
1907, 953.5, 21
1908, 954, 26
1909, 954.5, 38
1910, 955, 19
1911, 955.5, 46
1912, 956, 37
1913, 956.5, 44
1914, 957, 136
1915, 957.5, 716
1916, 958, 2213
1917, 958.5, 2913
1918, 959, 1856
1919, 959.5, 478
1920, 960, 55
1921, 960.5, 16
1922, 961, 18
1923, 961.5, 20
1924, 962, 19
1925, 962.5, 22
1926, 963, 16
1927, 963.5, 26
1928, 964, 23
1929, 964.5, 13
1930, 965, 15
1931, 965.5, 20
1932, 966, 11
1933, 966.5, 13
1934, 967, 14
1935, 967.5, 15
1936, 968, 15
1937, 968.5, 19
1938, 969, 15
1939, 969.5, 12
1940, 970, 20
1941, 970.5, 19
1942, 971, 14
1943, 971.5, 10
1944, 972, 19
1945, 972.5, 15
1946, 973, 16
1947, 973.5, 14
1948, 974, 16
1949, 974.5, 19
1950, 975, 22
1951, 975.5, 19
1952, 976, 20
1953, 976.5, 12
1954, 977, 11
1955, 977.5, 21
1956, 978, 16
1957, 978.5, 15
1958, 979, 25
1959, 979.5, 19
1960, 980, 12
1961, 980.5, 16
1962, 981, 32
1963, 981.5, 36
1964, 982, 31
1965, 982.5, 17
1966, 983, 10
1967, 983.5, 19
1968, 984, 25
1969, 984.5, 17
1970, 985, 30
1971, 985.5, 15
1972, 986, 20
1973, 986.5, 19
1974, 987, 10
1975, 987.5, 15
1976, 988, 11
1977, 988.5, 20
1978, 989, 16
1979, 989.5, 42
1980, 990, 48
1981, 990.5, 50
1982, 991, 37
1983, 991.5, 19
1984, 992, 19
1985, 992.5, 24
1986, 993, 26
1987, 993.5, 21
1988, 994, 14
1989, 994.5, 15
1990, 995, 15
1991, 995.5, 8
1992, 996, 13
1993, 996.5, 22
1994, 997, 11
1995, 997.5, 17
1996, 998, 11
1997, 998.5, 11
1998, 999, 13
1999, 999.5, 20
2000, 1000, 19
2001, 1000.5, 10
2002, 1001, 15
2003, 1001.5, 24
2004, 1002, 13
2005, 1002.5, 16
2006, 1003, 19
2007, 1003.5, 16
2008, 1004, 12
2009, 1004.5, 15
2010, 1005, 12
2011, 1005.5, 20
2012, 1006, 10
2013, 1006.5, 17
2014, 1007, 16
2015, 1007.5, 20
2016, 1008, 14
2017, 1008.5, 12
2018, 1009, 13
2019, 1009.5, 19
2020, 1010, 20
2021, 1010.5, 14
2022, 1011, 17
2023, 1011.5, 12
2024, 1012, 19
2025, 1012.5, 16
2026, 1013, 19
2027, 1013.5, 18
2028, 1014, 16
2029, 1014.5, 11
2030, 1015, 15
2031, 1015.5, 12
2032, 1016, 10
2033, 1016.5, 8
2034, 1017, 7
2035, 1017.5, 14
2036, 1018, 10
2037, 1018.5, 20
2038, 1019, 17
2039, 1019.5, 21
2040, 1020, 16
2041, 1020.5, 10
2042, 1021, 17
2043, 1021.5, 19
2044, 1022, 16
2045, 1022.5, 8
2046, 1023, 13
2047, 1023.5, 16
2048, 1024, 9
2049, 1024.5, 13
2050, 1025, 11
2051, 1025.5, 16
2052, 1026, 10
2053, 1026.5, 15
2054, 1027, 20
2055, 1027.5, 13
2056, 1028, 6
2057, 1028.5, 15
2058, 1029, 10
2059, 1029.5, 7
2060, 1030, 15
2061, 1030.5, 10
2062, 1031, 11
2063, 1031.5, 19
2064, 1032, 10
2065, 1032.5, 11
2066, 1033, 18
2067, 1033.5, 10
2068, 1034, 15
2069, 1034.5, 8
2070, 1035, 10
2071, 1035.5, 7
2072, 1036, 19
2073, 1036.5, 18
2074, 1037, 22
2075, 1037.5, 23
2076, 1038, 30
2077, 1038.5, 26
2078, 1039, 20
2079, 1039.5, 17
2080, 1040, 13
2081, 1040.5, 20
2082, 1041, 30
2083, 1041.5, 60
2084, 1042, 70
2085, 1042.5, 61
2086, 1043, 30
2087, 1043.5, 15
2088, 1044, 29
2089, 1044.5, 43
2090, 1045, 62
2091, 1045.5, 48
2092, 1046, 25
2093, 1046.5, 18
2094, 1047, 13
2095, 1047.5, 15
2096, 1048, 9
2097, 1048.5, 15
2098, 1049, 20
2099, 1049.5, 19
2100, 1050, 18
2101, 1050.5, 12
2102, 1051, 4
2103, 1051.5, 8
2104, 1052, 6
2105, 1052.5, 9
2106, 1053, 12
2107, 1053.5, 13
2108, 1054, 17
2109, 1054.5, 13
2110, 1055, 13
2111, 1055.5, 12
2112, 1056, 11
2113, 1056.5, 12
2114, 1057, 11
2115, 1057.5, 13
2116, 1058, 12
2117, 1058.5, 15
2118, 1059, 8
2119, 1059.5, 9
2120, 1060, 12
2121, 1060.5, 11
2122, 1061, 14
2123, 1061.5, 7
2124, 1062, 17
2125, 1062.5, 22
2126, 1063, 41
2127, 1063.5, 42
2128, 1064, 21
2129, 1064.5, 14
2130, 1065, 14
2131, 1065.5, 16
2132, 1066, 15
2133, 1066.5, 18
2134, 1067, 13
2135, 1067.5, 7
2136, 1068, 13
2137, 1068.5, 11
2138, 1069, 17
2139, 1069.5, 40
2140, 1070, 43
2141, 1070.5, 31
2142, 1071, 16
2143, 1071.5, 10
2144, 1072, 11
2145, 1072.5, 10
2146, 1073, 19
2147, 1073.5, 15
2148, 1074, 14
2149, 1074.5, 17
2150, 1075, 14
2151, 1075.5, 17
2152, 1076, 9
2153, 1076.5, 12
2154, 1077, 6
2155, 1077.5, 11
2156, 1078, 9
2157, 1078.5, 9
2158, 1079, 6
2159, 1079.5, 11
2160, 1080, 8
2161, 1080.5, 10
2162, 1081, 11
2163, 1081.5, 16
2164, 1082, 10
2165, 1082.5, 7
2166, 1083, 9
2167, 1083.5, 19
2168, 1084, 9
2169, 1084.5, 13
2170, 1085, 15
2171, 1085.5, 7
2172, 1086, 8
2173, 1086.5, 11
2174, 1087, 11
2175, 1087.5, 9
2176, 1088, 4
2177, 1088.5, 9
2178, 1089, 14
2179, 1089.5, 21
2180, 1090, 30
2181, 1090.5, 27
2182, 1091, 10
2183, 1091.5, 8
2184, 1092, 15
2185, 1092.5, 10
2186, 1093, 15
2187, 1093.5, 10
2188, 1094, 10
2189, 1094.5, 7
2190, 1095, 11
2191, 1095.5, 10
2192, 1096, 12
2193, 1096.5, 12
2194, 1097, 8
2195, 1097.5, 4
2196, 1098, 16
2197, 1098.5, 8
2198, 1099, 8
2199, 1099.5, 9
2200, 1100, 9
2201, 1100.5, 12
2202, 1101, 10
2203, 1101.5, 11
2204, 1102, 9
2205, 1102.5, 13
2206, 1103, 9
2207, 1103.5, 8
2208, 1104, 9
2209, 1104.5, 17
2210, 1105, 8
2211, 1105.5, 12
2212, 1106, 12
2213, 1106.5, 9
2214, 1107, 13
2215, 1107.5, 8
2216, 1108, 6
2217, 1108.5, 8
2218, 1109, 9
2219, 1109.5, 13
2220, 1110, 15
2221, 1110.5, 6
2222, 1111, 9
2223, 1111.5, 13
2224, 1112, 10
2225, 1112.5, 6
2226, 1113, 15
2227, 1113.5, 12
2228, 1114, 7
2229, 1114.5, 12
2230, 1115, 7
2231, 1115.5, 10
2232, 1116, 10
2233, 1116.5, 8
2234, 1117, 10
2235, 1117.5, 8
2236, 1118, 11
2237, 1118.5, 10
2238, 1119, 11
2239, 1119.5, 9
2240, 1120, 13
2241, 1120.5, 5
2242, 1121, 6
2243, 1121.5, 5
2244, 1122, 6
2245, 1122.5, 11
2246, 1123, 11
2247, 1123.5, 10
2248, 1124, 13
2249, 1124.5, 12
2250, 1125, 14
2251, 1125.5, 10
2252, 1126, 9
2253, 1126.5, 8
2254, 1127, 12
2255, 1127.5, 10
2256, 1128, 8
2257, 1128.5, 7
2258, 1129, 9
2259, 1129.5, 13
2260, 1130, 9
2261, 1130.5, 10
2262, 1131, 13
2263, 1131.5, 10
2264, 1132, 11
2265, 1132.5, 10
2266, 1133, 15
2267, 1133.5, 18
2268, 1134, 32
2269, 1134.5, 53
2270, 1135, 63
2271, 1135.5, 43
2272, 1136, 11
2273, 1136.5, 9
2274, 1137, 10
2275, 1137.5, 11
2276, 1138, 9
2277, 1138.5, 9
2278, 1139, 5
2279, 1139.5, 9
2280, 1140, 8
2281, 1140.5, 14
2282, 1141, 8
2283, 1141.5, 12
2284, 1142, 8
2285, 1142.5, 15
2286, 1143, 6
2287, 1143.5, 7
2288, 1144, 12
2289, 1144.5, 6
2290, 1145, 7
2291, 1145.5, 7
2292, 1146, 6
2293, 1146.5, 9
2294, 1147, 7
2295, 1147.5, 7
2296, 1148, 11
2297, 1148.5, 7
2298, 1149, 7
2299, 1149.5, 6
2300, 1150, 8
2301, 1150.5, 5
2302, 1151, 14
2303, 1151.5, 12
2304, 1152, 5
2305, 1152.5, 10
2306, 1153, 9
2307, 1153.5, 10
2308, 1154, 7
2309, 1154.5, 8
2310, 1155, 18
2311, 1155.5, 7
2312, 1156, 13
2313, 1156.5, 50
2314, 1157, 151
2315, 1157.5, 275
2316, 1158, 266
2317, 1158.5, 114
2318, 1159, 16
2319, 1159.5, 11
2320, 1160, 9
2321, 1160.5, 5
2322, 1161, 9
2323, 1161.5, 12
2324, 1162, 4
2325, 1162.5, 14
2326, 1163, 5
2327, 1163.5, 11
2328, 1164, 9
2329, 1164.5, 9
2330, 1165, 6
2331, 1165.5, 7
2332, 1166, 13
2333, 1166.5, 10
2334, 1167, 6
2335, 1167.5, 6
2336, 1168, 8
2337, 1168.5, 8
2338, 1169, 10
2339, 1169.5, 12
2340, 1170, 8
2341, 1170.5, 15
2342, 1171, 10
2343, 1171.5, 8
2344, 1172, 6
2345, 1172.5, 8
2346, 1173, 10
2347, 1173.5, 14
2348, 1174, 6
2349, 1174.5, 4
2350, 1175, 5
2351, 1175.5, 14
2352, 1176, 5
2353, 1176.5, 9
2354, 1177, 9
2355, 1177.5, 11
2356, 1178, 5
2357, 1178.5, 6
2358, 1179, 4
2359, 1179.5, 6
2360, 1180, 7
2361, 1180.5, 5
2362, 1181, 4
2363, 1181.5, 8
2364, 1182, 8
2365, 1182.5, 4
2366, 1183, 14
2367, 1183.5, 8
2368, 1184, 5
2369, 1184.5, 5
2370, 1185, 12
2371, 1185.5, 7
2372, 1186, 13
2373, 1186.5, 10
2374, 1187, 6
2375, 1187.5, 5
2376, 1188, 14
2377, 1188.5, 6
2378, 1189, 9
2379, 1189.5, 12
2380, 1190, 7
2381, 1190.5, 7
2382, 1191, 11
2383, 1191.5, 8
2384, 1192, 8
2385, 1192.5, 4
2386, 1193, 4
2387, 1193.5, 7
2388, 1194, 7
2389, 1194.5, 10
2390, 1195, 9
2391, 1195.5, 6
2392, 1196, 12
2393, 1196.5, 6
2394, 1197, 5
2395, 1197.5, 11
2396, 1198, 10
2397, 1198.5, 8
2398, 1199, 7
2399, 1199.5, 5
2400, 1200, 5
2401, 1200.5, 9
2402, 1201, 5
2403, 1201.5, 11
2404, 1202, 10
2405, 1202.5, 6
2406, 1203, 8
2407, 1203.5, 8
2408, 1204, 7
2409, 1204.5, 8
2410, 1205, 12
2411, 1205.5, 15
2412, 1206, 11
2413, 1206.5, 17
2414, 1207, 8
2415, 1207.5, 9
2416, 1208, 10
2417, 1208.5, 4
2418, 1209, 9
2419, 1209.5, 4
2420, 1210, 6
2421, 1210.5, 14
2422, 1211, 16
2423, 1211.5, 31
2424, 1212, 48
2425, 1212.5, 34
2426, 1213, 18
2427, 1213.5, 14
2428, 1214, 9
2429, 1214.5, 5
2430, 1215, 9
2431, 1215.5, 5
2432, 1216, 10
2433, 1216.5, 8
2434, 1217, 8
2435, 1217.5, 7
2436, 1218, 7
2437, 1218.5, 11
2438, 1219, 11
2439, 1219.5, 8
2440, 1220, 11
2441, 1220.5, 13
2442, 1221, 9
2443, 1221.5, 7
2444, 1222, 13
2445, 1222.5, 9
2446, 1223, 6
2447, 1223.5, 7
2448, 1224, 5
2449, 1224.5, 8
2450, 1225, 9
2451, 1225.5, 5
2452, 1226, 7
2453, 1226.5, 6
2454, 1227, 13
2455, 1227.5, 6
2456, 1228, 19
2457, 1228.5, 13
2458, 1229, 13
2459, 1229.5, 17
2460, 1230, 10
2461, 1230.5, 6
2462, 1231, 9
2463, 1231.5, 7
2464, 1232, 7
2465, 1232.5, 9
2466, 1233, 8
2467, 1233.5, 12
2468, 1234, 6
2469, 1234.5, 7
2470, 1235, 7
2471, 1235.5, 8
2472, 1236, 9
2473, 1236.5, 7
2474, 1237, 8
2475, 1237.5, 7
2476, 1238, 6
2477, 1238.5, 11
2478, 1239, 12
2479, 1239.5, 8
2480, 1240, 12
2481, 1240.5, 19
2482, 1241, 10
2483, 1241.5, 8
2484, 1242, 6
2485, 1242.5, 7
2486, 1243, 15
2487, 1243.5, 16
2488, 1244, 16
2489, 1244.5, 8
2490, 1245, 8
2491, 1245.5, 10
2492, 1246, 7
2493, 1246.5, 11
2494, 1247, 5
2495, 1247.5, 6
2496, 1248, 5
2497, 1248.5, 12
2498, 1249, 6
2499, 1249.5, 12
2500, 1250, 7
2501, 1250.5, 11
2502, 1251, 8
2503, 1251.5, 12
2504, 1252, 7
2505, 1252.5, 6
2506, 1253, 6
2507, 1253.5, 7
2508, 1254, 10
2509, 1254.5, 12
2510, 1255, 6
2511, 1255.5, 8
2512, 1256, 10
2513, 1256.5, 15
2514, 1257, 7
2515, 1257.5, 13
2516, 1258, 10
2517, 1258.5, 9
2518, 1259, 5
2519, 1259.5, 9
2520, 1260, 6
2521, 1260.5, 6
2522, 1261, 8
2523, 1261.5, 5
2524, 1262, 7
2525, 1262.5, 13
2526, 1263, 9
2527, 1263.5, 10
2528, 1264, 7
2529, 1264.5, 6
2530, 1265, 8
2531, 1265.5, 14
2532, 1266, 9
2533, 1266.5, 7
2534, 1267, 6
2535, 1267.5, 7
2536, 1268, 10
2537, 1268.5, 15
2538, 1269, 8
2539, 1269.5, 13
2540, 1270, 8
2541, 1270.5, 12
2542, 1271, 7
2543, 1271.5, 7
2544, 1272, 8
2545, 1272.5, 7
2546, 1273, 11
2547, 1273.5, 11
2548, 1274, 9
2549, 1274.5, 10
2550, 1275, 13
2551, 1275.5, 9
2552, 1276, 9
2553, 1276.5, 5
2554, 1277, 7
2555, 1277.5, 9
2556, 1278, 5
2557, 1278.5, 5
2558, 1279, 5
2559, 1279.5, 14
2560, 1280, 11
2561, 1280.5, 5
2562, 1281, 9
2563, 1281.5, 6
2564, 1282, 5
2565, 1282.5, 8
2566, 1283, 14
2567, 1283.5, 6
2568, 1284, 9
2569, 1284.5, 9
2570, 1285, 5
2571, 1285.5, 8
2572, 1286, 4
2573, 1286.5, 8
2574, 1287, 15
2575, 1287.5, 6
2576, 1288, 9
2577, 1288.5, 15
2578, 1289, 4
2579, 1289.5, 4
2580, 1290, 9
2581, 1290.5, 11
2582, 1291, 14
2583, 1291.5, 10
2584, 1292, 6
2585, 1292.5, 9
2586, 1293, 9
2587, 1293.5, 10
2588, 1294, 5
2589, 1294.5, 4
2590, 1295, 12
2591, 1295.5, 9
2592, 1296, 6
2593, 1296.5, 13
2594, 1297, 11
2595, 1297.5, 7
2596, 1298, 12
2597, 1298.5, 13
2598, 1299, 13
2599, 1299.5, 7
2600, 1300, 9
2601, 1300.5, 8
2602, 1301, 5
2603, 1301.5, 6
2604, 1302, 11
2605, 1302.5, 10
2606, 1303, 9
2607, 1303.5, 4
2608, 1304, 2
2609, 1304.5, 9
2610, 1305, 9
2611, 1305.5, 8
2612, 1306, 11
2613, 1306.5, 9
2614, 1307, 5
2615, 1307.5, 9
2616, 1308, 7
2617, 1308.5, 11
2618, 1309, 10
2619, 1309.5, 7
2620, 1310, 8
2621, 1310.5, 6
2622, 1311, 6
2623, 1311.5, 4
2624, 1312, 12
2625, 1312.5, 7
2626, 1313, 16
2627, 1313.5, 9
2628, 1314, 6
2629, 1314.5, 10
2630, 1315, 4
2631, 1315.5, 10
2632, 1316, 3
2633, 1316.5, 6
2634, 1317, 10
2635, 1317.5, 8
2636, 1318, 4
2637, 1318.5, 7
2638, 1319, 10
2639, 1319.5, 6
2640, 1320, 5
2641, 1320.5, 11
2642, 1321, 10
2643, 1321.5, 6
2644, 1322, 7
2645, 1322.5, 3
2646, 1323, 6
2647, 1323.5, 12
2648, 1324, 7
2649, 1324.5, 11
2650, 1325, 5
2651, 1325.5, 7
2652, 1326, 6
2653, 1326.5, 6
2654, 1327, 9
2655, 1327.5, 7
2656, 1328, 3
2657, 1328.5, 9
2658, 1329, 10
2659, 1329.5, 9
2660, 1330, 8
2661, 1330.5, 8
2662, 1331, 4
2663, 1331.5, 9
2664, 1332, 11
2665, 1332.5, 5
2666, 1333, 7
2667, 1333.5, 6
2668, 1334, 8
2669, 1334.5, 3
2670, 1335, 5
2671, 1335.5, 6
2672, 1336, 8
2673, 1336.5, 5
2674, 1337, 6
2675, 1337.5, 8
2676, 1338, 8
2677, 1338.5, 8
2678, 1339, 8
2679, 1339.5, 6
2680, 1340, 8
2681, 1340.5, 10
2682, 1341, 7
2683, 1341.5, 6
2684, 1342, 3
2685, 1342.5, 9
2686, 1343, 2
2687, 1343.5, 12
2688, 1344, 3
2689, 1344.5, 4
2690, 1345, 6
2691, 1345.5, 4
2692, 1346, 6
2693, 1346.5, 8
2694, 1347, 13
2695, 1347.5, 7
2696, 1348, 6
2697, 1348.5, 14
2698, 1349, 8
2699, 1349.5, 11
2700, 1350, 7
2701, 1350.5, 10
2702, 1351, 9
2703, 1351.5, 9
2704, 1352, 2
2705, 1352.5, 7
2706, 1353, 12
2707, 1353.5, 7
2708, 1354, 6
2709, 1354.5, 5
2710, 1355, 6
2711, 1355.5, 5
2712, 1356, 4
2713, 1356.5, 5
2714, 1357, 9
2715, 1357.5, 7
2716, 1358, 9
2717, 1358.5, 4
2718, 1359, 7
2719, 1359.5, 5
2720, 1360, 7
2721, 1360.5, 5
2722, 1361, 7
2723, 1361.5, 5
2724, 1362, 14
2725, 1362.5, 10
2726, 1363, 7
2727, 1363.5, 8
2728, 1364, 9
2729, 1364.5, 6
2730, 1365, 6
2731, 1365.5, 5
2732, 1366, 9
2733, 1366.5, 9
2734, 1367, 8
2735, 1367.5, 12
2736, 1368, 9
2737, 1368.5, 11
2738, 1369, 3
2739, 1369.5, 7
2740, 1370, 7
2741, 1370.5, 7
2742, 1371, 7
2743, 1371.5, 8
2744, 1372, 13
2745, 1372.5, 1
2746, 1373, 3
2747, 1373.5, 9
2748, 1374, 7
2749, 1374.5, 6
2750, 1375, 11
2751, 1375.5, 6
2752, 1376, 8
2753, 1376.5, 8
2754, 1377, 7
2755, 1377.5, 11
2756, 1378, 11
2757, 1378.5, 22
2758, 1379, 44
2759, 1379.5, 53
2760, 1380, 46
2761, 1380.5, 49
2762, 1381, 26
2763, 1381.5, 6
2764, 1382, 8
2765, 1382.5, 7
2766, 1383, 7
2767, 1383.5, 13
2768, 1384, 6
2769, 1384.5, 5
2770, 1385, 12
2771, 1385.5, 7
2772, 1386, 6
2773, 1386.5, 4
2774, 1387, 2
2775, 1387.5, 3
2776, 1388, 9
2777, 1388.5, 9
2778, 1389, 15
2779, 1389.5, 22
2780, 1390, 21
2781, 1390.5, 17
2782, 1391, 11
2783, 1391.5, 7
2784, 1392, 8
2785, 1392.5, 9
2786, 1393, 11
2787, 1393.5, 9
2788, 1394, 5
2789, 1394.5, 9
2790, 1395, 6
2791, 1395.5, 8
2792, 1396, 9
2793, 1396.5, 7
2794, 1397, 10
2795, 1397.5, 4
2796, 1398, 5
2797, 1398.5, 3
2798, 1399, 1
2799, 1399.5, 5
2800, 1400, 12
2801, 1400.5, 5
2802, 1401, 7
2803, 1401.5, 11
2804, 1402, 4
2805, 1402.5, 12
2806, 1403, 6
2807, 1403.5, 11
2808, 1404, 10
2809, 1404.5, 10
2810, 1405, 6
2811, 1405.5, 5
2812, 1406, 9
2813, 1406.5, 4
2814, 1407, 10
2815, 1407.5, 7
2816, 1408, 10
2817, 1408.5, 9
2818, 1409, 11
2819, 1409.5, 3
2820, 1410, 6
2821, 1410.5, 9
2822, 1411, 8
2823, 1411.5, 7
2824, 1412, 6
2825, 1412.5, 7
2826, 1413, 9
2827, 1413.5, 6
2828, 1414, 3
2829, 1414.5, 10
2830, 1415, 9
2831, 1415.5, 6
2832, 1416, 13
2833, 1416.5, 10
2834, 1417, 10
2835, 1417.5, 11
2836, 1418, 10
2837, 1418.5, 8
2838, 1419, 11
2839, 1419.5, 8
2840, 1420, 13
2841, 1420.5, 7
2842, 1421, 10
2843, 1421.5, 10
2844, 1422, 6
2845, 1422.5, 5
2846, 1423, 10
2847, 1423.5, 16
2848, 1424, 8
2849, 1424.5, 7
2850, 1425, 9
2851, 1425.5, 9
2852, 1426, 8
2853, 1426.5, 5
2854, 1427, 2
2855, 1427.5, 6
2856, 1428, 5
2857, 1428.5, 8
2858, 1429, 9
2859, 1429.5, 15
2860, 1430, 4
2861, 1430.5, 5
2862, 1431, 8
2863, 1431.5, 8
2864, 1432, 8
2865, 1432.5, 7
2866, 1433, 6
2867, 1433.5, 11
2868, 1434, 8
2869, 1434.5, 8
2870, 1435, 11
2871, 1435.5, 6
2872, 1436, 5
2873, 1436.5, 6
2874, 1437, 3
2875, 1437.5, 9
2876, 1438, 7
2877, 1438.5, 6
2878, 1439, 7
2879, 1439.5, 7
2880, 1440, 7
2881, 1440.5, 13
2882, 1441, 6
2883, 1441.5, 9
2884, 1442, 11
2885, 1442.5, 14
2886, 1443, 4
2887, 1443.5, 8
2888, 1444, 15
2889, 1444.5, 24
2890, 1445, 57
2891, 1445.5, 71
2892, 1446, 81
2893, 1446.5, 48
2894, 1447, 20
2895, 1447.5, 11
2896, 1448, 10
2897, 1448.5, 5
2898, 1449, 7
2899, 1449.5, 12
2900, 1450, 9
2901, 1450.5, 7
2902, 1451, 8
2903, 1451.5, 9
2904, 1452, 9
2905, 1452.5, 11
2906, 1453, 8
2907, 1453.5, 8
2908, 1454, 11
2909, 1454.5, 10
2910, 1455, 5
2911, 1455.5, 5
2912, 1456, 5
2913, 1456.5, 8
2914, 1457, 6
2915, 1457.5, 5
2916, 1458, 9
2917, 1458.5, 8
2918, 1459, 7
2919, 1459.5, 10
2920, 1460, 12
2921, 1460.5, 4
2922, 1461, 9
2923, 1461.5, 11
2924, 1462, 4
2925, 1462.5, 5
2926, 1463, 13
2927, 1463.5, 6
2928, 1464, 6
2929, 1464.5, 7
2930, 1465, 6
2931, 1465.5, 8
2932, 1466, 10
2933, 1466.5, 3
2934, 1467, 7
2935, 1467.5, 9
2936, 1468, 8
2937, 1468.5, 6
2938, 1469, 11
2939, 1469.5, 5
2940, 1470, 8
2941, 1470.5, 9
2942, 1471, 4
2943, 1471.5, 9
2944, 1472, 12
2945, 1472.5, 11
2946, 1473, 9
2947, 1473.5, 8
2948, 1474, 5
2949, 1474.5, 9
2950, 1475, 11
2951, 1475.5, 7
2952, 1476, 7
2953, 1476.5, 7
2954, 1477, 6
2955, 1477.5, 6
2956, 1478, 9
2957, 1478.5, 8
2958, 1479, 8
2959, 1479.5, 7
2960, 1480, 6
2961, 1480.5, 10
2962, 1481, 8
2963, 1481.5, 12
2964, 1482, 6
2965, 1482.5, 6
2966, 1483, 13
2967, 1483.5, 7
2968, 1484, 8
2969, 1484.5, 3
2970, 1485, 11
2971, 1485.5, 9
2972, 1486, 8
2973, 1486.5, 9
2974, 1487, 8
2975, 1487.5, 8
2976, 1488, 9
2977, 1488.5, 7
2978, 1489, 5
2979, 1489.5, 10
2980, 1490, 7
2981, 1490.5, 9
2982, 1491, 9
2983, 1491.5, 12
2984, 1492, 11
2985, 1492.5, 5
2986, 1493, 8
2987, 1493.5, 9
2988, 1494, 11
2989, 1494.5, 9
2990, 1495, 9
2991, 1495.5, 8
2992, 1496, 9
2993, 1496.5, 6
2994, 1497, 13
2995, 1497.5, 13
2996, 1498, 7
2997, 1498.5, 6
2998, 1499, 9
2999, 1499.5, 6
3000, 1500, 13
3001, 1500.5, 6
3002, 1501, 12
3003, 1501.5, 11
3004, 1502, 14
3005, 1502.5, 6
3006, 1503, 10
3007, 1503.5, 6
3008, 1504, 18
3009, 1504.5, 13
3010, 1505, 6
3011, 1505.5, 8
3012, 1506, 6
3013, 1506.5, 15
3014, 1507, 5
3015, 1507.5, 13
3016, 1508, 11
3017, 1508.5, 6
3018, 1509, 7
3019, 1509.5, 13
3020, 1510, 8
3021, 1510.5, 8
3022, 1511, 13
3023, 1511.5, 4
3024, 1512, 6
3025, 1512.5, 10
3026, 1513, 5
3027, 1513.5, 4
3028, 1514, 7
3029, 1514.5, 9
3030, 1515, 8
3031, 1515.5, 11
3032, 1516, 7
3033, 1516.5, 6
3034, 1517, 13
3035, 1517.5, 10
3036, 1518, 14
3037, 1518.5, 7
3038, 1519, 7
3039, 1519.5, 9
3040, 1520, 8
3041, 1520.5, 9
3042, 1521, 11
3043, 1521.5, 10
3044, 1522, 7
3045, 1522.5, 5
3046, 1523, 15
3047, 1523.5, 7
3048, 1524, 5
3049, 1524.5, 12
3050, 1525, 4
3051, 1525.5, 11
3052, 1526, 9
3053, 1526.5, 13
3054, 1527, 14
3055, 1527.5, 9
3056, 1528, 8
3057, 1528.5, 9
3058, 1529, 7
3059, 1529.5, 8
3060, 1530, 16
3061, 1530.5, 12
3062, 1531, 10
3063, 1531.5, 4
3064, 1532, 8
3065, 1532.5, 6
3066, 1533, 10
3067, 1533.5, 8
3068, 1534, 3
3069, 1534.5, 8
3070, 1535, 5
3071, 1535.5, 12
3072, 1536, 8
3073, 1536.5, 7
3074, 1537, 2
3075, 1537.5, 6
3076, 1538, 6
3077, 1538.5, 4
3078, 1539, 3
3079, 1539.5, 9
3080, 1540, 11
3081, 1540.5, 9
3082, 1541, 15
3083, 1541.5, 13
3084, 1542, 8
3085, 1542.5, 9
3086, 1543, 9
3087, 1543.5, 5
3088, 1544, 12
3089, 1544.5, 4
3090, 1545, 15
3091, 1545.5, 12
3092, 1546, 13
3093, 1546.5, 9
3094, 1547, 10
3095, 1547.5, 8
3096, 1548, 13
3097, 1548.5, 12
3098, 1549, 11
3099, 1549.5, 9
3100, 1550, 11
3101, 1550.5, 12
3102, 1551, 7
3103, 1551.5, 9
3104, 1552, 5
3105, 1552.5, 15
3106, 1553, 6
3107, 1553.5, 7
3108, 1554, 15
3109, 1554.5, 11
3110, 1555, 9
3111, 1555.5, 15
3112, 1556, 16
3113, 1556.5, 11
3114, 1557, 6
3115, 1557.5, 13
3116, 1558, 5
3117, 1558.5, 12
3118, 1559, 7
3119, 1559.5, 14
3120, 1560, 14
3121, 1560.5, 7
3122, 1561, 8
3123, 1561.5, 13
3124, 1562, 5
3125, 1562.5, 10
3126, 1563, 14
3127, 1563.5, 8
3128, 1564, 9
3129, 1564.5, 7
3130, 1565, 9
3131, 1565.5, 3
3132, 1566, 7
3133, 1566.5, 7
3134, 1567, 8
3135, 1567.5, 11
3136, 1568, 5
3137, 1568.5, 8
3138, 1569, 5
3139, 1569.5, 6
3140, 1570, 5
3141, 1570.5, 6
3142, 1571, 8
3143, 1571.5, 7
3144, 1572, 5
3145, 1572.5, 9
3146, 1573, 7
3147, 1573.5, 7
3148, 1574, 8
3149, 1574.5, 8
3150, 1575, 6
3151, 1575.5, 7
3152, 1576, 8
3153, 1576.5, 5
3154, 1577, 9
3155, 1577.5, 8
3156, 1578, 3
3157, 1578.5, 2
3158, 1579, 4
3159, 1579.5, 4
3160, 1580, 16
3161, 1580.5, 4
3162, 1581, 7
3163, 1581.5, 9
3164, 1582, 7
3165, 1582.5, 4
3166, 1583, 13
3167, 1583.5, 8
3168, 1584, 2
3169, 1584.5, 8
3170, 1585, 8
3171, 1585.5, 5
3172, 1586, 6
3173, 1586.5, 8
3174, 1587, 4
3175, 1587.5, 5
3176, 1588, 9
3177, 1588.5, 5
3178, 1589, 3
3179, 1589.5, 5
3180, 1590, 5
3181, 1590.5, 4
3182, 1591, 2
3183, 1591.5, 5
3184, 1592, 5
3185, 1592.5, 8
3186, 1593, 5
3187, 1593.5, 8
3188, 1594, 8
3189, 1594.5, 4
3190, 1595, 7
3191, 1595.5, 8
3192, 1596, 5
3193, 1596.5, 4
3194, 1597, 4
3195, 1597.5, 4
3196, 1598, 1
3197, 1598.5, 4
3198, 1599, 4
3199, 1599.5, 3
3200, 1600, 5
3201, 1600.5, 9
3202, 1601, 6
3203, 1601.5, 6
3204, 1602, 4
3205, 1602.5, 7
3206, 1603, 3
3207, 1603.5, 8
3208, 1604, 4
3209, 1604.5, 10
3210, 1605, 28
3211, 1605.5, 16
3212, 1606, 28
3213, 1606.5, 13
3214, 1607, 1
3215, 1607.5, 7
3216, 1608, 5
3217, 1608.5, 4
3218, 1609, 6
3219, 1609.5, 5
3220, 1610, 8
3221, 1610.5, 14
3222, 1611, 3
3223, 1611.5, 4
3224, 1612, 4
3225, 1612.5, 7
3226, 1613, 4
3227, 1613.5, 2
3228, 1614, 7
3229, 1614.5, 3
3230, 1615, 10
3231, 1615.5, 2
3232, 1616, 4
3233, 1616.5, 2
3234, 1617, 8
3235, 1617.5, 3
3236, 1618, 5
3237, 1618.5, 5
3238, 1619, 4
3239, 1619.5, 6
3240, 1620, 7
3241, 1620.5, 5
3242, 1621, 4
3243, 1621.5, 3
3244, 1622, 4
3245, 1622.5, 4
3246, 1623, 5
3247, 1623.5, 2
3248, 1624, 2
3249, 1624.5, 4
3250, 1625, 1
3251, 1625.5, 3
3252, 1626, 1
3253, 1626.5, 3
3254, 1627, 2
3255, 1627.5, 4
3256, 1628, 2
3257, 1628.5, 3
3258, 1629, 4
3259, 1629.5, 5
3260, 1630, 0
3261, 1630.5, 1
3262, 1631, 3
3263, 1631.5, 4
3264, 1632, 2
3265, 1632.5, 3
3266, 1633, 2
3267, 1633.5, 3
3268, 1634, 5
3269, 1634.5, 1
3270, 1635, 5
3271, 1635.5, 3
3272, 1636, 3
3273, 1636.5, 0
3274, 1637, 4
3275, 1637.5, 1
3276, 1638, 4
3277, 1638.5, 2
3278, 1639, 5
3279, 1639.5, 4
3280, 1640, 4
3281, 1640.5, 3
3282, 1641, 4
3283, 1641.5, 0
3284, 1642, 3
3285, 1642.5, 2
3286, 1643, 2
3287, 1643.5, 8
3288, 1644, 3
3289, 1644.5, 3
3290, 1645, 1
3291, 1645.5, 5
3292, 1646, 1
3293, 1646.5, 2
3294, 1647, 6
3295, 1647.5, 3
3296, 1648, 1
3297, 1648.5, 1
3298, 1649, 3
3299, 1649.5, 1
3300, 1650, 0
3301, 1650.5, 2
3302, 1651, 0
3303, 1651.5, 0
3304, 1652, 1
3305, 1652.5, 1
3306, 1653, 2
3307, 1653.5, 3
3308, 1654, 1
3309, 1654.5, 3
3310, 1655, 3
3311, 1655.5, 1
3312, 1656, 1
3313, 1656.5, 4
3314, 1657, 3
3315, 1657.5, 3
3316, 1658, 2
3317, 1658.5, 1
3318, 1659, 1
3319, 1659.5, 3
3320, 1660, 4
3321, 1660.5, 0
3322, 1661, 0
3323, 1661.5, 3
3324, 1662, 1
3325, 1662.5, 0
3326, 1663, 2
3327, 1663.5, 0
3328, 1664, 2
3329, 1664.5, 1
3330, 1665, 2
3331, 1665.5, 2
3332, 1666, 1
3333, 1666.5, 1
3334, 1667, 2
3335, 1667.5, 1
3336, 1668, 0
3337, 1668.5, 3
3338, 1669, 2
3339, 1669.5, 2
3340, 1670, 3
3341, 1670.5, 1
3342, 1671, 0
3343, 1671.5, 2
3344, 1672, 0
3345, 1672.5, 4
3346, 1673, 0
3347, 1673.5, 2
3348, 1674, 1
3349, 1674.5, 1
3350, 1675, 3
3351, 1675.5, 0
3352, 1676, 1
3353, 1676.5, 1
3354, 1677, 0
3355, 1677.5, 1
3356, 1678, 1
3357, 1678.5, 1
3358, 1679, 4
3359, 1679.5, 2
3360, 1680, 1
3361, 1680.5, 4
3362, 1681, 0
3363, 1681.5, 2
3364, 1682, 1
3365, 1682.5, 3
3366, 1683, 1
3367, 1683.5, 2
3368, 1684, 0
3369, 1684.5, 1
3370, 1685, 1
3371, 1685.5, 3
3372, 1686, 3
3373, 1686.5, 2
3374, 1687, 1
3375, 1687.5, 0
3376, 1688, 0
3377, 1688.5, 2
3378, 1689, 1
3379, 1689.5, 1
3380, 1690, 2
3381, 1690.5, 1
3382, 1691, 3
3383, 1691.5, 0
3384, 1692, 1
3385, 1692.5, 0
3386, 1693, 1
3387, 1693.5, 2
3388, 1694, 0
3389, 1694.5, 1
3390, 1695, 2
3391, 1695.5, 2
3392, 1696, 1
3393, 1696.5, 2
3394, 1697, 0
3395, 1697.5, 1
3396, 1698, 2
3397, 1698.5, 2
3398, 1699, 1
3399, 1699.5, 2
3400, 1700, 4
3401, 1700.5, 2
3402, 1701, 0
3403, 1701.5, 2
3404, 1702, 1
3405, 1702.5, 0
3406, 1703, 3
3407, 1703.5, 1
3408, 1704, 0
3409, 1704.5, 2
3410, 1705, 0
3411, 1705.5, 2
3412, 1706, 0
3413, 1706.5, 1
3414, 1707, 2
3415, 1707.5, 1
3416, 1708, 1
3417, 1708.5, 0
3418, 1709, 3
3419, 1709.5, 3
3420, 1710, 1
3421, 1710.5, 0
3422, 1711, 2
3423, 1711.5, 1
3424, 1712, 6
3425, 1712.5, 5
3426, 1713, 25
3427, 1713.5, 100
3428, 1714, 202
3429, 1714.5, 404
3430, 1715, 481
3431, 1715.5, 274
3432, 1716, 97
3433, 1716.5, 26
3434, 1717, 3
3435, 1717.5, 0
3436, 1718, 0
3437, 1718.5, 0
3438, 1719, 0
3439, 1719.5, 1
3440, 1720, 0
3441, 1720.5, 1
3442, 1721, 0
3443, 1721.5, 0
3444, 1722, 0
3445, 1722.5, 1
3446, 1723, 0
3447, 1723.5, 0
3448, 1724, 0
3449, 1724.5, 0
3450, 1725, 1
3451, 1725.5, 0
3452, 1726, 0
3453, 1726.5, 0
3454, 1727, 1
3455, 1727.5, 0
3456, 1728, 0
3457, 1728.5, 0
3458, 1729, 0
3459, 1729.5, 0
3460, 1730, 0
3461, 1730.5, 0
3462, 1731, 0
3463, 1731.5, 0
3464, 1732, 2
3465, 1732.5, 1
3466, 1733, 0
3467, 1733.5, 1
3468, 1734, 0
3469, 1734.5, 0
3470, 1735, 1
3471, 1735.5, 0
3472, 1736, 1
3473, 1736.5, 1
3474, 1737, 1
3475, 1737.5, 1
3476, 1738, 0
3477, 1738.5, 1
3478, 1739, 1
3479, 1739.5, 1
3480, 1740, 1
3481, 1740.5, 1
3482, 1741, 0
3483, 1741.5, 0
3484, 1742, 0
3485, 1742.5, 1
3486, 1743, 0
3487, 1743.5, 0
3488, 1744, 1
3489, 1744.5, 1
3490, 1745, 1
3491, 1745.5, 0
3492, 1746, 0
3493, 1746.5, 0
3494, 1747, 0
3495, 1747.5, 1
3496, 1748, 0
3497, 1748.5, 0
3498, 1749, 1
3499, 1749.5, 0
3500, 1750, 0
3501, 1750.5, 1
3502, 1751, 0
3503, 1751.5, 0
3504, 1752, 0
3505, 1752.5, 0
3506, 1753, 0
3507, 1753.5, 0
3508, 1754, 1
3509, 1754.5, 0
3510, 1755, 0
3511, 1755.5, 1
3512, 1756, 0
3513, 1756.5, 0
3514, 1757, 0
3515, 1757.5, 0
3516, 1758, 0
3517, 1758.5, 0
3518, 1759, 0
3519, 1759.5, 0
3520, 1760, 0
3521, 1760.5, 0
3522, 1761, 0
3523, 1761.5, 1
3524, 1762, 0
3525, 1762.5, 0
3526, 1763, 0
3527, 1763.5, 0
3528, 1764, 0
3529, 1764.5, 1
3530, 1765, 0
3531, 1765.5, 2
3532, 1766, 1
3533, 1766.5, 0
3534, 1767, 0
3535, 1767.5, 2
3536, 1768, 1
3537, 1768.5, 1
3538, 1769, 0
3539, 1769.5, 0
3540, 1770, 0
3541, 1770.5, 0
3542, 1771, 0
3543, 1771.5, 1
3544, 1772, 0
3545, 1772.5, 0
3546, 1773, 0
3547, 1773.5, 0
3548, 1774, 0
3549, 1774.5, 0
3550, 1775, 1
3551, 1775.5, 0
3552, 1776, 0
3553, 1776.5, 1
3554, 1777, 1
3555, 1777.5, 3
3556, 1778, 1
3557, 1778.5, 1
3558, 1779, 0
3559, 1779.5, 0
3560, 1780, 2
3561, 1780.5, 1
3562, 1781, 0
3563, 1781.5, 0
3564, 1782, 1
3565, 1782.5, 0
3566, 1783, 0
3567, 1783.5, 1
3568, 1784, 0
3569, 1784.5, 0
3570, 1785, 1
3571, 1785.5, 0
3572, 1786, 0
3573, 1786.5, 0
3574, 1787, 0
3575, 1787.5, 0
3576, 1788, 0
3577, 1788.5, 0
3578, 1789, 0
3579, 1789.5, 0
3580, 1790, 0
3581, 1790.5, 1
3582, 1791, 0
3583, 1791.5, 0
3584, 1792, 0
3585, 1792.5, 2
3586, 1793, 0
3587, 1793.5, 0
3588, 1794, 1
3589, 1794.5, 0
3590, 1795, 3
3591, 1795.5, 0
3592, 1796, 1
3593, 1796.5, 0
3594, 1797, 1
3595, 1797.5, 1
3596, 1798, 0
3597, 1798.5, 0
3598, 1799, 0
3599, 1799.5, 1
3600, 1800, 0
3601, 1800.5, 1
3602, 1801, 0
3603, 1801.5, 0
3604, 1802, 0
3605, 1802.5, 0
3606, 1803, 1
3607, 1803.5, 1
3608, 1804, 0
3609, 1804.5, 0
3610, 1805, 0
3611, 1805.5, 1
3612, 1806, 0
3613, 1806.5, 1
3614, 1807, 1
3615, 1807.5, 0
3616, 1808, 0
3617, 1808.5, 0
3618, 1809, 0
3619, 1809.5, 1
3620, 1810, 0
3621, 1810.5, 1
3622, 1811, 0
3623, 1811.5, 0
3624, 1812, 0
3625, 1812.5, 0
3626, 1813, 0
3627, 1813.5, 0
3628, 1814, 0
3629, 1814.5, 0
3630, 1815, 0
3631, 1815.5, 0
3632, 1816, 1
3633, 1816.5, 2
3634, 1817, 1
3635, 1817.5, 1
3636, 1818, 0
3637, 1818.5, 1
3638, 1819, 1
3639, 1819.5, 0
3640, 1820, 0
3641, 1820.5, 0
3642, 1821, 0
3643, 1821.5, 0
3644, 1822, 0
3645, 1822.5, 1
3646, 1823, 0
3647, 1823.5, 0
3648, 1824, 0
3649, 1824.5, 0
3650, 1825, 0
3651, 1825.5, 0
3652, 1826, 0
3653, 1826.5, 0
3654, 1827, 1
3655, 1827.5, 1
3656, 1828, 0
3657, 1828.5, 0
3658, 1829, 0
3659, 1829.5, 0
3660, 1830, 0
3661, 1830.5, 0
3662, 1831, 0
3663, 1831.5, 0
3664, 1832, 0
3665, 1832.5, 0
3666, 1833, 1
3667, 1833.5, 2
3668, 1834, 0
3669, 1834.5, 1
3670, 1835, 0
3671, 1835.5, 0
3672, 1836, 0
3673, 1836.5, 1
3674, 1837, 0
3675, 1837.5, 1
3676, 1838, 0
3677, 1838.5, 1
3678, 1839, 0
3679, 1839.5, 0
3680, 1840, 0
3681, 1840.5, 0
3682, 1841, 1
3683, 1841.5, 0
3684, 1842, 1
3685, 1842.5, 2
3686, 1843, 0
3687, 1843.5, 1
3688, 1844, 1
3689, 1844.5, 0
3690, 1845, 0
3691, 1845.5, 0
3692, 1846, 0
3693, 1846.5, 0
3694, 1847, 0
3695, 1847.5, 0
3696, 1848, 0
3697, 1848.5, 0
3698, 1849, 0
3699, 1849.5, 0
3700, 1850, 1
3701, 1850.5, 2
3702, 1851, 0
3703, 1851.5, 1
3704, 1852, 0
3705, 1852.5, 0
3706, 1853, 0
3707, 1853.5, 0
3708, 1854, 0
3709, 1854.5, 1
3710, 1855, 0
3711, 1855.5, 1
3712, 1856, 0
3713, 1856.5, 3
3714, 1857, 0
3715, 1857.5, 2
3716, 1858, 1
3717, 1858.5, 1
3718, 1859, 0
3719, 1859.5, 0
3720, 1860, 0
3721, 1860.5, 1
3722, 1861, 1
3723, 1861.5, 0
3724, 1862, 0
3725, 1862.5, 1
3726, 1863, 0
3727, 1863.5, 0
3728, 1864, 0
3729, 1864.5, 0
3730, 1865, 0
3731, 1865.5, 0
3732, 1866, 0
3733, 1866.5, 0
3734, 1867, 0
3735, 1867.5, 0
3736, 1868, 0
3737, 1868.5, 0
3738, 1869, 0
3739, 1869.5, 1
3740, 1870, 2
3741, 1870.5, 0
3742, 1871, 0
3743, 1871.5, 0
3744, 1872, 0
3745, 1872.5, 0
3746, 1873, 0
3747, 1873.5, 0
3748, 1874, 1
3749, 1874.5, 0
3750, 1875, 0
3751, 1875.5, 0
3752, 1876, 0
3753, 1876.5, 0
3754, 1877, 0
3755, 1877.5, 1
3756, 1878, 0
3757, 1878.5, 0
3758, 1879, 1
3759, 1879.5, 0
3760, 1880, 1
3761, 1880.5, 0
3762, 1881, 1
3763, 1881.5, 0
3764, 1882, 1
3765, 1882.5, 0
3766, 1883, 1
3767, 1883.5, 1
3768, 1884, 0
3769, 1884.5, 0
3770, 1885, 0
3771, 1885.5, 3
3772, 1886, 0
3773, 1886.5, 2
3774, 1887, 0
3775, 1887.5, 0
3776, 1888, 0
3777, 1888.5, 1
3778, 1889, 2
3779, 1889.5, 1
3780, 1890, 0
3781, 1890.5, 0
3782, 1891, 1
3783, 1891.5, 0
3784, 1892, 0
3785, 1892.5, 1
3786, 1893, 0
3787, 1893.5, 0
3788, 1894, 1
3789, 1894.5, 0
3790, 1895, 0
3791, 1895.5, 0
3792, 1896, 0
3793, 1896.5, 0
3794, 1897, 0
3795, 1897.5, 0
3796, 1898, 1
3797, 1898.5, 0
3798, 1899, 0
3799, 1899.5, 0
3800, 1900, 0
3801, 1900.5, 0
3802, 1901, 0
3803, 1901.5, 0
3804, 1902, 0
3805, 1902.5, 0
3806, 1903, 1
3807, 1903.5, 0
3808, 1904, 1
3809, 1904.5, 0
3810, 1905, 0
3811, 1905.5, 0
3812, 1906, 0
3813, 1906.5, 1
3814, 1907, 0
3815, 1907.5, 0
3816, 1908, 0
3817, 1908.5, 0
3818, 1909, 0
3819, 1909.5, 0
3820, 1910, 0
3821, 1910.5, 0
3822, 1911, 1
3823, 1911.5, 1
3824, 1912, 1
3825, 1912.5, 0
3826, 1913, 0
3827, 1913.5, 0
3828, 1914, 0
3829, 1914.5, 1
3830, 1915, 2
3831, 1915.5, 0
3832, 1916, 0
3833, 1916.5, 0
3834, 1917, 1
3835, 1917.5, 0
3836, 1918, 0
3837, 1918.5, 0
3838, 1919, 1
3839, 1919.5, 0
3840, 1920, 0
3841, 1920.5, 1
3842, 1921, 0
3843, 1921.5, 0
3844, 1922, 0
3845, 1922.5, 0
3846, 1923, 0
3847, 1923.5, 0
3848, 1924, 0
3849, 1924.5, 0
3850, 1925, 0
3851, 1925.5, 0
3852, 1926, 1
3853, 1926.5, 0
3854, 1927, 0
3855, 1927.5, 1
3856, 1928, 0
3857, 1928.5, 0
3858, 1929, 1
3859, 1929.5, 2
3860, 1930, 0
3861, 1930.5, 0
3862, 1931, 1
3863, 1931.5, 0
3864, 1932, 0
3865, 1932.5, 1
3866, 1933, 0
3867, 1933.5, 0
3868, 1934, 0
3869, 1934.5, 0
3870, 1935, 0
3871, 1935.5, 0
3872, 1936, 0
3873, 1936.5, 0
3874, 1937, 0
3875, 1937.5, 0
3876, 1938, 0
3877, 1938.5, 0
3878, 1939, 0
3879, 1939.5, 0
3880, 1940, 0
3881, 1940.5, 0
3882, 1941, 1
3883, 1941.5, 0
3884, 1942, 0
3885, 1942.5, 1
3886, 1943, 0
3887, 1943.5, 0
3888, 1944, 0
3889, 1944.5, 1
3890, 1945, 0
3891, 1945.5, 0
3892, 1946, 1
3893, 1946.5, 0
3894, 1947, 0
3895, 1947.5, 0
3896, 1948, 0
3897, 1948.5, 0
3898, 1949, 0
3899, 1949.5, 0
3900, 1950, 0
3901, 1950.5, 0
3902, 1951, 0
3903, 1951.5, 0
3904, 1952, 1
3905, 1952.5, 0
3906, 1953, 1
3907, 1953.5, 0
3908, 1954, 0
3909, 1954.5, 0
3910, 1955, 1
3911, 1955.5, 0
3912, 1956, 0
3913, 1956.5, 0
3914, 1957, 1
3915, 1957.5, 0
3916, 1958, 1
3917, 1958.5, 2
3918, 1959, 0
3919, 1959.5, 0
3920, 1960, 0
3921, 1960.5, 0
3922, 1961, 0
3923, 1961.5, 0
3924, 1962, 1
3925, 1962.5, 1
3926, 1963, 0
3927, 1963.5, 0
3928, 1964, 0
3929, 1964.5, 0
3930, 1965, 0
3931, 1965.5, 0
3932, 1966, 0
3933, 1966.5, 1
3934, 1967, 0
3935, 1967.5, 1
3936, 1968, 2
3937, 1968.5, 0
3938, 1969, 0
3939, 1969.5, 1
3940, 1970, 0
3941, 1970.5, 0
3942, 1971, 0
3943, 1971.5, 0
3944, 1972, 0
3945, 1972.5, 0
3946, 1973, 0
3947, 1973.5, 0
3948, 1974, 0
3949, 1974.5, 0
3950, 1975, 0
3951, 1975.5, 0
3952, 1976, 0
3953, 1976.5, 1
3954, 1977, 0
3955, 1977.5, 1
3956, 1978, 0
3957, 1978.5, 0
3958, 1979, 0
3959, 1979.5, 1
3960, 1980, 0
3961, 1980.5, 0
3962, 1981, 0
3963, 1981.5, 1
3964, 1982, 0
3965, 1982.5, 0
3966, 1983, 0
3967, 1983.5, 1
3968, 1984, 0
3969, 1984.5, 0
3970, 1985, 0
3971, 1985.5, 0
3972, 1986, 0
3973, 1986.5, 1
3974, 1987, 0
3975, 1987.5, 0
3976, 1988, 1
3977, 1988.5, 0
3978, 1989, 0
3979, 1989.5, 0
3980, 1990, 0
3981, 1990.5, 0
3982, 1991, 0
3983, 1991.5, 1
3984, 1992, 0
3985, 1992.5, 0
3986, 1993, 0
3987, 1993.5, 0
3988, 1994, 0
3989, 1994.5, 1
3990, 1995, 1
3991, 1995.5, 0
3992, 1996, 0
3993, 1996.5, 2
3994, 1997, 1
3995, 1997.5, 0
3996, 1998, 0
3997, 1998.5, 0
3998, 1999, 0
3999, 1999.5, 0
4000, 2000, 0
4001, 2000.5, 0
4002, 2001, 1
4003, 2001.5, 1
4004, 2002, 0
4005, 2002.5, 0
4006, 2003, 1
4007, 2003.5, 0
4008, 2004, 0
4009, 2004.5, 0
4010, 2005, 1
4011, 2005.5, 0
4012, 2006, 0
4013, 2006.5, 0
4014, 2007, 0
4015, 2007.5, 0
4016, 2008, 0
4017, 2008.5, 0
4018, 2009, 0
4019, 2009.5, 0
4020, 2010, 0
4021, 2010.5, 1
4022, 2011, 1
4023, 2011.5, 0
4024, 2012, 0
4025, 2012.5, 0
4026, 2013, 0
4027, 2013.5, 0
4028, 2014, 0
4029, 2014.5, 0
4030, 2015, 0
4031, 2015.5, 0
4032, 2016, 0
4033, 2016.5, 0
4034, 2017, 0
4035, 2017.5, 0
4036, 2018, 0
4037, 2018.5, 0
4038, 2019, 1
4039, 2019.5, 0
4040, 2020, 0
4041, 2020.5, 1
4042, 2021, 0
4043, 2021.5, 0
4044, 2022, 0
4045, 2022.5, 0
4046, 2023, 0
4047, 2023.5, 1
4048, 2024, 0
4049, 2024.5, 0
4050, 2025, 0
4051, 2025.5, 0
4052, 2026, 0
4053, 2026.5, 0
4054, 2027, 1
4055, 2027.5, 0
4056, 2028, 0
4057, 2028.5, 0
4058, 2029, 0
4059, 2029.5, 1
4060, 2030, 0
4061, 2030.5, 0
4062, 2031, 0
4063, 2031.5, 0
4064, 2032, 0
4065, 2032.5, 0
4066, 2033, 0
4067, 2033.5, 0
4068, 2034, 0
4069, 2034.5, 0
4070, 2035, 0
4071, 2035.5, 1
4072, 2036, 0
4073, 2036.5, 2
4074, 2037, 4
4075, 2037.5, 0
4076, 2038, 0
4077, 2038.5, 0
4078, 2039, 1
4079, 2039.5, 0
4080, 2040, 0
4081, 2040.5, 0
4082, 2041, 0
4083, 2041.5, 0
4084, 2042, 0
4085, 2042.5, 0
4086, 2043, 0
4087, 2043.5, 1
4088, 2044, 0
4089, 2044.5, 1
4090, 2045, 0
4091, 2045.5, 1
4092, 2046, 0
4093, 2046.5, 0
4094, 2047, 0
4095, 2047.5, 0
4096, 2048, 1
