Start Time, Oct. 25, 2018 at 12:05:50 PM
Energy calibration,  Offset: 0, Slope: 0.5, Quadratic: 0
Live Time (s), 1221.03
Real Time (s), 1402.2
Elapsed Computational, 0
Spectrum
Channel, Energy (keV), Counts
1, 0.5, 2
2, 1, 1
3, 1.5, 0
4, 2, 1
5, 2.5, 0
6, 3, 1
7, 3.5, 2
8, 4, 5
9, 4.5, 6
10, 5, 4
11, 5.5, 11
12, 6, 14
13, 6.5, 25
14, 7, 34
15, 7.5, 68
16, 8, 157
17, 8.5, 476
18, 9, 8879
19, 9.5, 26894
20, 10, 30199
21, 10.5, 29896
22, 11, 28729
23, 11.5, 27548
24, 12, 26964
25, 12.5, 26147
26, 13, 25173
27, 13.5, 24460
28, 14, 23816
29, 14.5, 23079
30, 15, 22822
31, 15.5, 22117
32, 16, 21524
33, 16.5, 21088
34, 17, 20746
35, 17.5, 20504
36, 18, 19841
37, 18.5, 19483
38, 19, 19128
39, 19.5, 19247
40, 20, 18682
41, 20.5, 18284
42, 21, 18249
43, 21.5, 17673
44, 22, 17643
45, 22.5, 17331
46, 23, 17254
47, 23.5, 16886
48, 24, 16690
49, 24.5, 16334
50, 25, 15988
51, 25.5, 15927
52, 26, 16055
53, 26.5, 15718
54, 27, 15534
55, 27.5, 15693
56, 28, 15476
57, 28.5, 15351
58, 29, 15228
59, 29.5, 14917
60, 30, 14785
61, 30.5, 14765
62, 31, 14499
63, 31.5, 14858
64, 32, 14572
65, 32.5, 14329
66, 33, 14281
67, 33.5, 14261
68, 34, 14560
69, 34.5, 14183
70, 35, 14367
71, 35.5, 14306
72, 36, 14622
73, 36.5, 14477
74, 37, 14548
75, 37.5, 14898
76, 38, 15029
77, 38.5, 15485
78, 39, 15947
79, 39.5, 15749
80, 40, 16163
81, 40.5, 16480
82, 41, 16702
83, 41.5, 17126
84, 42, 17596
85, 42.5, 18223
86, 43, 19271
87, 43.5, 20155
88, 44, 21040
89, 44.5, 22386
90, 45, 23619
91, 45.5, 26360
92, 46, 29324
93, 46.5, 34809
94, 47, 45388
95, 47.5, 107635
96, 48, 272499
97, 48.5, 150690
98, 49, 212649
99, 49.5, 449757
100, 50, 139106
101, 50.5, 23905
102, 51, 17165
103, 51.5, 15585
104, 52, 15547
105, 52.5, 15644
106, 53, 16109
107, 53.5, 17300
108, 54, 18887
109, 54.5, 23282
110, 55, 38562
111, 55.5, 126360
112, 56, 193525
113, 56.5, 68517
114, 57, 33620
115, 57.5, 70954
116, 58, 45809
117, 58.5, 14924
118, 59, 9919
119, 59.5, 9445
120, 60, 9162
121, 60.5, 8942
122, 61, 9094
123, 61.5, 8853
124, 62, 8757
125, 62.5, 8807
126, 63, 8623
127, 63.5, 8645
128, 64, 8644
129, 64.5, 8555
130, 65, 8456
131, 65.5, 8393
132, 66, 8455
133, 66.5, 8376
134, 67, 8316
135, 67.5, 8269
136, 68, 8467
137, 68.5, 8221
138, 69, 8149
139, 69.5, 8350
140, 70, 8268
141, 70.5, 8242
142, 71, 8219
143, 71.5, 8277
144, 72, 8158
145, 72.5, 8202
146, 73, 8243
147, 73.5, 8303
148, 74, 8227
149, 74.5, 8389
150, 75, 8210
151, 75.5, 8196
152, 76, 8191
153, 76.5, 8256
154, 77, 8164
155, 77.5, 8200
156, 78, 8072
157, 78.5, 8023
158, 79, 8359
159, 79.5, 8068
160, 80, 8044
161, 80.5, 8071
162, 81, 8172
163, 81.5, 8291
164, 82, 8128
165, 82.5, 8089
166, 83, 8228
167, 83.5, 8187
168, 84, 8177
169, 84.5, 8088
170, 85, 8075
171, 85.5, 8136
172, 86, 8057
173, 86.5, 8087
174, 87, 8121
175, 87.5, 8125
176, 88, 7960
177, 88.5, 8164
178, 89, 8054
179, 89.5, 8087
180, 90, 8156
181, 90.5, 8086
182, 91, 7898
183, 91.5, 8182
184, 92, 7990
185, 92.5, 7934
186, 93, 8182
187, 93.5, 8094
188, 94, 8088
189, 94.5, 8220
190, 95, 7911
191, 95.5, 8021
192, 96, 8085
193, 96.5, 7982
194, 97, 8163
195, 97.5, 8054
196, 98, 8252
197, 98.5, 8152
198, 99, 8175
199, 99.5, 7901
200, 100, 7948
201, 100.5, 7994
202, 101, 7932
203, 101.5, 7876
204, 102, 7907
205, 102.5, 7874
206, 103, 7983
207, 103.5, 7863
208, 104, 8132
209, 104.5, 7967
210, 105, 7967
211, 105.5, 7718
212, 106, 7972
213, 106.5, 7709
214, 107, 8171
215, 107.5, 8060
216, 108, 7927
217, 108.5, 7989
218, 109, 7903
219, 109.5, 7850
220, 110, 7706
221, 110.5, 7958
222, 111, 7960
223, 111.5, 8086
224, 112, 8011
225, 112.5, 7987
226, 113, 8076
227, 113.5, 8053
228, 114, 8158
229, 114.5, 8321
230, 115, 8341
231, 115.5, 8487
232, 116, 8636
233, 116.5, 8672
234, 117, 8813
235, 117.5, 8773
236, 118, 8969
237, 118.5, 8710
238, 119, 8835
239, 119.5, 8941
240, 120, 8831
241, 120.5, 8978
242, 121, 8985
243, 121.5, 8994
244, 122, 8922
245, 122.5, 8937
246, 123, 9002
247, 123.5, 8898
248, 124, 8857
249, 124.5, 9117
250, 125, 8945
251, 125.5, 8638
252, 126, 8845
253, 126.5, 8784
254, 127, 9011
255, 127.5, 8797
256, 128, 8889
257, 128.5, 8864
258, 129, 8916
259, 129.5, 8956
260, 130, 8766
261, 130.5, 8718
262, 131, 8764
263, 131.5, 8731
264, 132, 8733
265, 132.5, 8762
266, 133, 8785
267, 133.5, 8820
268, 134, 8884
269, 134.5, 8881
270, 135, 8962
271, 135.5, 9055
272, 136, 8889
273, 136.5, 8845
274, 137, 8949
275, 137.5, 9059
276, 138, 8957
277, 138.5, 9014
278, 139, 8670
279, 139.5, 8946
280, 140, 8959
281, 140.5, 8951
282, 141, 8945
283, 141.5, 8917
284, 142, 8761
285, 142.5, 8949
286, 143, 8909
287, 143.5, 8967
288, 144, 8844
289, 144.5, 9042
290, 145, 8719
291, 145.5, 8906
292, 146, 8633
293, 146.5, 8744
294, 147, 8868
295, 147.5, 8899
296, 148, 8712
297, 148.5, 8692
298, 149, 8797
299, 149.5, 8598
300, 150, 8681
301, 150.5, 8575
302, 151, 8567
303, 151.5, 8527
304, 152, 8853
305, 152.5, 8665
306, 153, 8729
307, 153.5, 8715
308, 154, 8646
309, 154.5, 8441
310, 155, 8609
311, 155.5, 8640
312, 156, 8549
313, 156.5, 8645
314, 157, 8894
315, 157.5, 8689
316, 158, 8531
317, 158.5, 8668
318, 159, 8446
319, 159.5, 8624
320, 160, 8535
321, 160.5, 8518
322, 161, 8410
323, 161.5, 8408
324, 162, 8639
325, 162.5, 8490
326, 163, 8489
327, 163.5, 8382
328, 164, 8476
329, 164.5, 8417
330, 165, 8225
331, 165.5, 8254
332, 166, 8423
333, 166.5, 8507
334, 167, 8432
335, 167.5, 8515
336, 168, 8436
337, 168.5, 8361
338, 169, 8341
339, 169.5, 8349
340, 170, 8431
341, 170.5, 8390
342, 171, 8253
343, 171.5, 8474
344, 172, 8488
345, 172.5, 8356
346, 173, 8450
347, 173.5, 8286
348, 174, 8291
349, 174.5, 8355
350, 175, 8386
351, 175.5, 8333
352, 176, 8462
353, 176.5, 8189
354, 177, 8222
355, 177.5, 8211
356, 178, 8284
357, 178.5, 8223
358, 179, 8386
359, 179.5, 8293
360, 180, 8226
361, 180.5, 8127
362, 181, 8164
363, 181.5, 8406
364, 182, 8356
365, 182.5, 8405
366, 183, 8155
367, 183.5, 8390
368, 184, 8336
369, 184.5, 8354
370, 185, 8442
371, 185.5, 8337
372, 186, 8272
373, 186.5, 8285
374, 187, 8280
375, 187.5, 8239
376, 188, 8454
377, 188.5, 8305
378, 189, 8238
379, 189.5, 8345
380, 190, 8255
381, 190.5, 8499
382, 191, 8392
383, 191.5, 8335
384, 192, 8240
385, 192.5, 8410
386, 193, 8349
387, 193.5, 8325
388, 194, 8524
389, 194.5, 8416
390, 195, 8293
391, 195.5, 8349
392, 196, 8372
393, 196.5, 8364
394, 197, 8230
395, 197.5, 8387
396, 198, 8301
397, 198.5, 8348
398, 199, 8352
399, 199.5, 8403
400, 200, 8504
401, 200.5, 8373
402, 201, 8674
403, 201.5, 8344
404, 202, 8383
405, 202.5, 8295
406, 203, 8413
407, 203.5, 8542
408, 204, 8448
409, 204.5, 8579
410, 205, 8496
411, 205.5, 8470
412, 206, 8440
413, 206.5, 8340
414, 207, 8524
415, 207.5, 8546
416, 208, 8622
417, 208.5, 8502
418, 209, 8425
419, 209.5, 8625
420, 210, 8565
421, 210.5, 8606
422, 211, 8784
423, 211.5, 8546
424, 212, 8598
425, 212.5, 8705
426, 213, 8745
427, 213.5, 8727
428, 214, 8576
429, 214.5, 8670
430, 215, 8619
431, 215.5, 8860
432, 216, 8798
433, 216.5, 8676
434, 217, 8686
435, 217.5, 8784
436, 218, 8922
437, 218.5, 8859
438, 219, 8889
439, 219.5, 8746
440, 220, 8856
441, 220.5, 8883
442, 221, 8977
443, 221.5, 8958
444, 222, 8803
445, 222.5, 9050
446, 223, 8877
447, 223.5, 8942
448, 224, 8918
449, 224.5, 8940
450, 225, 9050
451, 225.5, 9054
452, 226, 9092
453, 226.5, 9067
454, 227, 9240
455, 227.5, 9090
456, 228, 9259
457, 228.5, 9354
458, 229, 9252
459, 229.5, 9225
460, 230, 9380
461, 230.5, 9323
462, 231, 9487
463, 231.5, 9651
464, 232, 9500
465, 232.5, 9407
466, 233, 9385
467, 233.5, 9391
468, 234, 9563
469, 234.5, 9663
470, 235, 9482
471, 235.5, 9586
472, 236, 9663
473, 236.5, 9918
474, 237, 9718
475, 237.5, 9715
476, 238, 9881
477, 238.5, 9965
478, 239, 9811
479, 239.5, 9797
480, 240, 9891
481, 240.5, 10043
482, 241, 10284
483, 241.5, 9942
484, 242, 9932
485, 242.5, 10363
486, 243, 10294
487, 243.5, 10446
488, 244, 10391
489, 244.5, 10480
490, 245, 10392
491, 245.5, 10526
492, 246, 10435
493, 246.5, 10535
494, 247, 10668
495, 247.5, 10602
496, 248, 10748
497, 248.5, 10780
498, 249, 10806
499, 249.5, 10880
500, 250, 11071
501, 250.5, 11096
502, 251, 10975
503, 251.5, 11084
504, 252, 11170
505, 252.5, 11162
506, 253, 11134
507, 253.5, 11185
508, 254, 11083
509, 254.5, 11100
510, 255, 10949
511, 255.5, 10857
512, 256, 10797
513, 256.5, 10786
514, 257, 10605
515, 257.5, 10094
516, 258, 9781
517, 258.5, 9354
518, 259, 8963
519, 259.5, 8683
520, 260, 8403
521, 260.5, 8239
522, 261, 8026
523, 261.5, 7751
524, 262, 7612
525, 262.5, 7356
526, 263, 7340
527, 263.5, 7231
528, 264, 7141
529, 264.5, 7085
530, 265, 7036
531, 265.5, 6807
532, 266, 6947
533, 266.5, 6778
534, 267, 6629
535, 267.5, 6655
536, 268, 6777
537, 268.5, 6593
538, 269, 6624
539, 269.5, 6344
540, 270, 6161
541, 270.5, 6417
542, 271, 6311
543, 271.5, 6117
544, 272, 6162
545, 272.5, 6104
546, 273, 6116
547, 273.5, 5986
548, 274, 6142
549, 274.5, 5983
550, 275, 5913
551, 275.5, 5788
552, 276, 5824
553, 276.5, 5705
554, 277, 5734
555, 277.5, 5635
556, 278, 5702
557, 278.5, 5598
558, 279, 5468
559, 279.5, 5525
560, 280, 5448
561, 280.5, 5328
562, 281, 5313
563, 281.5, 5306
564, 282, 5326
565, 282.5, 5343
566, 283, 5220
567, 283.5, 5261
568, 284, 5226
569, 284.5, 5206
570, 285, 5023
571, 285.5, 5071
572, 286, 4839
573, 286.5, 4981
574, 287, 4892
575, 287.5, 5028
576, 288, 4838
577, 288.5, 4906
578, 289, 4883
579, 289.5, 4811
580, 290, 4668
581, 290.5, 4708
582, 291, 4592
583, 291.5, 4607
584, 292, 4638
585, 292.5, 4571
586, 293, 4526
587, 293.5, 4538
588, 294, 4402
589, 294.5, 4508
590, 295, 4344
591, 295.5, 4214
592, 296, 4389
593, 296.5, 4230
594, 297, 4249
595, 297.5, 4204
596, 298, 4183
597, 298.5, 4271
598, 299, 4163
599, 299.5, 4137
600, 300, 4135
601, 300.5, 4011
602, 301, 4065
603, 301.5, 3999
604, 302, 4052
605, 302.5, 4005
606, 303, 3930
607, 303.5, 3751
608, 304, 3865
609, 304.5, 3905
610, 305, 3710
611, 305.5, 3755
612, 306, 3943
613, 306.5, 3697
614, 307, 3657
615, 307.5, 3736
616, 308, 3637
617, 308.5, 3751
618, 309, 3577
619, 309.5, 3626
620, 310, 3651
621, 310.5, 3540
622, 311, 3426
623, 311.5, 3483
624, 312, 3550
625, 312.5, 3524
626, 313, 3455
627, 313.5, 3469
628, 314, 3507
629, 314.5, 3442
630, 315, 3465
631, 315.5, 3495
632, 316, 3392
633, 316.5, 3362
634, 317, 3284
635, 317.5, 3488
636, 318, 3437
637, 318.5, 3424
638, 319, 3389
639, 319.5, 3424
640, 320, 3326
641, 320.5, 3434
642, 321, 3452
643, 321.5, 3455
644, 322, 3429
645, 322.5, 3363
646, 323, 3371
647, 323.5, 3507
648, 324, 3387
649, 324.5, 3293
650, 325, 3358
651, 325.5, 3342
652, 326, 3420
653, 326.5, 3419
654, 327, 3408
655, 327.5, 3436
656, 328, 3364
657, 328.5, 3448
658, 329, 3418
659, 329.5, 3365
660, 330, 3329
661, 330.5, 3331
662, 331, 3366
663, 331.5, 3388
664, 332, 3370
665, 332.5, 3374
666, 333, 3391
667, 333.5, 3345
668, 334, 3434
669, 334.5, 3369
670, 335, 3500
671, 335.5, 3372
672, 336, 3405
673, 336.5, 3400
674, 337, 3350
675, 337.5, 3399
676, 338, 3369
677, 338.5, 3345
678, 339, 3313
679, 339.5, 3284
680, 340, 3306
681, 340.5, 3405
682, 341, 3314
683, 341.5, 3270
684, 342, 3279
685, 342.5, 3355
686, 343, 3232
687, 343.5, 3290
688, 344, 3224
689, 344.5, 3223
690, 345, 3266
691, 345.5, 3319
692, 346, 3276
693, 346.5, 3262
694, 347, 3301
695, 347.5, 3335
696, 348, 3221
697, 348.5, 3321
698, 349, 3219
699, 349.5, 3301
700, 350, 3158
701, 350.5, 3265
702, 351, 3205
703, 351.5, 3254
704, 352, 3204
705, 352.5, 3159
706, 353, 3194
707, 353.5, 3224
708, 354, 3238
709, 354.5, 3251
710, 355, 3171
711, 355.5, 3093
712, 356, 3239
713, 356.5, 3324
714, 357, 3294
715, 357.5, 3361
716, 358, 3230
717, 358.5, 3188
718, 359, 3119
719, 359.5, 3287
720, 360, 3186
721, 360.5, 3210
722, 361, 3194
723, 361.5, 3175
724, 362, 3249
725, 362.5, 3196
726, 363, 3269
727, 363.5, 3181
728, 364, 3273
729, 364.5, 3165
730, 365, 3273
731, 365.5, 3139
732, 366, 3278
733, 366.5, 3335
734, 367, 3330
735, 367.5, 3280
736, 368, 3310
737, 368.5, 3482
738, 369, 3521
739, 369.5, 3651
740, 370, 4003
741, 370.5, 4808
742, 371, 6539
743, 371.5, 9812
744, 372, 15686
745, 372.5, 27030
746, 373, 70411
747, 373.5, 327896
748, 374, 674530
749, 374.5, 365920
750, 375, 56938
751, 375.5, 9985
752, 376, 6493
753, 376.5, 5625
754, 377, 4944
755, 377.5, 4523
756, 378, 4218
757, 378.5, 3961
758, 379, 3766
759, 379.5, 3547
760, 380, 3493
761, 380.5, 3386
762, 381, 3267
763, 381.5, 3152
764, 382, 3223
765, 382.5, 3150
766, 383, 3188
767, 383.5, 2967
768, 384, 2926
769, 384.5, 2872
770, 385, 2892
771, 385.5, 2626
772, 386, 2807
773, 386.5, 2805
774, 387, 2731
775, 387.5, 2731
776, 388, 2674
777, 388.5, 2754
778, 389, 2667
779, 389.5, 2653
780, 390, 2670
781, 390.5, 2606
782, 391, 2578
783, 391.5, 2596
784, 392, 2662
785, 392.5, 2494
786, 393, 2626
787, 393.5, 2596
788, 394, 2545
789, 394.5, 2467
790, 395, 2554
791, 395.5, 2527
792, 396, 2519
793, 396.5, 2610
794, 397, 2571
795, 397.5, 2518
796, 398, 2558
797, 398.5, 2452
798, 399, 2627
799, 399.5, 2738
800, 400, 2699
801, 400.5, 2685
802, 401, 2470
803, 401.5, 2544
804, 402, 2412
805, 402.5, 2550
806, 403, 2497
807, 403.5, 2466
808, 404, 2536
809, 404.5, 2429
810, 405, 2487
811, 405.5, 2435
812, 406, 2429
813, 406.5, 2457
814, 407, 2491
815, 407.5, 2503
816, 408, 2517
817, 408.5, 2422
818, 409, 2552
819, 409.5, 2512
820, 410, 2553
821, 410.5, 2571
822, 411, 2490
823, 411.5, 2524
824, 412, 2473
825, 412.5, 2524
826, 413, 2510
827, 413.5, 2576
828, 414, 2498
829, 414.5, 2612
830, 415, 2520
831, 415.5, 2536
832, 416, 2606
833, 416.5, 2446
834, 417, 2619
835, 417.5, 2707
836, 418, 2674
837, 418.5, 2566
838, 419, 2615
839, 419.5, 2753
840, 420, 2793
841, 420.5, 2840
842, 421, 3275
843, 421.5, 4459
844, 422, 4530
845, 422.5, 4460
846, 423, 5901
847, 423.5, 5144
848, 424, 2998
849, 424.5, 2550
850, 425, 2576
851, 425.5, 2517
852, 426, 2497
853, 426.5, 2619
854, 427, 2568
855, 427.5, 2593
856, 428, 2648
857, 428.5, 2802
858, 429, 3291
859, 429.5, 4049
860, 430, 3678
861, 430.5, 2920
862, 431, 2968
863, 431.5, 3073
864, 432, 2661
865, 432.5, 2560
866, 433, 2446
867, 433.5, 2433
868, 434, 2593
869, 434.5, 2533
870, 435, 2590
871, 435.5, 2496
872, 436, 2404
873, 436.5, 2547
874, 437, 2567
875, 437.5, 2602
876, 438, 2524
877, 438.5, 2543
878, 439, 2575
879, 439.5, 2545
880, 440, 2472
881, 440.5, 2603
882, 441, 2506
883, 441.5, 2566
884, 442, 2516
885, 442.5, 2442
886, 443, 2472
887, 443.5, 2600
888, 444, 2596
889, 444.5, 2604
890, 445, 2557
891, 445.5, 2453
892, 446, 2581
893, 446.5, 2577
894, 447, 2525
895, 447.5, 2570
896, 448, 2523
897, 448.5, 2593
898, 449, 2546
899, 449.5, 2593
900, 450, 2579
901, 450.5, 2676
902, 451, 2565
903, 451.5, 2653
904, 452, 2544
905, 452.5, 2589
906, 453, 2632
907, 453.5, 2675
908, 454, 2645
909, 454.5, 2672
910, 455, 2621
911, 455.5, 2649
912, 456, 2642
913, 456.5, 2681
914, 457, 2619
915, 457.5, 2682
916, 458, 2658
917, 458.5, 2638
918, 459, 2669
919, 459.5, 2612
920, 460, 2619
921, 460.5, 2720
922, 461, 2656
923, 461.5, 2661
924, 462, 2748
925, 462.5, 2701
926, 463, 2664
927, 463.5, 2727
928, 464, 2751
929, 464.5, 2730
930, 465, 2727
931, 465.5, 2668
932, 466, 2730
933, 466.5, 2724
934, 467, 2680
935, 467.5, 2804
936, 468, 2665
937, 468.5, 2659
938, 469, 2791
939, 469.5, 2719
940, 470, 2688
941, 470.5, 2767
942, 471, 2765
943, 471.5, 2775
944, 472, 2764
945, 472.5, 2675
946, 473, 2798
947, 473.5, 2881
948, 474, 2743
949, 474.5, 2649
950, 475, 2728
951, 475.5, 2854
952, 476, 2749
953, 476.5, 2772
954, 477, 2825
955, 477.5, 2847
956, 478, 2819
957, 478.5, 2813
958, 479, 2808
959, 479.5, 2884
960, 480, 2848
961, 480.5, 2808
962, 481, 2841
963, 481.5, 2794
964, 482, 2876
965, 482.5, 2953
966, 483, 3015
967, 483.5, 2905
968, 484, 2910
969, 484.5, 2927
970, 485, 2851
971, 485.5, 2873
972, 486, 2921
973, 486.5, 2866
974, 487, 2880
975, 487.5, 2950
976, 488, 2914
977, 488.5, 3057
978, 489, 2901
979, 489.5, 2929
980, 490, 2966
981, 490.5, 3110
982, 491, 3259
983, 491.5, 3117
984, 492, 3035
985, 492.5, 3025
986, 493, 2924
987, 493.5, 3023
988, 494, 3027
989, 494.5, 3005
990, 495, 3024
991, 495.5, 2913
992, 496, 3036
993, 496.5, 3047
994, 497, 3096
995, 497.5, 2999
996, 498, 3011
997, 498.5, 3024
998, 499, 3069
999, 499.5, 3119
1000, 500, 3018
1001, 500.5, 2970
1002, 501, 3040
1003, 501.5, 3033
1004, 502, 3061
1005, 502.5, 3080
1006, 503, 3199
1007, 503.5, 3122
1008, 504, 3112
1009, 504.5, 3252
1010, 505, 3136
1011, 505.5, 3150
1012, 506, 3107
1013, 506.5, 3193
1014, 507, 3180
1015, 507.5, 3264
1016, 508, 3251
1017, 508.5, 3183
1018, 509, 3263
1019, 509.5, 3161
1020, 510, 3357
1021, 510.5, 3332
1022, 511, 3267
1023, 511.5, 3354
1024, 512, 3306
1025, 512.5, 3224
1026, 513, 3242
1027, 513.5, 3402
1028, 514, 3371
1029, 514.5, 3313
1030, 515, 3536
1031, 515.5, 3313
1032, 516, 3346
1033, 516.5, 3375
1034, 517, 3380
1035, 517.5, 3423
1036, 518, 3300
1037, 518.5, 3493
1038, 519, 3350
1039, 519.5, 3434
1040, 520, 3388
1041, 520.5, 3445
1042, 521, 3456
1043, 521.5, 3506
1044, 522, 3505
1045, 522.5, 3526
1046, 523, 3503
1047, 523.5, 3518
1048, 524, 3449
1049, 524.5, 3532
1050, 525, 3564
1051, 525.5, 3626
1052, 526, 3594
1053, 526.5, 3570
1054, 527, 3596
1055, 527.5, 3553
1056, 528, 3518
1057, 528.5, 3704
1058, 529, 3761
1059, 529.5, 3524
1060, 530, 3692
1061, 530.5, 3676
1062, 531, 3688
1063, 531.5, 3591
1064, 532, 3742
1065, 532.5, 3751
1066, 533, 3671
1067, 533.5, 3790
1068, 534, 3852
1069, 534.5, 3958
1070, 535, 3838
1071, 535.5, 3659
1072, 536, 3782
1073, 536.5, 3730
1074, 537, 3871
1075, 537.5, 3862
1076, 538, 3907
1077, 538.5, 3844
1078, 539, 3995
1079, 539.5, 3952
1080, 540, 3797
1081, 540.5, 3949
1082, 541, 3884
1083, 541.5, 4001
1084, 542, 4083
1085, 542.5, 3831
1086, 543, 3977
1087, 543.5, 4140
1088, 544, 4086
1089, 544.5, 4146
1090, 545, 4114
1091, 545.5, 4186
1092, 546, 4203
1093, 546.5, 4137
1094, 547, 4129
1095, 547.5, 4257
1096, 548, 4184
1097, 548.5, 4189
1098, 549, 4326
1099, 549.5, 4249
1100, 550, 4269
1101, 550.5, 4168
1102, 551, 4225
1103, 551.5, 4250
1104, 552, 4359
1105, 552.5, 4450
1106, 553, 4400
1107, 553.5, 4424
1108, 554, 4515
1109, 554.5, 4451
1110, 555, 4473
1111, 555.5, 4459
1112, 556, 4441
1113, 556.5, 4599
1114, 557, 4383
1115, 557.5, 4517
1116, 558, 4387
1117, 558.5, 4456
1118, 559, 4412
1119, 559.5, 4411
1120, 560, 4431
1121, 560.5, 4397
1122, 561, 4271
1123, 561.5, 4172
1124, 562, 4147
1125, 562.5, 3916
1126, 563, 3772
1127, 563.5, 3639
1128, 564, 3562
1129, 564.5, 3455
1130, 565, 3282
1131, 565.5, 3174
1132, 566, 3087
1133, 566.5, 3201
1134, 567, 3067
1135, 567.5, 3098
1136, 568, 2944
1137, 568.5, 2933
1138, 569, 2837
1139, 569.5, 2904
1140, 570, 2778
1141, 570.5, 2712
1142, 571, 2714
1143, 571.5, 2829
1144, 572, 2728
1145, 572.5, 2725
1146, 573, 2793
1147, 573.5, 2651
1148, 574, 2644
1149, 574.5, 2706
1150, 575, 2714
1151, 575.5, 2590
1152, 576, 2612
1153, 576.5, 2575
1154, 577, 2524
1155, 577.5, 2642
1156, 578, 2496
1157, 578.5, 2445
1158, 579, 2498
1159, 579.5, 2483
1160, 580, 2508
1161, 580.5, 2513
1162, 581, 2360
1163, 581.5, 2433
1164, 582, 2432
1165, 582.5, 2343
1166, 583, 2333
1167, 583.5, 2397
1168, 584, 2381
1169, 584.5, 2324
1170, 585, 2338
1171, 585.5, 2290
1172, 586, 2358
1173, 586.5, 2230
1174, 587, 2269
1175, 587.5, 2255
1176, 588, 2307
1177, 588.5, 2375
1178, 589, 2686
1179, 589.5, 2784
1180, 590, 2444
1181, 590.5, 2237
1182, 591, 2182
1183, 591.5, 2187
1184, 592, 2190
1185, 592.5, 2056
1186, 593, 2148
1187, 593.5, 2134
1188, 594, 2112
1189, 594.5, 2170
1190, 595, 2058
1191, 595.5, 2028
1192, 596, 2004
1193, 596.5, 1955
1194, 597, 2054
1195, 597.5, 2110
1196, 598, 2070
1197, 598.5, 2056
1198, 599, 1971
1199, 599.5, 1929
1200, 600, 1859
1201, 600.5, 1886
1202, 601, 1921
1203, 601.5, 1907
1204, 602, 1887
1205, 602.5, 1976
1206, 603, 1822
1207, 603.5, 1820
1208, 604, 1845
1209, 604.5, 1873
1210, 605, 1799
1211, 605.5, 1789
1212, 606, 1768
1213, 606.5, 1709
1214, 607, 1710
1215, 607.5, 1737
1216, 608, 1643
1217, 608.5, 1771
1218, 609, 1682
1219, 609.5, 1677
1220, 610, 1636
1221, 610.5, 1567
1222, 611, 1612
1223, 611.5, 1571
1224, 612, 1649
1225, 612.5, 1603
1226, 613, 1604
1227, 613.5, 1489
1228, 614, 1515
1229, 614.5, 1510
1230, 615, 1495
1231, 615.5, 1500
1232, 616, 1455
1233, 616.5, 1419
1234, 617, 1351
1235, 617.5, 1357
1236, 618, 1368
1237, 618.5, 1384
1238, 619, 1342
1239, 619.5, 1295
1240, 620, 1418
1241, 620.5, 1330
1242, 621, 1350
1243, 621.5, 1268
1244, 622, 1270
1245, 622.5, 1319
1246, 623, 1210
1247, 623.5, 1196
1248, 624, 1219
1249, 624.5, 1258
1250, 625, 1212
1251, 625.5, 1175
1252, 626, 1163
1253, 626.5, 1193
1254, 627, 1130
1255, 627.5, 1122
1256, 628, 1113
1257, 628.5, 1136
1258, 629, 1230
1259, 629.5, 1144
1260, 630, 1100
1261, 630.5, 1090
1262, 631, 1082
1263, 631.5, 1066
1264, 632, 1109
1265, 632.5, 1072
1266, 633, 1022
1267, 633.5, 1094
1268, 634, 1068
1269, 634.5, 1042
1270, 635, 1026
1271, 635.5, 1094
1272, 636, 1098
1273, 636.5, 1036
1274, 637, 1076
1275, 637.5, 1009
1276, 638, 993
1277, 638.5, 991
1278, 639, 1062
1279, 639.5, 981
1280, 640, 951
1281, 640.5, 952
1282, 641, 938
1283, 641.5, 933
1284, 642, 978
1285, 642.5, 950
1286, 643, 979
1287, 643.5, 924
1288, 644, 983
1289, 644.5, 977
1290, 645, 883
1291, 645.5, 983
1292, 646, 916
1293, 646.5, 903
1294, 647, 943
1295, 647.5, 857
1296, 648, 930
1297, 648.5, 931
1298, 649, 916
1299, 649.5, 912
1300, 650, 895
1301, 650.5, 903
1302, 651, 864
1303, 651.5, 889
1304, 652, 869
1305, 652.5, 853
1306, 653, 870
1307, 653.5, 909
1308, 654, 849
1309, 654.5, 855
1310, 655, 918
1311, 655.5, 831
1312, 656, 916
1313, 656.5, 892
1314, 657, 894
1315, 657.5, 882
1316, 658, 879
1317, 658.5, 877
1318, 659, 798
1319, 659.5, 879
1320, 660, 916
1321, 660.5, 856
1322, 661, 839
1323, 661.5, 882
1324, 662, 891
1325, 662.5, 830
1326, 663, 855
1327, 663.5, 834
1328, 664, 861
1329, 664.5, 799
1330, 665, 904
1331, 665.5, 871
1332, 666, 798
1333, 666.5, 882
1334, 667, 892
1335, 667.5, 833
1336, 668, 868
1337, 668.5, 843
1338, 669, 868
1339, 669.5, 859
1340, 670, 817
1341, 670.5, 838
1342, 671, 828
1343, 671.5, 774
1344, 672, 813
1345, 672.5, 865
1346, 673, 831
1347, 673.5, 824
1348, 674, 825
1349, 674.5, 839
1350, 675, 820
1351, 675.5, 796
1352, 676, 852
1353, 676.5, 825
1354, 677, 822
1355, 677.5, 805
1356, 678, 744
1357, 678.5, 831
1358, 679, 776
1359, 679.5, 800
1360, 680, 771
1361, 680.5, 833
1362, 681, 830
1363, 681.5, 791
1364, 682, 798
1365, 682.5, 811
1366, 683, 785
1367, 683.5, 758
1368, 684, 840
1369, 684.5, 793
1370, 685, 786
1371, 685.5, 831
1372, 686, 794
1373, 686.5, 749
1374, 687, 788
1375, 687.5, 763
1376, 688, 809
1377, 688.5, 796
1378, 689, 736
1379, 689.5, 773
1380, 690, 862
1381, 690.5, 767
1382, 691, 906
1383, 691.5, 905
1384, 692, 877
1385, 692.5, 952
1386, 693, 981
1387, 693.5, 1033
1388, 694, 1313
1389, 694.5, 1746
1390, 695, 2606
1391, 695.5, 4050
1392, 696, 7301
1393, 696.5, 15658
1394, 697, 55691
1395, 697.5, 175269
1396, 698, 252520
1397, 698.5, 139883
1398, 699, 31358
1399, 699.5, 4979
1400, 700, 2384
1401, 700.5, 1932
1402, 701, 1631
1403, 701.5, 1505
1404, 702, 1419
1405, 702.5, 1244
1406, 703, 1188
1407, 703.5, 1079
1408, 704, 1088
1409, 704.5, 1047
1410, 705, 1006
1411, 705.5, 988
1412, 706, 950
1413, 706.5, 897
1414, 707, 881
1415, 707.5, 864
1416, 708, 874
1417, 708.5, 815
1418, 709, 834
1419, 709.5, 871
1420, 710, 844
1421, 710.5, 780
1422, 711, 782
1423, 711.5, 752
1424, 712, 795
1425, 712.5, 727
1426, 713, 744
1427, 713.5, 766
1428, 714, 749
1429, 714.5, 748
1430, 715, 727
1431, 715.5, 674
1432, 716, 714
1433, 716.5, 714
1434, 717, 669
1435, 717.5, 713
1436, 718, 697
1437, 718.5, 689
1438, 719, 740
1439, 719.5, 681
1440, 720, 713
1441, 720.5, 669
1442, 721, 664
1443, 721.5, 712
1444, 722, 654
1445, 722.5, 681
1446, 723, 657
1447, 723.5, 679
1448, 724, 687
1449, 724.5, 640
1450, 725, 676
1451, 725.5, 618
1452, 726, 688
1453, 726.5, 661
1454, 727, 670
1455, 727.5, 606
1456, 728, 651
1457, 728.5, 636
1458, 729, 630
1459, 729.5, 608
1460, 730, 648
1461, 730.5, 649
1462, 731, 627
1463, 731.5, 610
1464, 732, 595
1465, 732.5, 643
1466, 733, 635
1467, 733.5, 655
1468, 734, 619
1469, 734.5, 647
1470, 735, 699
1471, 735.5, 685
1472, 736, 608
1473, 736.5, 650
1474, 737, 664
1475, 737.5, 631
1476, 738, 665
1477, 738.5, 641
1478, 739, 641
1479, 739.5, 648
1480, 740, 679
1481, 740.5, 667
1482, 741, 642
1483, 741.5, 646
1484, 742, 648
1485, 742.5, 683
1486, 743, 621
1487, 743.5, 718
1488, 744, 670
1489, 744.5, 757
1490, 745, 813
1491, 745.5, 885
1492, 746, 886
1493, 746.5, 1046
1494, 747, 1189
1495, 747.5, 1150
1496, 748, 857
1497, 748.5, 664
1498, 749, 631
1499, 749.5, 610
1500, 750, 581
1501, 750.5, 619
1502, 751, 568
1503, 751.5, 641
1504, 752, 671
1505, 752.5, 708
1506, 753, 685
1507, 753.5, 777
1508, 754, 694
1509, 754.5, 641
1510, 755, 704
1511, 755.5, 634
1512, 756, 596
1513, 756.5, 637
1514, 757, 595
1515, 757.5, 589
1516, 758, 629
1517, 758.5, 591
1518, 759, 612
1519, 759.5, 614
1520, 760, 572
1521, 760.5, 614
1522, 761, 590
1523, 761.5, 570
1524, 762, 576
1525, 762.5, 595
1526, 763, 600
1527, 763.5, 553
1528, 764, 631
1529, 764.5, 604
1530, 765, 596
1531, 765.5, 556
1532, 766, 607
1533, 766.5, 617
1534, 767, 606
1535, 767.5, 602
1536, 768, 576
1537, 768.5, 653
1538, 769, 569
1539, 769.5, 560
1540, 770, 594
1541, 770.5, 617
1542, 771, 578
1543, 771.5, 645
1544, 772, 604
1545, 772.5, 604
1546, 773, 628
1547, 773.5, 547
1548, 774, 599
1549, 774.5, 550
1550, 775, 562
1551, 775.5, 593
1552, 776, 590
1553, 776.5, 600
1554, 777, 586
1555, 777.5, 597
1556, 778, 623
1557, 778.5, 575
1558, 779, 610
1559, 779.5, 584
1560, 780, 597
1561, 780.5, 605
1562, 781, 547
1563, 781.5, 620
1564, 782, 603
1565, 782.5, 591
1566, 783, 613
1567, 783.5, 625
1568, 784, 561
1569, 784.5, 539
1570, 785, 570
1571, 785.5, 568
1572, 786, 596
1573, 786.5, 594
1574, 787, 566
1575, 787.5, 585
1576, 788, 599
1577, 788.5, 541
1578, 789, 554
1579, 789.5, 544
1580, 790, 578
1581, 790.5, 605
1582, 791, 557
1583, 791.5, 555
1584, 792, 582
1585, 792.5, 531
1586, 793, 579
1587, 793.5, 580
1588, 794, 646
1589, 794.5, 538
1590, 795, 570
1591, 795.5, 556
1592, 796, 606
1593, 796.5, 567
1594, 797, 614
1595, 797.5, 563
1596, 798, 546
1597, 798.5, 565
1598, 799, 581
1599, 799.5, 568
1600, 800, 568
1601, 800.5, 574
1602, 801, 561
1603, 801.5, 603
1604, 802, 596
1605, 802.5, 568
1606, 803, 562
1607, 803.5, 568
1608, 804, 563
1609, 804.5, 566
1610, 805, 546
1611, 805.5, 575
1612, 806, 559
1613, 806.5, 518
1614, 807, 588
1615, 807.5, 562
1616, 808, 611
1617, 808.5, 569
1618, 809, 564
1619, 809.5, 556
1620, 810, 574
1621, 810.5, 557
1622, 811, 607
1623, 811.5, 531
1624, 812, 590
1625, 812.5, 571
1626, 813, 554
1627, 813.5, 608
1628, 814, 630
1629, 814.5, 564
1630, 815, 565
1631, 815.5, 549
1632, 816, 595
1633, 816.5, 604
1634, 817, 555
1635, 817.5, 596
1636, 818, 550
1637, 818.5, 607
1638, 819, 607
1639, 819.5, 593
1640, 820, 580
1641, 820.5, 580
1642, 821, 616
1643, 821.5, 547
1644, 822, 558
1645, 822.5, 580
1646, 823, 563
1647, 823.5, 566
1648, 824, 549
1649, 824.5, 605
1650, 825, 692
1651, 825.5, 843
1652, 826, 859
1653, 826.5, 783
1654, 827, 728
1655, 827.5, 661
1656, 828, 636
1657, 828.5, 575
1658, 829, 549
1659, 829.5, 576
1660, 830, 533
1661, 830.5, 544
1662, 831, 556
1663, 831.5, 533
1664, 832, 551
1665, 832.5, 553
1666, 833, 517
1667, 833.5, 530
1668, 834, 512
1669, 834.5, 609
1670, 835, 537
1671, 835.5, 532
1672, 836, 551
1673, 836.5, 504
1674, 837, 579
1675, 837.5, 541
1676, 838, 553
1677, 838.5, 541
1678, 839, 540
1679, 839.5, 565
1680, 840, 527
1681, 840.5, 541
1682, 841, 546
1683, 841.5, 536
1684, 842, 548
1685, 842.5, 547
1686, 843, 534
1687, 843.5, 542
1688, 844, 531
1689, 844.5, 524
1690, 845, 575
1691, 845.5, 537
1692, 846, 541
1693, 846.5, 566
1694, 847, 548
1695, 847.5, 586
1696, 848, 522
1697, 848.5, 528
1698, 849, 525
1699, 849.5, 530
1700, 850, 576
1701, 850.5, 500
1702, 851, 528
1703, 851.5, 474
1704, 852, 519
1705, 852.5, 514
1706, 853, 574
1707, 853.5, 518
1708, 854, 530
1709, 854.5, 544
1710, 855, 502
1711, 855.5, 536
1712, 856, 544
1713, 856.5, 541
1714, 857, 562
1715, 857.5, 538
1716, 858, 489
1717, 858.5, 558
1718, 859, 554
1719, 859.5, 536
1720, 860, 537
1721, 860.5, 539
1722, 861, 529
1723, 861.5, 522
1724, 862, 513
1725, 862.5, 556
1726, 863, 529
1727, 863.5, 551
1728, 864, 495
1729, 864.5, 523
1730, 865, 538
1731, 865.5, 494
1732, 866, 549
1733, 866.5, 520
1734, 867, 519
1735, 867.5, 518
1736, 868, 562
1737, 868.5, 511
1738, 869, 533
1739, 869.5, 535
1740, 870, 576
1741, 870.5, 514
1742, 871, 519
1743, 871.5, 562
1744, 872, 496
1745, 872.5, 528
1746, 873, 516
1747, 873.5, 543
1748, 874, 528
1749, 874.5, 552
1750, 875, 516
1751, 875.5, 528
1752, 876, 532
1753, 876.5, 487
1754, 877, 525
1755, 877.5, 534
1756, 878, 555
1757, 878.5, 576
1758, 879, 502
1759, 879.5, 509
1760, 880, 519
1761, 880.5, 499
1762, 881, 536
1763, 881.5, 533
1764, 882, 536
1765, 882.5, 530
1766, 883, 512
1767, 883.5, 533
1768, 884, 549
1769, 884.5, 525
1770, 885, 530
1771, 885.5, 547
1772, 886, 540
1773, 886.5, 556
1774, 887, 554
1775, 887.5, 560
1776, 888, 510
1777, 888.5, 554
1778, 889, 537
1779, 889.5, 543
1780, 890, 545
1781, 890.5, 550
1782, 891, 530
1783, 891.5, 563
1784, 892, 515
1785, 892.5, 521
1786, 893, 547
1787, 893.5, 547
1788, 894, 541
1789, 894.5, 550
1790, 895, 536
1791, 895.5, 574
1792, 896, 557
1793, 896.5, 567
1794, 897, 495
1795, 897.5, 538
1796, 898, 547
1797, 898.5, 520
1798, 899, 544
1799, 899.5, 547
1800, 900, 632
1801, 900.5, 577
1802, 901, 571
1803, 901.5, 534
1804, 902, 565
1805, 902.5, 563
1806, 903, 560
1807, 903.5, 586
1808, 904, 566
1809, 904.5, 573
1810, 905, 587
1811, 905.5, 571
1812, 906, 537
1813, 906.5, 596
1814, 907, 592
1815, 907.5, 595
1816, 908, 569
1817, 908.5, 565
1818, 909, 578
1819, 909.5, 557
1820, 910, 528
1821, 910.5, 570
1822, 911, 593
1823, 911.5, 578
1824, 912, 586
1825, 912.5, 593
1826, 913, 547
1827, 913.5, 586
1828, 914, 585
1829, 914.5, 617
1830, 915, 566
1831, 915.5, 587
1832, 916, 592
1833, 916.5, 575
1834, 917, 645
1835, 917.5, 659
1836, 918, 624
1837, 918.5, 612
1838, 919, 670
1839, 919.5, 600
1840, 920, 623
1841, 920.5, 599
1842, 921, 628
1843, 921.5, 627
1844, 922, 603
1845, 922.5, 587
1846, 923, 630
1847, 923.5, 608
1848, 924, 664
1849, 924.5, 645
1850, 925, 646
1851, 925.5, 638
1852, 926, 595
1853, 926.5, 632
1854, 927, 655
1855, 927.5, 580
1856, 928, 625
1857, 928.5, 664
1858, 929, 612
1859, 929.5, 645
1860, 930, 625
1861, 930.5, 630
1862, 931, 612
1863, 931.5, 652
1864, 932, 644
1865, 932.5, 600
1866, 933, 620
1867, 933.5, 630
1868, 934, 636
1869, 934.5, 625
1870, 935, 644
1871, 935.5, 624
1872, 936, 612
1873, 936.5, 628
1874, 937, 605
1875, 937.5, 604
1876, 938, 566
1877, 938.5, 628
1878, 939, 585
1879, 939.5, 592
1880, 940, 605
1881, 940.5, 572
1882, 941, 559
1883, 941.5, 559
1884, 942, 608
1885, 942.5, 576
1886, 943, 595
1887, 943.5, 600
1888, 944, 607
1889, 944.5, 585
1890, 945, 668
1891, 945.5, 756
1892, 946, 932
1893, 946.5, 800
1894, 947, 681
1895, 947.5, 568
1896, 948, 521
1897, 948.5, 559
1898, 949, 564
1899, 949.5, 597
1900, 950, 577
1901, 950.5, 602
1902, 951, 581
1903, 951.5, 570
1904, 952, 571
1905, 952.5, 535
1906, 953, 550
1907, 953.5, 580
1908, 954, 609
1909, 954.5, 557
1910, 955, 551
1911, 955.5, 534
1912, 956, 523
1913, 956.5, 562
1914, 957, 533
1915, 957.5, 619
1916, 958, 860
1917, 958.5, 927
1918, 959, 791
1919, 959.5, 609
1920, 960, 493
1921, 960.5, 461
1922, 961, 486
1923, 961.5, 481
1924, 962, 425
1925, 962.5, 456
1926, 963, 442
1927, 963.5, 439
1928, 964, 445
1929, 964.5, 424
1930, 965, 437
1931, 965.5, 460
1932, 966, 426
1933, 966.5, 456
1934, 967, 457
1935, 967.5, 416
1936, 968, 412
1937, 968.5, 435
1938, 969, 414
1939, 969.5, 407
1940, 970, 454
1941, 970.5, 442
1942, 971, 404
1943, 971.5, 419
1944, 972, 452
1945, 972.5, 428
1946, 973, 416
1947, 973.5, 442
1948, 974, 414
1949, 974.5, 414
1950, 975, 415
1951, 975.5, 402
1952, 976, 383
1953, 976.5, 416
1954, 977, 384
1955, 977.5, 402
1956, 978, 365
1957, 978.5, 384
1958, 979, 434
1959, 979.5, 376
1960, 980, 383
1961, 980.5, 417
1962, 981, 405
1963, 981.5, 358
1964, 982, 390
1965, 982.5, 408
1966, 983, 389
1967, 983.5, 408
1968, 984, 406
1969, 984.5, 368
1970, 985, 391
1971, 985.5, 377
1972, 986, 409
1973, 986.5, 380
1974, 987, 354
1975, 987.5, 379
1976, 988, 359
1977, 988.5, 371
1978, 989, 365
1979, 989.5, 373
1980, 990, 367
1981, 990.5, 341
1982, 991, 362
1983, 991.5, 405
1984, 992, 338
1985, 992.5, 362
1986, 993, 320
1987, 993.5, 343
1988, 994, 362
1989, 994.5, 336
1990, 995, 379
1991, 995.5, 342
1992, 996, 346
1993, 996.5, 358
1994, 997, 332
1995, 997.5, 342
1996, 998, 333
1997, 998.5, 326
1998, 999, 321
1999, 999.5, 365
2000, 1000, 376
2001, 1000.5, 344
2002, 1001, 366
2003, 1001.5, 344
2004, 1002, 358
2005, 1002.5, 348
2006, 1003, 368
2007, 1003.5, 365
2008, 1004, 322
2009, 1004.5, 339
2010, 1005, 367
2011, 1005.5, 315
2012, 1006, 356
2013, 1006.5, 336
2014, 1007, 353
2015, 1007.5, 320
2016, 1008, 323
2017, 1008.5, 327
2018, 1009, 340
2019, 1009.5, 351
2020, 1010, 334
2021, 1010.5, 337
2022, 1011, 338
2023, 1011.5, 337
2024, 1012, 341
2025, 1012.5, 335
2026, 1013, 361
2027, 1013.5, 276
2028, 1014, 305
2029, 1014.5, 312
2030, 1015, 279
2031, 1015.5, 278
2032, 1016, 294
2033, 1016.5, 278
2034, 1017, 282
2035, 1017.5, 255
2036, 1018, 251
2037, 1018.5, 272
2038, 1019, 272
2039, 1019.5, 242
2040, 1020, 260
2041, 1020.5, 251
2042, 1021, 258
2043, 1021.5, 237
2044, 1022, 256
2045, 1022.5, 260
2046, 1023, 239
2047, 1023.5, 243
2048, 1024, 239
2049, 1024.5, 238
2050, 1025, 223
2051, 1025.5, 220
2052, 1026, 229
2053, 1026.5, 249
2054, 1027, 236
2055, 1027.5, 202
2056, 1028, 236
2057, 1028.5, 212
2058, 1029, 244
2059, 1029.5, 234
2060, 1030, 234
2061, 1030.5, 231
2062, 1031, 230
2063, 1031.5, 216
2064, 1032, 198
2065, 1032.5, 207
2066, 1033, 230
2067, 1033.5, 171
2068, 1034, 178
2069, 1034.5, 204
2070, 1035, 219
2071, 1035.5, 245
2072, 1036, 202
2073, 1036.5, 205
2074, 1037, 218
2075, 1037.5, 209
2076, 1038, 199
2077, 1038.5, 203
2078, 1039, 201
2079, 1039.5, 198
2080, 1040, 206
2081, 1040.5, 200
2082, 1041, 225
2083, 1041.5, 205
2084, 1042, 229
2085, 1042.5, 205
2086, 1043, 225
2087, 1043.5, 209
2088, 1044, 217
2089, 1044.5, 197
2090, 1045, 217
2091, 1045.5, 171
2092, 1046, 170
2093, 1046.5, 196
2094, 1047, 221
2095, 1047.5, 188
2096, 1048, 181
2097, 1048.5, 193
2098, 1049, 180
2099, 1049.5, 206
2100, 1050, 190
2101, 1050.5, 176
2102, 1051, 197
2103, 1051.5, 183
2104, 1052, 183
2105, 1052.5, 187
2106, 1053, 172
2107, 1053.5, 166
2108, 1054, 184
2109, 1054.5, 190
2110, 1055, 190
2111, 1055.5, 174
2112, 1056, 193
2113, 1056.5, 187
2114, 1057, 189
2115, 1057.5, 202
2116, 1058, 176
2117, 1058.5, 171
2118, 1059, 184
2119, 1059.5, 172
2120, 1060, 195
2121, 1060.5, 193
2122, 1061, 176
2123, 1061.5, 171
2124, 1062, 173
2125, 1062.5, 166
2126, 1063, 161
2127, 1063.5, 178
2128, 1064, 179
2129, 1064.5, 179
2130, 1065, 186
2131, 1065.5, 210
2132, 1066, 179
2133, 1066.5, 194
2134, 1067, 196
2135, 1067.5, 216
2136, 1068, 233
2137, 1068.5, 269
2138, 1069, 379
2139, 1069.5, 618
2140, 1070, 1328
2141, 1070.5, 3697
2142, 1071, 9420
2143, 1071.5, 13642
2144, 1072, 10130
2145, 1072.5, 3741
2146, 1073, 770
2147, 1073.5, 251
2148, 1074, 142
2149, 1074.5, 167
2150, 1075, 147
2151, 1075.5, 134
2152, 1076, 154
2153, 1076.5, 125
2154, 1077, 113
2155, 1077.5, 132
2156, 1078, 107
2157, 1078.5, 106
2158, 1079, 101
2159, 1079.5, 105
2160, 1080, 103
2161, 1080.5, 109
2162, 1081, 93
2163, 1081.5, 91
2164, 1082, 87
2165, 1082.5, 94
2166, 1083, 89
2167, 1083.5, 66
2168, 1084, 84
2169, 1084.5, 84
2170, 1085, 77
2171, 1085.5, 73
2172, 1086, 75
2173, 1086.5, 104
2174, 1087, 82
2175, 1087.5, 89
2176, 1088, 80
2177, 1088.5, 76
2178, 1089, 95
2179, 1089.5, 79
2180, 1090, 76
2181, 1090.5, 67
2182, 1091, 84
2183, 1091.5, 77
2184, 1092, 75
2185, 1092.5, 65
2186, 1093, 75
2187, 1093.5, 74
2188, 1094, 63
2189, 1094.5, 56
2190, 1095, 80
2191, 1095.5, 78
2192, 1096, 64
2193, 1096.5, 58
2194, 1097, 54
2195, 1097.5, 61
2196, 1098, 57
2197, 1098.5, 77
2198, 1099, 75
2199, 1099.5, 61
2200, 1100, 51
2201, 1100.5, 63
2202, 1101, 71
2203, 1101.5, 61
2204, 1102, 60
2205, 1102.5, 64
2206, 1103, 49
2207, 1103.5, 79
2208, 1104, 47
2209, 1104.5, 52
2210, 1105, 64
2211, 1105.5, 58
2212, 1106, 63
2213, 1106.5, 43
2214, 1107, 41
2215, 1107.5, 58
2216, 1108, 61
2217, 1108.5, 83
2218, 1109, 58
2219, 1109.5, 55
2220, 1110, 50
2221, 1110.5, 56
2222, 1111, 60
2223, 1111.5, 54
2224, 1112, 69
2225, 1112.5, 76
2226, 1113, 60
2227, 1113.5, 61
2228, 1114, 55
2229, 1114.5, 62
2230, 1115, 52
2231, 1115.5, 59
2232, 1116, 61
2233, 1116.5, 66
2234, 1117, 62
2235, 1117.5, 54
2236, 1118, 58
2237, 1118.5, 54
2238, 1119, 56
2239, 1119.5, 68
2240, 1120, 63
2241, 1120.5, 58
2242, 1121, 61
2243, 1121.5, 65
2244, 1122, 49
2245, 1122.5, 68
2246, 1123, 60
2247, 1123.5, 62
2248, 1124, 51
2249, 1124.5, 57
2250, 1125, 64
2251, 1125.5, 56
2252, 1126, 52
2253, 1126.5, 51
2254, 1127, 64
2255, 1127.5, 61
2256, 1128, 57
2257, 1128.5, 65
2258, 1129, 46
2259, 1129.5, 52
2260, 1130, 51
2261, 1130.5, 34
2262, 1131, 56
2263, 1131.5, 47
2264, 1132, 45
2265, 1132.5, 48
2266, 1133, 57
2267, 1133.5, 47
2268, 1134, 54
2269, 1134.5, 60
2270, 1135, 53
2271, 1135.5, 63
2272, 1136, 49
2273, 1136.5, 46
2274, 1137, 46
2275, 1137.5, 37
2276, 1138, 53
2277, 1138.5, 44
2278, 1139, 40
2279, 1139.5, 51
2280, 1140, 48
2281, 1140.5, 55
2282, 1141, 54
2283, 1141.5, 47
2284, 1142, 45
2285, 1142.5, 49
2286, 1143, 41
2287, 1143.5, 45
2288, 1144, 37
2289, 1144.5, 48
2290, 1145, 42
2291, 1145.5, 54
2292, 1146, 51
2293, 1146.5, 40
2294, 1147, 50
2295, 1147.5, 43
2296, 1148, 32
2297, 1148.5, 46
2298, 1149, 48
2299, 1149.5, 44
2300, 1150, 42
2301, 1150.5, 63
2302, 1151, 45
2303, 1151.5, 62
2304, 1152, 44
2305, 1152.5, 41
2306, 1153, 42
2307, 1153.5, 46
2308, 1154, 43
2309, 1154.5, 41
2310, 1155, 53
2311, 1155.5, 55
2312, 1156, 47
2313, 1156.5, 69
2314, 1157, 104
2315, 1157.5, 126
2316, 1158, 187
2317, 1158.5, 203
2318, 1159, 352
2319, 1159.5, 737
2320, 1160, 1960
2321, 1160.5, 5785
2322, 1161, 11575
2323, 1161.5, 12493
2324, 1162, 6820
2325, 1162.5, 2019
2326, 1163, 431
2327, 1163.5, 128
2328, 1164, 123
2329, 1164.5, 98
2330, 1165, 87
2331, 1165.5, 70
2332, 1166, 69
2333, 1166.5, 63
2334, 1167, 77
2335, 1167.5, 74
2336, 1168, 65
2337, 1168.5, 67
2338, 1169, 53
2339, 1169.5, 65
2340, 1170, 50
2341, 1170.5, 55
2342, 1171, 60
2343, 1171.5, 48
2344, 1172, 52
2345, 1172.5, 58
2346, 1173, 55
2347, 1173.5, 45
2348, 1174, 44
2349, 1174.5, 39
2350, 1175, 47
2351, 1175.5, 45
2352, 1176, 50
2353, 1176.5, 45
2354, 1177, 55
2355, 1177.5, 42
2356, 1178, 30
2357, 1178.5, 46
2358, 1179, 41
2359, 1179.5, 36
2360, 1180, 25
2361, 1180.5, 41
2362, 1181, 37
2363, 1181.5, 38
2364, 1182, 46
2365, 1182.5, 31
2366, 1183, 51
2367, 1183.5, 39
2368, 1184, 51
2369, 1184.5, 49
2370, 1185, 46
2371, 1185.5, 32
2372, 1186, 51
2373, 1186.5, 39
2374, 1187, 37
2375, 1187.5, 43
2376, 1188, 43
2377, 1188.5, 40
2378, 1189, 37
2379, 1189.5, 52
2380, 1190, 44
2381, 1190.5, 31
2382, 1191, 45
2383, 1191.5, 36
2384, 1192, 46
2385, 1192.5, 37
2386, 1193, 50
2387, 1193.5, 43
2388, 1194, 32
2389, 1194.5, 39
2390, 1195, 26
2391, 1195.5, 29
2392, 1196, 40
2393, 1196.5, 34
2394, 1197, 39
2395, 1197.5, 32
2396, 1198, 40
2397, 1198.5, 49
2398, 1199, 55
2399, 1199.5, 45
2400, 1200, 47
2401, 1200.5, 45
2402, 1201, 49
2403, 1201.5, 42
2404, 1202, 39
2405, 1202.5, 43
2406, 1203, 36
2407, 1203.5, 50
2408, 1204, 37
2409, 1204.5, 45
2410, 1205, 36
2411, 1205.5, 40
2412, 1206, 51
2413, 1206.5, 40
2414, 1207, 31
2415, 1207.5, 32
2416, 1208, 35
2417, 1208.5, 45
2418, 1209, 42
2419, 1209.5, 49
2420, 1210, 44
2421, 1210.5, 51
2422, 1211, 42
2423, 1211.5, 30
2424, 1212, 37
2425, 1212.5, 45
2426, 1213, 24
2427, 1213.5, 47
2428, 1214, 37
2429, 1214.5, 46
2430, 1215, 40
2431, 1215.5, 34
2432, 1216, 41
2433, 1216.5, 44
2434, 1217, 39
2435, 1217.5, 33
2436, 1218, 43
2437, 1218.5, 52
2438, 1219, 45
2439, 1219.5, 36
2440, 1220, 44
2441, 1220.5, 46
2442, 1221, 39
2443, 1221.5, 38
2444, 1222, 30
2445, 1222.5, 30
2446, 1223, 31
2447, 1223.5, 31
2448, 1224, 43
2449, 1224.5, 37
2450, 1225, 37
2451, 1225.5, 47
2452, 1226, 35
2453, 1226.5, 35
2454, 1227, 41
2455, 1227.5, 32
2456, 1228, 39
2457, 1228.5, 48
2458, 1229, 33
2459, 1229.5, 42
2460, 1230, 27
2461, 1230.5, 36
2462, 1231, 33
2463, 1231.5, 42
2464, 1232, 26
2465, 1232.5, 27
2466, 1233, 36
2467, 1233.5, 35
2468, 1234, 37
2469, 1234.5, 39
2470, 1235, 46
2471, 1235.5, 39
2472, 1236, 33
2473, 1236.5, 27
2474, 1237, 30
2475, 1237.5, 36
2476, 1238, 32
2477, 1238.5, 42
2478, 1239, 37
2479, 1239.5, 31
2480, 1240, 41
2481, 1240.5, 38
2482, 1241, 37
2483, 1241.5, 34
2484, 1242, 34
2485, 1242.5, 33
2486, 1243, 42
2487, 1243.5, 24
2488, 1244, 46
2489, 1244.5, 37
2490, 1245, 28
2491, 1245.5, 34
2492, 1246, 32
2493, 1246.5, 31
2494, 1247, 30
2495, 1247.5, 32
2496, 1248, 24
2497, 1248.5, 32
2498, 1249, 39
2499, 1249.5, 34
2500, 1250, 23
2501, 1250.5, 44
2502, 1251, 36
2503, 1251.5, 42
2504, 1252, 37
2505, 1252.5, 42
2506, 1253, 41
2507, 1253.5, 40
2508, 1254, 37
2509, 1254.5, 39
2510, 1255, 28
2511, 1255.5, 23
2512, 1256, 25
2513, 1256.5, 43
2514, 1257, 36
2515, 1257.5, 33
2516, 1258, 42
2517, 1258.5, 27
2518, 1259, 20
2519, 1259.5, 41
2520, 1260, 32
2521, 1260.5, 32
2522, 1261, 29
2523, 1261.5, 28
2524, 1262, 33
2525, 1262.5, 29
2526, 1263, 26
2527, 1263.5, 33
2528, 1264, 44
2529, 1264.5, 33
2530, 1265, 36
2531, 1265.5, 27
2532, 1266, 29
2533, 1266.5, 33
2534, 1267, 28
2535, 1267.5, 34
2536, 1268, 31
2537, 1268.5, 26
2538, 1269, 32
2539, 1269.5, 35
2540, 1270, 35
2541, 1270.5, 32
2542, 1271, 26
2543, 1271.5, 34
2544, 1272, 40
2545, 1272.5, 39
2546, 1273, 30
2547, 1273.5, 28
2548, 1274, 32
2549, 1274.5, 30
2550, 1275, 36
2551, 1275.5, 26
2552, 1276, 32
2553, 1276.5, 25
2554, 1277, 41
2555, 1277.5, 30
2556, 1278, 35
2557, 1278.5, 39
2558, 1279, 29
2559, 1279.5, 21
2560, 1280, 26
2561, 1280.5, 36
2562, 1281, 27
2563, 1281.5, 33
2564, 1282, 33
2565, 1282.5, 36
2566, 1283, 28
2567, 1283.5, 36
2568, 1284, 24
2569, 1284.5, 33
2570, 1285, 34
2571, 1285.5, 33
2572, 1286, 31
2573, 1286.5, 41
2574, 1287, 35
2575, 1287.5, 37
2576, 1288, 32
2577, 1288.5, 32
2578, 1289, 20
2579, 1289.5, 32
2580, 1290, 33
2581, 1290.5, 30
2582, 1291, 30
2583, 1291.5, 27
2584, 1292, 26
2585, 1292.5, 26
2586, 1293, 23
2587, 1293.5, 31
2588, 1294, 33
2589, 1294.5, 34
2590, 1295, 37
2591, 1295.5, 26
2592, 1296, 34
2593, 1296.5, 27
2594, 1297, 27
2595, 1297.5, 32
2596, 1298, 22
2597, 1298.5, 39
2598, 1299, 39
2599, 1299.5, 32
2600, 1300, 28
2601, 1300.5, 34
2602, 1301, 24
2603, 1301.5, 32
2604, 1302, 33
2605, 1302.5, 24
2606, 1303, 33
2607, 1303.5, 26
2608, 1304, 26
2609, 1304.5, 25
2610, 1305, 26
2611, 1305.5, 24
2612, 1306, 25
2613, 1306.5, 24
2614, 1307, 44
2615, 1307.5, 37
2616, 1308, 21
2617, 1308.5, 33
2618, 1309, 33
2619, 1309.5, 26
2620, 1310, 22
2621, 1310.5, 30
2622, 1311, 30
2623, 1311.5, 30
2624, 1312, 27
2625, 1312.5, 30
2626, 1313, 21
2627, 1313.5, 26
2628, 1314, 38
2629, 1314.5, 31
2630, 1315, 26
2631, 1315.5, 21
2632, 1316, 23
2633, 1316.5, 21
2634, 1317, 29
2635, 1317.5, 20
2636, 1318, 23
2637, 1318.5, 26
2638, 1319, 22
2639, 1319.5, 24
2640, 1320, 32
2641, 1320.5, 26
2642, 1321, 35
2643, 1321.5, 35
2644, 1322, 30
2645, 1322.5, 28
2646, 1323, 32
2647, 1323.5, 27
2648, 1324, 44
2649, 1324.5, 25
2650, 1325, 27
2651, 1325.5, 28
2652, 1326, 27
2653, 1326.5, 23
2654, 1327, 27
2655, 1327.5, 22
2656, 1328, 28
2657, 1328.5, 28
2658, 1329, 31
2659, 1329.5, 21
2660, 1330, 23
2661, 1330.5, 22
2662, 1331, 22
2663, 1331.5, 19
2664, 1332, 21
2665, 1332.5, 25
2666, 1333, 28
2667, 1333.5, 29
2668, 1334, 28
2669, 1334.5, 27
2670, 1335, 33
2671, 1335.5, 24
2672, 1336, 23
2673, 1336.5, 20
2674, 1337, 29
2675, 1337.5, 31
2676, 1338, 30
2677, 1338.5, 29
2678, 1339, 30
2679, 1339.5, 29
2680, 1340, 20
2681, 1340.5, 25
2682, 1341, 26
2683, 1341.5, 30
2684, 1342, 31
2685, 1342.5, 36
2686, 1343, 22
2687, 1343.5, 28
2688, 1344, 28
2689, 1344.5, 29
2690, 1345, 24
2691, 1345.5, 31
2692, 1346, 26
2693, 1346.5, 35
2694, 1347, 29
2695, 1347.5, 25
2696, 1348, 22
2697, 1348.5, 25
2698, 1349, 29
2699, 1349.5, 26
2700, 1350, 29
2701, 1350.5, 24
2702, 1351, 25
2703, 1351.5, 24
2704, 1352, 30
2705, 1352.5, 25
2706, 1353, 36
2707, 1353.5, 29
2708, 1354, 37
2709, 1354.5, 19
2710, 1355, 35
2711, 1355.5, 27
2712, 1356, 25
2713, 1356.5, 24
2714, 1357, 28
2715, 1357.5, 16
2716, 1358, 26
2717, 1358.5, 35
2718, 1359, 23
2719, 1359.5, 33
2720, 1360, 21
2721, 1360.5, 33
2722, 1361, 23
2723, 1361.5, 26
2724, 1362, 31
2725, 1362.5, 34
2726, 1363, 25
2727, 1363.5, 18
2728, 1364, 33
2729, 1364.5, 27
2730, 1365, 21
2731, 1365.5, 40
2732, 1366, 38
2733, 1366.5, 23
2734, 1367, 25
2735, 1367.5, 34
2736, 1368, 27
2737, 1368.5, 36
2738, 1369, 19
2739, 1369.5, 30
2740, 1370, 30
2741, 1370.5, 30
2742, 1371, 25
2743, 1371.5, 31
2744, 1372, 29
2745, 1372.5, 30
2746, 1373, 33
2747, 1373.5, 27
2748, 1374, 26
2749, 1374.5, 41
2750, 1375, 31
2751, 1375.5, 27
2752, 1376, 35
2753, 1376.5, 29
2754, 1377, 22
2755, 1377.5, 27
2756, 1378, 42
2757, 1378.5, 47
2758, 1379, 33
2759, 1379.5, 47
2760, 1380, 35
2761, 1380.5, 38
2762, 1381, 43
2763, 1381.5, 34
2764, 1382, 34
2765, 1382.5, 24
2766, 1383, 30
2767, 1383.5, 26
2768, 1384, 26
2769, 1384.5, 27
2770, 1385, 22
2771, 1385.5, 27
2772, 1386, 32
2773, 1386.5, 33
2774, 1387, 29
2775, 1387.5, 24
2776, 1388, 26
2777, 1388.5, 27
2778, 1389, 34
2779, 1389.5, 42
2780, 1390, 31
2781, 1390.5, 39
2782, 1391, 28
2783, 1391.5, 28
2784, 1392, 35
2785, 1392.5, 40
2786, 1393, 34
2787, 1393.5, 40
2788, 1394, 34
2789, 1394.5, 58
2790, 1395, 81
2791, 1395.5, 82
2792, 1396, 39
2793, 1396.5, 25
2794, 1397, 29
2795, 1397.5, 19
2796, 1398, 19
2797, 1398.5, 20
2798, 1399, 29
2799, 1399.5, 20
2800, 1400, 30
2801, 1400.5, 19
2802, 1401, 17
2803, 1401.5, 30
2804, 1402, 30
2805, 1402.5, 29
2806, 1403, 19
2807, 1403.5, 27
2808, 1404, 31
2809, 1404.5, 23
2810, 1405, 18
2811, 1405.5, 24
2812, 1406, 31
2813, 1406.5, 21
2814, 1407, 33
2815, 1407.5, 23
2816, 1408, 29
2817, 1408.5, 21
2818, 1409, 21
2819, 1409.5, 26
2820, 1410, 17
2821, 1410.5, 19
2822, 1411, 27
2823, 1411.5, 27
2824, 1412, 40
2825, 1412.5, 31
2826, 1413, 29
2827, 1413.5, 32
2828, 1414, 28
2829, 1414.5, 34
2830, 1415, 28
2831, 1415.5, 24
2832, 1416, 24
2833, 1416.5, 29
2834, 1417, 31
2835, 1417.5, 19
2836, 1418, 15
2837, 1418.5, 24
2838, 1419, 29
2839, 1419.5, 16
2840, 1420, 23
2841, 1420.5, 28
2842, 1421, 23
2843, 1421.5, 25
2844, 1422, 17
2845, 1422.5, 20
2846, 1423, 27
2847, 1423.5, 18
2848, 1424, 23
2849, 1424.5, 17
2850, 1425, 14
2851, 1425.5, 14
2852, 1426, 28
2853, 1426.5, 12
2854, 1427, 10
2855, 1427.5, 24
2856, 1428, 9
2857, 1428.5, 17
2858, 1429, 12
2859, 1429.5, 18
2860, 1430, 12
2861, 1430.5, 13
2862, 1431, 13
2863, 1431.5, 17
2864, 1432, 13
2865, 1432.5, 11
2866, 1433, 14
2867, 1433.5, 23
2868, 1434, 15
2869, 1434.5, 11
2870, 1435, 22
2871, 1435.5, 18
2872, 1436, 16
2873, 1436.5, 9
2874, 1437, 16
2875, 1437.5, 8
2876, 1438, 14
2877, 1438.5, 16
2878, 1439, 12
2879, 1439.5, 12
2880, 1440, 5
2881, 1440.5, 21
2882, 1441, 17
2883, 1441.5, 20
2884, 1442, 22
2885, 1442.5, 26
2886, 1443, 15
2887, 1443.5, 24
2888, 1444, 29
2889, 1444.5, 24
2890, 1445, 30
2891, 1445.5, 31
2892, 1446, 29
2893, 1446.5, 17
2894, 1447, 12
2895, 1447.5, 12
2896, 1448, 12
2897, 1448.5, 13
2898, 1449, 17
2899, 1449.5, 8
2900, 1450, 8
2901, 1450.5, 11
2902, 1451, 13
2903, 1451.5, 9
2904, 1452, 11
2905, 1452.5, 15
2906, 1453, 13
2907, 1453.5, 5
2908, 1454, 6
2909, 1454.5, 11
2910, 1455, 8
2911, 1455.5, 4
2912, 1456, 10
2913, 1456.5, 13
2914, 1457, 11
2915, 1457.5, 12
2916, 1458, 10
2917, 1458.5, 9
2918, 1459, 9
2919, 1459.5, 8
2920, 1460, 8
2921, 1460.5, 9
2922, 1461, 11
2923, 1461.5, 11
2924, 1462, 10
2925, 1462.5, 9
2926, 1463, 9
2927, 1463.5, 8
2928, 1464, 6
2929, 1464.5, 3
2930, 1465, 6
2931, 1465.5, 6
2932, 1466, 8
2933, 1466.5, 3
2934, 1467, 9
2935, 1467.5, 4
2936, 1468, 12
2937, 1468.5, 7
2938, 1469, 4
2939, 1469.5, 3
2940, 1470, 12
2941, 1470.5, 8
2942, 1471, 9
2943, 1471.5, 7
2944, 1472, 8
2945, 1472.5, 9
2946, 1473, 6
2947, 1473.5, 7
2948, 1474, 9
2949, 1474.5, 7
2950, 1475, 5
2951, 1475.5, 4
2952, 1476, 8
2953, 1476.5, 9
2954, 1477, 5
2955, 1477.5, 9
2956, 1478, 9
2957, 1478.5, 5
2958, 1479, 11
2959, 1479.5, 3
2960, 1480, 7
2961, 1480.5, 8
2962, 1481, 11
2963, 1481.5, 6
2964, 1482, 11
2965, 1482.5, 9
2966, 1483, 3
2967, 1483.5, 7
2968, 1484, 6
2969, 1484.5, 10
2970, 1485, 9
2971, 1485.5, 5
2972, 1486, 7
2973, 1486.5, 8
2974, 1487, 7
2975, 1487.5, 10
2976, 1488, 3
2977, 1488.5, 7
2978, 1489, 8
2979, 1489.5, 9
2980, 1490, 8
2981, 1490.5, 5
2982, 1491, 7
2983, 1491.5, 6
2984, 1492, 7
2985, 1492.5, 6
2986, 1493, 5
2987, 1493.5, 4
2988, 1494, 14
2989, 1494.5, 5
2990, 1495, 6
2991, 1495.5, 16
2992, 1496, 5
2993, 1496.5, 5
2994, 1497, 8
2995, 1497.5, 9
2996, 1498, 8
2997, 1498.5, 9
2998, 1499, 10
2999, 1499.5, 2
3000, 1500, 6
3001, 1500.5, 6
3002, 1501, 4
3003, 1501.5, 8
3004, 1502, 9
3005, 1502.5, 5
3006, 1503, 9
3007, 1503.5, 9
3008, 1504, 7
3009, 1504.5, 10
3010, 1505, 10
3011, 1505.5, 8
3012, 1506, 2
3013, 1506.5, 0
3014, 1507, 5
3015, 1507.5, 4
3016, 1508, 6
3017, 1508.5, 7
3018, 1509, 10
3019, 1509.5, 4
3020, 1510, 6
3021, 1510.5, 9
3022, 1511, 5
3023, 1511.5, 4
3024, 1512, 8
3025, 1512.5, 4
3026, 1513, 4
3027, 1513.5, 5
3028, 1514, 2
3029, 1514.5, 8
3030, 1515, 7
3031, 1515.5, 5
3032, 1516, 5
3033, 1516.5, 7
3034, 1517, 6
3035, 1517.5, 3
3036, 1518, 4
3037, 1518.5, 3
3038, 1519, 5
3039, 1519.5, 12
3040, 1520, 7
3041, 1520.5, 6
3042, 1521, 7
3043, 1521.5, 9
3044, 1522, 6
3045, 1522.5, 5
3046, 1523, 4
3047, 1523.5, 4
3048, 1524, 6
3049, 1524.5, 5
3050, 1525, 3
3051, 1525.5, 6
3052, 1526, 7
3053, 1526.5, 4
3054, 1527, 8
3055, 1527.5, 9
3056, 1528, 5
3057, 1528.5, 7
3058, 1529, 10
3059, 1529.5, 8
3060, 1530, 7
3061, 1530.5, 10
3062, 1531, 12
3063, 1531.5, 11
3064, 1532, 19
3065, 1532.5, 42
3066, 1533, 123
3067, 1533.5, 268
3068, 1534, 517
3069, 1534.5, 732
3070, 1535, 493
3071, 1535.5, 201
3072, 1536, 48
3073, 1536.5, 13
3074, 1537, 7
3075, 1537.5, 9
3076, 1538, 7
3077, 1538.5, 3
3078, 1539, 2
3079, 1539.5, 5
3080, 1540, 6
3081, 1540.5, 3
3082, 1541, 4
3083, 1541.5, 3
3084, 1542, 5
3085, 1542.5, 5
3086, 1543, 4
3087, 1543.5, 2
3088, 1544, 4
3089, 1544.5, 4
3090, 1545, 5
3091, 1545.5, 5
3092, 1546, 9
3093, 1546.5, 5
3094, 1547, 3
3095, 1547.5, 3
3096, 1548, 1
3097, 1548.5, 6
3098, 1549, 3
3099, 1549.5, 5
3100, 1550, 3
3101, 1550.5, 3
3102, 1551, 3
3103, 1551.5, 1
3104, 1552, 1
3105, 1552.5, 4
3106, 1553, 5
3107, 1553.5, 2
3108, 1554, 3
3109, 1554.5, 4
3110, 1555, 3
3111, 1555.5, 1
3112, 1556, 3
3113, 1556.5, 3
3114, 1557, 5
3115, 1557.5, 3
3116, 1558, 0
3117, 1558.5, 4
3118, 1559, 5
3119, 1559.5, 4
3120, 1560, 4
3121, 1560.5, 1
3122, 1561, 1
3123, 1561.5, 6
3124, 1562, 4
3125, 1562.5, 2
3126, 1563, 1
3127, 1563.5, 3
3128, 1564, 0
3129, 1564.5, 0
3130, 1565, 1
3131, 1565.5, 3
3132, 1566, 4
3133, 1566.5, 1
3134, 1567, 3
3135, 1567.5, 6
3136, 1568, 1
3137, 1568.5, 1
3138, 1569, 5
3139, 1569.5, 7
3140, 1570, 3
3141, 1570.5, 1
3142, 1571, 1
3143, 1571.5, 5
3144, 1572, 3
3145, 1572.5, 4
3146, 1573, 2
3147, 1573.5, 1
3148, 1574, 1
3149, 1574.5, 1
3150, 1575, 3
3151, 1575.5, 1
3152, 1576, 2
3153, 1576.5, 1
3154, 1577, 4
3155, 1577.5, 1
3156, 1578, 3
3157, 1578.5, 1
3158, 1579, 0
3159, 1579.5, 2
3160, 1580, 2
3161, 1580.5, 3
3162, 1581, 4
3163, 1581.5, 3
3164, 1582, 2
3165, 1582.5, 4
3166, 1583, 4
3167, 1583.5, 4
3168, 1584, 4
3169, 1584.5, 5
3170, 1585, 3
3171, 1585.5, 2
3172, 1586, 1
3173, 1586.5, 3
3174, 1587, 3
3175, 1587.5, 2
3176, 1588, 2
3177, 1588.5, 3
3178, 1589, 5
3179, 1589.5, 1
3180, 1590, 2
3181, 1590.5, 3
3182, 1591, 2
3183, 1591.5, 6
3184, 1592, 3
3185, 1592.5, 3
3186, 1593, 2
3187, 1593.5, 3
3188, 1594, 3
3189, 1594.5, 3
3190, 1595, 2
3191, 1595.5, 4
3192, 1596, 4
3193, 1596.5, 5
3194, 1597, 4
3195, 1597.5, 5
3196, 1598, 1
3197, 1598.5, 2
3198, 1599, 6
3199, 1599.5, 2
3200, 1600, 2
3201, 1600.5, 2
3202, 1601, 4
3203, 1601.5, 4
3204, 1602, 3
3205, 1602.5, 5
3206, 1603, 3
3207, 1603.5, 2
3208, 1604, 3
3209, 1604.5, 4
3210, 1605, 2
3211, 1605.5, 1
3212, 1606, 1
3213, 1606.5, 2
3214, 1607, 2
3215, 1607.5, 2
3216, 1608, 4
3217, 1608.5, 1
3218, 1609, 1
3219, 1609.5, 3
3220, 1610, 3
3221, 1610.5, 1
3222, 1611, 1
3223, 1611.5, 2
3224, 1612, 1
3225, 1612.5, 2
3226, 1613, 1
3227, 1613.5, 3
3228, 1614, 2
3229, 1614.5, 1
3230, 1615, 4
3231, 1615.5, 2
3232, 1616, 2
3233, 1616.5, 1
3234, 1617, 2
3235, 1617.5, 3
3236, 1618, 2
3237, 1618.5, 2
3238, 1619, 3
3239, 1619.5, 4
3240, 1620, 2
3241, 1620.5, 1
3242, 1621, 1
3243, 1621.5, 1
3244, 1622, 1
3245, 1622.5, 0
3246, 1623, 2
3247, 1623.5, 2
3248, 1624, 2
3249, 1624.5, 1
3250, 1625, 1
3251, 1625.5, 2
3252, 1626, 2
3253, 1626.5, 4
3254, 1627, 3
3255, 1627.5, 2
3256, 1628, 2
3257, 1628.5, 2
3258, 1629, 1
3259, 1629.5, 2
3260, 1630, 1
3261, 1630.5, 2
3262, 1631, 0
3263, 1631.5, 1
3264, 1632, 1
3265, 1632.5, 0
3266, 1633, 3
3267, 1633.5, 2
3268, 1634, 2
3269, 1634.5, 2
3270, 1635, 0
3271, 1635.5, 2
3272, 1636, 1
3273, 1636.5, 1
3274, 1637, 3
3275, 1637.5, 2
3276, 1638, 0
3277, 1638.5, 0
3278, 1639, 1
3279, 1639.5, 1
3280, 1640, 0
3281, 1640.5, 1
3282, 1641, 0
3283, 1641.5, 2
3284, 1642, 1
3285, 1642.5, 2
3286, 1643, 1
3287, 1643.5, 0
3288, 1644, 1
3289, 1644.5, 1
3290, 1645, 4
3291, 1645.5, 0
3292, 1646, 1
3293, 1646.5, 0
3294, 1647, 1
3295, 1647.5, 0
3296, 1648, 1
3297, 1648.5, 0
3298, 1649, 0
3299, 1649.5, 2
3300, 1650, 0
3301, 1650.5, 2
3302, 1651, 0
3303, 1651.5, 0
3304, 1652, 1
3305, 1652.5, 1
3306, 1653, 0
3307, 1653.5, 2
3308, 1654, 0
3309, 1654.5, 0
3310, 1655, 5
3311, 1655.5, 3
3312, 1656, 3
3313, 1656.5, 2
3314, 1657, 1
3315, 1657.5, 1
3316, 1658, 3
3317, 1658.5, 4
3318, 1659, 4
3319, 1659.5, 1
3320, 1660, 1
3321, 1660.5, 2
3322, 1661, 1
3323, 1661.5, 3
3324, 1662, 0
3325, 1662.5, 1
3326, 1663, 1
3327, 1663.5, 3
3328, 1664, 0
3329, 1664.5, 0
3330, 1665, 1
3331, 1665.5, 1
3332, 1666, 2
3333, 1666.5, 3
3334, 1667, 3
3335, 1667.5, 1
3336, 1668, 1
3337, 1668.5, 0
3338, 1669, 2
3339, 1669.5, 6
3340, 1670, 0
3341, 1670.5, 0
3342, 1671, 0
3343, 1671.5, 2
3344, 1672, 1
3345, 1672.5, 0
3346, 1673, 2
3347, 1673.5, 2
3348, 1674, 2
3349, 1674.5, 0
3350, 1675, 0
3351, 1675.5, 2
3352, 1676, 1
3353, 1676.5, 5
3354, 1677, 0
3355, 1677.5, 1
3356, 1678, 3
3357, 1678.5, 2
3358, 1679, 4
3359, 1679.5, 1
3360, 1680, 1
3361, 1680.5, 1
3362, 1681, 0
3363, 1681.5, 1
3364, 1682, 0
3365, 1682.5, 0
3366, 1683, 1
3367, 1683.5, 0
3368, 1684, 2
3369, 1684.5, 2
3370, 1685, 2
3371, 1685.5, 0
3372, 1686, 1
3373, 1686.5, 1
3374, 1687, 0
3375, 1687.5, 1
3376, 1688, 2
3377, 1688.5, 2
3378, 1689, 1
3379, 1689.5, 0
3380, 1690, 3
3381, 1690.5, 2
3382, 1691, 1
3383, 1691.5, 2
3384, 1692, 2
3385, 1692.5, 0
3386, 1693, 1
3387, 1693.5, 3
3388, 1694, 4
3389, 1694.5, 3
3390, 1695, 1
3391, 1695.5, 0
3392, 1696, 2
3393, 1696.5, 0
3394, 1697, 0
3395, 1697.5, 0
3396, 1698, 1
3397, 1698.5, 0
3398, 1699, 1
3399, 1699.5, 0
3400, 1700, 1
3401, 1700.5, 0
3402, 1701, 1
3403, 1701.5, 1
3404, 1702, 1
3405, 1702.5, 1
3406, 1703, 1
3407, 1703.5, 0
3408, 1704, 0
3409, 1704.5, 1
3410, 1705, 2
3411, 1705.5, 0
3412, 1706, 0
3413, 1706.5, 2
3414, 1707, 2
3415, 1707.5, 2
3416, 1708, 0
3417, 1708.5, 1
3418, 1709, 0
3419, 1709.5, 1
3420, 1710, 1
3421, 1710.5, 3
3422, 1711, 0
3423, 1711.5, 1
3424, 1712, 1
3425, 1712.5, 7
3426, 1713, 8
3427, 1713.5, 24
3428, 1714, 60
3429, 1714.5, 74
3430, 1715, 65
3431, 1715.5, 54
3432, 1716, 27
3433, 1716.5, 5
3434, 1717, 1
3435, 1717.5, 0
3436, 1718, 0
3437, 1718.5, 0
3438, 1719, 3
3439, 1719.5, 1
3440, 1720, 2
3441, 1720.5, 1
3442, 1721, 2
3443, 1721.5, 1
3444, 1722, 0
3445, 1722.5, 0
3446, 1723, 1
3447, 1723.5, 3
3448, 1724, 0
3449, 1724.5, 0
3450, 1725, 0
3451, 1725.5, 0
3452, 1726, 0
3453, 1726.5, 0
3454, 1727, 0
3455, 1727.5, 4
3456, 1728, 1
3457, 1728.5, 1
3458, 1729, 1
3459, 1729.5, 0
3460, 1730, 0
3461, 1730.5, 0
3462, 1731, 0
3463, 1731.5, 2
3464, 1732, 1
3465, 1732.5, 0
3466, 1733, 2
3467, 1733.5, 3
3468, 1734, 0
3469, 1734.5, 0
3470, 1735, 1
3471, 1735.5, 0
3472, 1736, 0
3473, 1736.5, 0
3474, 1737, 1
3475, 1737.5, 1
3476, 1738, 0
3477, 1738.5, 2
3478, 1739, 0
3479, 1739.5, 1
3480, 1740, 1
3481, 1740.5, 0
3482, 1741, 1
3483, 1741.5, 3
3484, 1742, 2
3485, 1742.5, 0
3486, 1743, 2
3487, 1743.5, 1
3488, 1744, 1
3489, 1744.5, 1
3490, 1745, 1
3491, 1745.5, 0
3492, 1746, 1
3493, 1746.5, 2
3494, 1747, 0
3495, 1747.5, 1
3496, 1748, 0
3497, 1748.5, 3
3498, 1749, 0
3499, 1749.5, 1
3500, 1750, 1
3501, 1750.5, 0
3502, 1751, 2
3503, 1751.5, 1
3504, 1752, 1
3505, 1752.5, 0
3506, 1753, 4
3507, 1753.5, 1
3508, 1754, 0
3509, 1754.5, 0
3510, 1755, 1
3511, 1755.5, 1
3512, 1756, 3
3513, 1756.5, 0
3514, 1757, 0
3515, 1757.5, 1
3516, 1758, 1
3517, 1758.5, 1
3518, 1759, 0
3519, 1759.5, 1
3520, 1760, 0
3521, 1760.5, 1
3522, 1761, 1
3523, 1761.5, 0
3524, 1762, 1
3525, 1762.5, 1
3526, 1763, 0
3527, 1763.5, 2
3528, 1764, 0
3529, 1764.5, 1
3530, 1765, 0
3531, 1765.5, 0
3532, 1766, 1
3533, 1766.5, 2
3534, 1767, 4
3535, 1767.5, 2
3536, 1768, 3
3537, 1768.5, 6
3538, 1769, 3
3539, 1769.5, 4
3540, 1770, 0
3541, 1770.5, 0
3542, 1771, 0
3543, 1771.5, 0
3544, 1772, 0
3545, 1772.5, 0
3546, 1773, 0
3547, 1773.5, 0
3548, 1774, 2
3549, 1774.5, 0
3550, 1775, 0
3551, 1775.5, 1
3552, 1776, 1
3553, 1776.5, 0
3554, 1777, 0
3555, 1777.5, 1
3556, 1778, 0
3557, 1778.5, 0
3558, 1779, 3
3559, 1779.5, 0
3560, 1780, 0
3561, 1780.5, 0
3562, 1781, 0
3563, 1781.5, 1
3564, 1782, 0
3565, 1782.5, 1
3566, 1783, 1
3567, 1783.5, 1
3568, 1784, 0
3569, 1784.5, 1
3570, 1785, 0
3571, 1785.5, 2
3572, 1786, 0
3573, 1786.5, 0
3574, 1787, 1
3575, 1787.5, 1
3576, 1788, 0
3577, 1788.5, 2
3578, 1789, 1
3579, 1789.5, 0
3580, 1790, 2
3581, 1790.5, 0
3582, 1791, 0
3583, 1791.5, 0
3584, 1792, 1
3585, 1792.5, 0
3586, 1793, 1
3587, 1793.5, 1
3588, 1794, 1
3589, 1794.5, 2
3590, 1795, 1
3591, 1795.5, 0
3592, 1796, 0
3593, 1796.5, 0
3594, 1797, 0
3595, 1797.5, 0
3596, 1798, 0
3597, 1798.5, 0
3598, 1799, 0
3599, 1799.5, 0
3600, 1800, 0
3601, 1800.5, 0
3602, 1801, 0
3603, 1801.5, 1
3604, 1802, 0
3605, 1802.5, 0
3606, 1803, 0
3607, 1803.5, 0
3608, 1804, 0
3609, 1804.5, 0
3610, 1805, 1
3611, 1805.5, 1
3612, 1806, 1
3613, 1806.5, 2
3614, 1807, 0
3615, 1807.5, 0
3616, 1808, 1
3617, 1808.5, 0
3618, 1809, 0
3619, 1809.5, 1
3620, 1810, 1
3621, 1810.5, 0
3622, 1811, 0
3623, 1811.5, 0
3624, 1812, 1
3625, 1812.5, 0
3626, 1813, 0
3627, 1813.5, 1
3628, 1814, 2
3629, 1814.5, 0
3630, 1815, 2
3631, 1815.5, 0
3632, 1816, 0
3633, 1816.5, 0
3634, 1817, 1
3635, 1817.5, 0
3636, 1818, 1
3637, 1818.5, 0
3638, 1819, 0
3639, 1819.5, 2
3640, 1820, 0
3641, 1820.5, 0
3642, 1821, 0
3643, 1821.5, 0
3644, 1822, 0
3645, 1822.5, 0
3646, 1823, 0
3647, 1823.5, 0
3648, 1824, 0
3649, 1824.5, 0
3650, 1825, 0
3651, 1825.5, 0
3652, 1826, 2
3653, 1826.5, 0
3654, 1827, 0
3655, 1827.5, 0
3656, 1828, 1
3657, 1828.5, 1
3658, 1829, 1
3659, 1829.5, 0
3660, 1830, 1
3661, 1830.5, 0
3662, 1831, 1
3663, 1831.5, 1
3664, 1832, 0
3665, 1832.5, 0
3666, 1833, 0
3667, 1833.5, 0
3668, 1834, 0
3669, 1834.5, 0
3670, 1835, 0
3671, 1835.5, 0
3672, 1836, 1
3673, 1836.5, 2
3674, 1837, 0
3675, 1837.5, 0
3676, 1838, 0
3677, 1838.5, 1
3678, 1839, 0
3679, 1839.5, 1
3680, 1840, 0
3681, 1840.5, 0
3682, 1841, 0
3683, 1841.5, 0
3684, 1842, 0
3685, 1842.5, 0
3686, 1843, 0
3687, 1843.5, 1
3688, 1844, 0
3689, 1844.5, 0
3690, 1845, 0
3691, 1845.5, 2
3692, 1846, 1
3693, 1846.5, 3
3694, 1847, 0
3695, 1847.5, 1
3696, 1848, 0
3697, 1848.5, 1
3698, 1849, 0
3699, 1849.5, 1
3700, 1850, 0
3701, 1850.5, 1
3702, 1851, 0
3703, 1851.5, 0
3704, 1852, 0
3705, 1852.5, 0
3706, 1853, 0
3707, 1853.5, 1
3708, 1854, 2
3709, 1854.5, 1
3710, 1855, 1
3711, 1855.5, 0
3712, 1856, 1
3713, 1856.5, 1
3714, 1857, 1
3715, 1857.5, 3
3716, 1858, 5
3717, 1858.5, 5
3718, 1859, 4
3719, 1859.5, 3
3720, 1860, 1
3721, 1860.5, 1
3722, 1861, 0
3723, 1861.5, 1
3724, 1862, 0
3725, 1862.5, 1
3726, 1863, 0
3727, 1863.5, 0
3728, 1864, 1
3729, 1864.5, 1
3730, 1865, 0
3731, 1865.5, 0
3732, 1866, 0
3733, 1866.5, 0
3734, 1867, 1
3735, 1867.5, 1
3736, 1868, 2
3737, 1868.5, 1
3738, 1869, 1
3739, 1869.5, 0
3740, 1870, 0
3741, 1870.5, 2
3742, 1871, 1
3743, 1871.5, 0
3744, 1872, 0
3745, 1872.5, 0
3746, 1873, 1
3747, 1873.5, 0
3748, 1874, 1
3749, 1874.5, 0
3750, 1875, 1
3751, 1875.5, 0
3752, 1876, 0
3753, 1876.5, 1
3754, 1877, 1
3755, 1877.5, 0
3756, 1878, 0
3757, 1878.5, 0
3758, 1879, 1
3759, 1879.5, 1
3760, 1880, 0
3761, 1880.5, 1
3762, 1881, 0
3763, 1881.5, 1
3764, 1882, 0
3765, 1882.5, 0
3766, 1883, 0
3767, 1883.5, 0
3768, 1884, 0
3769, 1884.5, 1
3770, 1885, 0
3771, 1885.5, 1
3772, 1886, 0
3773, 1886.5, 0
3774, 1887, 0
3775, 1887.5, 0
3776, 1888, 1
3777, 1888.5, 0
3778, 1889, 0
3779, 1889.5, 0
3780, 1890, 0
3781, 1890.5, 0
3782, 1891, 0
3783, 1891.5, 0
3784, 1892, 0
3785, 1892.5, 0
3786, 1893, 0
3787, 1893.5, 0
3788, 1894, 0
3789, 1894.5, 0
3790, 1895, 1
3791, 1895.5, 0
3792, 1896, 0
3793, 1896.5, 0
3794, 1897, 1
3795, 1897.5, 0
3796, 1898, 0
3797, 1898.5, 0
3798, 1899, 0
3799, 1899.5, 0
3800, 1900, 0
3801, 1900.5, 0
3802, 1901, 0
3803, 1901.5, 0
3804, 1902, 0
3805, 1902.5, 0
3806, 1903, 0
3807, 1903.5, 0
3808, 1904, 0
3809, 1904.5, 0
3810, 1905, 0
3811, 1905.5, 0
3812, 1906, 0
3813, 1906.5, 0
3814, 1907, 1
3815, 1907.5, 0
3816, 1908, 0
3817, 1908.5, 2
3818, 1909, 0
3819, 1909.5, 1
3820, 1910, 0
3821, 1910.5, 1
3822, 1911, 2
3823, 1911.5, 0
3824, 1912, 2
3825, 1912.5, 0
3826, 1913, 0
3827, 1913.5, 1
3828, 1914, 1
3829, 1914.5, 0
3830, 1915, 0
3831, 1915.5, 0
3832, 1916, 0
3833, 1916.5, 0
3834, 1917, 0
3835, 1917.5, 0
3836, 1918, 0
3837, 1918.5, 0
3838, 1919, 0
3839, 1919.5, 0
3840, 1920, 0
3841, 1920.5, 0
3842, 1921, 0
3843, 1921.5, 0
3844, 1922, 0
3845, 1922.5, 0
3846, 1923, 0
3847, 1923.5, 0
3848, 1924, 0
3849, 1924.5, 0
3850, 1925, 0
3851, 1925.5, 1
3852, 1926, 1
3853, 1926.5, 0
3854, 1927, 1
3855, 1927.5, 0
3856, 1928, 0
3857, 1928.5, 0
3858, 1929, 0
3859, 1929.5, 1
3860, 1930, 0
3861, 1930.5, 1
3862, 1931, 1
3863, 1931.5, 1
3864, 1932, 0
3865, 1932.5, 0
3866, 1933, 1
3867, 1933.5, 1
3868, 1934, 0
3869, 1934.5, 0
3870, 1935, 0
3871, 1935.5, 0
3872, 1936, 0
3873, 1936.5, 2
3874, 1937, 1
3875, 1937.5, 0
3876, 1938, 1
3877, 1938.5, 0
3878, 1939, 1
3879, 1939.5, 1
3880, 1940, 0
3881, 1940.5, 0
3882, 1941, 0
3883, 1941.5, 0
3884, 1942, 0
3885, 1942.5, 0
3886, 1943, 0
3887, 1943.5, 0
3888, 1944, 0
3889, 1944.5, 0
3890, 1945, 0
3891, 1945.5, 0
3892, 1946, 1
3893, 1946.5, 0
3894, 1947, 1
3895, 1947.5, 0
3896, 1948, 0
3897, 1948.5, 1
3898, 1949, 0
3899, 1949.5, 0
3900, 1950, 1
3901, 1950.5, 0
3902, 1951, 1
3903, 1951.5, 0
3904, 1952, 1
3905, 1952.5, 0
3906, 1953, 0
3907, 1953.5, 0
3908, 1954, 0
3909, 1954.5, 0
3910, 1955, 0
3911, 1955.5, 0
3912, 1956, 0
3913, 1956.5, 0
3914, 1957, 0
3915, 1957.5, 0
3916, 1958, 0
3917, 1958.5, 1
3918, 1959, 0
3919, 1959.5, 0
3920, 1960, 0
3921, 1960.5, 0
3922, 1961, 0
3923, 1961.5, 1
3924, 1962, 0
3925, 1962.5, 0
3926, 1963, 0
3927, 1963.5, 1
3928, 1964, 2
3929, 1964.5, 2
3930, 1965, 0
3931, 1965.5, 0
3932, 1966, 1
3933, 1966.5, 0
3934, 1967, 1
3935, 1967.5, 0
3936, 1968, 0
3937, 1968.5, 1
3938, 1969, 0
3939, 1969.5, 0
3940, 1970, 0
3941, 1970.5, 0
3942, 1971, 0
3943, 1971.5, 0
3944, 1972, 0
3945, 1972.5, 1
3946, 1973, 0
3947, 1973.5, 0
3948, 1974, 1
3949, 1974.5, 0
3950, 1975, 0
3951, 1975.5, 1
3952, 1976, 1
3953, 1976.5, 0
3954, 1977, 0
3955, 1977.5, 0
3956, 1978, 1
3957, 1978.5, 0
3958, 1979, 1
3959, 1979.5, 0
3960, 1980, 0
3961, 1980.5, 0
3962, 1981, 0
3963, 1981.5, 0
3964, 1982, 0
3965, 1982.5, 0
3966, 1983, 0
3967, 1983.5, 0
3968, 1984, 0
3969, 1984.5, 0
3970, 1985, 0
3971, 1985.5, 0
3972, 1986, 0
3973, 1986.5, 0
3974, 1987, 1
3975, 1987.5, 0
3976, 1988, 0
3977, 1988.5, 0
3978, 1989, 0
3979, 1989.5, 0
3980, 1990, 0
3981, 1990.5, 0
3982, 1991, 0
3983, 1991.5, 0
3984, 1992, 0
3985, 1992.5, 0
3986, 1993, 0
3987, 1993.5, 0
3988, 1994, 0
3989, 1994.5, 0
3990, 1995, 1
3991, 1995.5, 0
3992, 1996, 1
3993, 1996.5, 0
3994, 1997, 0
3995, 1997.5, 1
3996, 1998, 0
3997, 1998.5, 0
3998, 1999, 0
3999, 1999.5, 1
4000, 2000, 0
4001, 2000.5, 0
4002, 2001, 0
4003, 2001.5, 0
4004, 2002, 0
4005, 2002.5, 1
4006, 2003, 0
4007, 2003.5, 1
4008, 2004, 0
4009, 2004.5, 0
4010, 2005, 1
4011, 2005.5, 0
4012, 2006, 0
4013, 2006.5, 1
4014, 2007, 0
4015, 2007.5, 1
4016, 2008, 0
4017, 2008.5, 0
4018, 2009, 0
4019, 2009.5, 0
4020, 2010, 0
4021, 2010.5, 0
4022, 2011, 0
4023, 2011.5, 0
4024, 2012, 1
4025, 2012.5, 1
4026, 2013, 0
4027, 2013.5, 0
4028, 2014, 1
4029, 2014.5, 0
4030, 2015, 0
4031, 2015.5, 0
4032, 2016, 0
4033, 2016.5, 0
4034, 2017, 0
4035, 2017.5, 0
4036, 2018, 0
4037, 2018.5, 0
4038, 2019, 0
4039, 2019.5, 0
4040, 2020, 0
4041, 2020.5, 1
4042, 2021, 1
4043, 2021.5, 0
4044, 2022, 2
4045, 2022.5, 0
4046, 2023, 0
4047, 2023.5, 0
4048, 2024, 0
4049, 2024.5, 1
4050, 2025, 0
4051, 2025.5, 2
4052, 2026, 0
4053, 2026.5, 1
4054, 2027, 0
4055, 2027.5, 1
4056, 2028, 1
4057, 2028.5, 0
4058, 2029, 2
4059, 2029.5, 0
4060, 2030, 0
4061, 2030.5, 0
4062, 2031, 0
4063, 2031.5, 0
4064, 2032, 0
4065, 2032.5, 1
4066, 2033, 0
4067, 2033.5, 0
4068, 2034, 0
4069, 2034.5, 0
4070, 2035, 0
4071, 2035.5, 0
4072, 2036, 1
4073, 2036.5, 0
4074, 2037, 0
4075, 2037.5, 0
4076, 2038, 0
4077, 2038.5, 0
4078, 2039, 0
4079, 2039.5, 1
4080, 2040, 0
4081, 2040.5, 0
4082, 2041, 0
4083, 2041.5, 0
4084, 2042, 0
4085, 2042.5, 0
4086, 2043, 0
4087, 2043.5, 1
4088, 2044, 0
4089, 2044.5, 0
4090, 2045, 0
4091, 2045.5, 0
4092, 2046, 0
4093, 2046.5, 0
4094, 2047, 0
4095, 2047.5, 0
4096, 2048, 0
