Start Time, Oct. 25, 2018 at 03:12:02 PM
Energy calibration,  Offset: 0, Slope: 0.5, Quadratic: 0
Live Time (s), 1225.22
Real Time (s), 1230.74
Elapsed Computational, 0
Spectrum
Channel, Energy (keV), Counts
1, 0.5, 19
2, 1, 3538
3, 1.5, 246
4, 2, 51
5, 2.5, 128
6, 3, 661
7, 3.5, 595
8, 4, 539
9, 4.5, 535
10, 5, 473
11, 5.5, 450
12, 6, 511
13, 6.5, 481
14, 7, 443
15, 7.5, 298
16, 8, 343
17, 8.5, 282
18, 9, 302
19, 9.5, 298
20, 10, 273
21, 10.5, 280
22, 11, 294
23, 11.5, 228
24, 12, 245
25, 12.5, 284
26, 13, 227
27, 13.5, 254
28, 14, 223
29, 14.5, 260
30, 15, 234
31, 15.5, 210
32, 16, 215
33, 16.5, 205
34, 17, 204
35, 17.5, 196
36, 18, 231
37, 18.5, 218
38, 19, 203
39, 19.5, 198
40, 20, 238
41, 20.5, 193
42, 21, 220
43, 21.5, 179
44, 22, 189
45, 22.5, 182
46, 23, 166
47, 23.5, 197
48, 24, 202
49, 24.5, 178
50, 25, 181
51, 25.5, 179
52, 26, 178
53, 26.5, 170
54, 27, 172
55, 27.5, 174
56, 28, 177
57, 28.5, 195
58, 29, 186
59, 29.5, 176
60, 30, 182
61, 30.5, 190
62, 31, 183
63, 31.5, 174
64, 32, 163
65, 32.5, 169
66, 33, 162
67, 33.5, 167
68, 34, 190
69, 34.5, 197
70, 35, 179
71, 35.5, 173
72, 36, 186
73, 36.5, 194
74, 37, 187
75, 37.5, 207
76, 38, 218
77, 38.5, 202
78, 39, 231
79, 39.5, 219
80, 40, 207
81, 40.5, 223
82, 41, 214
83, 41.5, 231
84, 42, 218
85, 42.5, 249
86, 43, 247
87, 43.5, 254
88, 44, 250
89, 44.5, 249
90, 45, 273
91, 45.5, 259
92, 46, 296
93, 46.5, 281
94, 47, 297
95, 47.5, 312
96, 48, 378
97, 48.5, 329
98, 49, 424
99, 49.5, 472
100, 50, 351
101, 50.5, 323
102, 51, 359
103, 51.5, 307
104, 52, 309
105, 52.5, 304
106, 53, 329
107, 53.5, 360
108, 54, 341
109, 54.5, 314
110, 55, 323
111, 55.5, 411
112, 56, 441
113, 56.5, 374
114, 57, 407
115, 57.5, 409
116, 58, 338
117, 58.5, 349
118, 59, 375
119, 59.5, 364
120, 60, 378
121, 60.5, 337
122, 61, 389
123, 61.5, 351
124, 62, 373
125, 62.5, 368
126, 63, 347
127, 63.5, 387
128, 64, 342
129, 64.5, 390
130, 65, 365
131, 65.5, 358
132, 66, 332
133, 66.5, 400
134, 67, 358
135, 67.5, 388
136, 68, 381
137, 68.5, 348
138, 69, 414
139, 69.5, 354
140, 70, 343
141, 70.5, 383
142, 71, 373
143, 71.5, 401
144, 72, 355
145, 72.5, 358
146, 73, 381
147, 73.5, 402
148, 74, 375
149, 74.5, 409
150, 75, 369
151, 75.5, 367
152, 76, 414
153, 76.5, 365
154, 77, 370
155, 77.5, 387
156, 78, 413
157, 78.5, 384
158, 79, 404
159, 79.5, 357
160, 80, 341
161, 80.5, 405
162, 81, 371
163, 81.5, 365
164, 82, 366
165, 82.5, 342
166, 83, 372
167, 83.5, 341
168, 84, 357
169, 84.5, 386
170, 85, 369
171, 85.5, 377
172, 86, 356
173, 86.5, 372
174, 87, 365
175, 87.5, 366
176, 88, 359
177, 88.5, 338
178, 89, 378
179, 89.5, 335
180, 90, 352
181, 90.5, 342
182, 91, 374
183, 91.5, 369
184, 92, 353
185, 92.5, 350
186, 93, 343
187, 93.5, 333
188, 94, 357
189, 94.5, 356
190, 95, 326
191, 95.5, 335
192, 96, 313
193, 96.5, 322
194, 97, 341
195, 97.5, 332
196, 98, 339
197, 98.5, 344
198, 99, 313
199, 99.5, 338
200, 100, 341
201, 100.5, 301
202, 101, 298
203, 101.5, 324
204, 102, 300
205, 102.5, 274
206, 103, 298
207, 103.5, 295
208, 104, 305
209, 104.5, 304
210, 105, 340
211, 105.5, 285
212, 106, 302
213, 106.5, 264
214, 107, 287
215, 107.5, 307
216, 108, 270
217, 108.5, 306
218, 109, 299
219, 109.5, 266
220, 110, 273
221, 110.5, 270
222, 111, 289
223, 111.5, 272
224, 112, 271
225, 112.5, 267
226, 113, 278
227, 113.5, 261
228, 114, 244
229, 114.5, 251
230, 115, 287
231, 115.5, 299
232, 116, 255
233, 116.5, 274
234, 117, 276
235, 117.5, 273
236, 118, 242
237, 118.5, 252
238, 119, 256
239, 119.5, 264
240, 120, 242
241, 120.5, 257
242, 121, 240
243, 121.5, 234
244, 122, 261
245, 122.5, 279
246, 123, 250
247, 123.5, 242
248, 124, 242
249, 124.5, 252
250, 125, 279
251, 125.5, 246
252, 126, 218
253, 126.5, 253
254, 127, 234
255, 127.5, 207
256, 128, 234
257, 128.5, 220
258, 129, 219
259, 129.5, 245
260, 130, 224
261, 130.5, 238
262, 131, 231
263, 131.5, 246
264, 132, 206
265, 132.5, 229
266, 133, 229
267, 133.5, 212
268, 134, 217
269, 134.5, 223
270, 135, 209
271, 135.5, 221
272, 136, 184
273, 136.5, 186
274, 137, 217
275, 137.5, 238
276, 138, 194
277, 138.5, 206
278, 139, 224
279, 139.5, 199
280, 140, 185
281, 140.5, 185
282, 141, 170
283, 141.5, 171
284, 142, 192
285, 142.5, 198
286, 143, 188
287, 143.5, 180
288, 144, 196
289, 144.5, 170
290, 145, 183
291, 145.5, 182
292, 146, 173
293, 146.5, 167
294, 147, 181
295, 147.5, 207
296, 148, 174
297, 148.5, 179
298, 149, 165
299, 149.5, 176
300, 150, 180
301, 150.5, 162
302, 151, 160
303, 151.5, 164
304, 152, 181
305, 152.5, 141
306, 153, 163
307, 153.5, 175
308, 154, 175
309, 154.5, 157
310, 155, 188
311, 155.5, 144
312, 156, 187
313, 156.5, 421
314, 157, 493
315, 157.5, 169
316, 158, 209
317, 158.5, 214
318, 159, 226
319, 159.5, 151
320, 160, 140
321, 160.5, 126
322, 161, 151
323, 161.5, 136
324, 162, 132
325, 162.5, 145
326, 163, 121
327, 163.5, 130
328, 164, 146
329, 164.5, 133
330, 165, 134
331, 165.5, 118
332, 166, 160
333, 166.5, 141
334, 167, 127
335, 167.5, 117
336, 168, 128
337, 168.5, 113
338, 169, 140
339, 169.5, 140
340, 170, 141
341, 170.5, 143
342, 171, 133
343, 171.5, 146
344, 172, 133
345, 172.5, 138
346, 173, 118
347, 173.5, 120
348, 174, 126
349, 174.5, 100
350, 175, 108
351, 175.5, 150
352, 176, 142
353, 176.5, 113
354, 177, 131
355, 177.5, 151
356, 178, 128
357, 178.5, 104
358, 179, 122
359, 179.5, 104
360, 180, 109
361, 180.5, 121
362, 181, 113
363, 181.5, 117
364, 182, 134
365, 182.5, 122
366, 183, 103
367, 183.5, 104
368, 184, 109
369, 184.5, 110
370, 185, 102
371, 185.5, 108
372, 186, 111
373, 186.5, 100
374, 187, 114
375, 187.5, 98
376, 188, 118
377, 188.5, 116
378, 189, 115
379, 189.5, 103
380, 190, 82
381, 190.5, 128
382, 191, 109
383, 191.5, 92
384, 192, 94
385, 192.5, 100
386, 193, 110
387, 193.5, 167
388, 194, 261
389, 194.5, 124
390, 195, 96
391, 195.5, 95
392, 196, 100
393, 196.5, 97
394, 197, 120
395, 197.5, 90
396, 198, 87
397, 198.5, 105
398, 199, 95
399, 199.5, 88
400, 200, 92
401, 200.5, 105
402, 201, 91
403, 201.5, 92
404, 202, 110
405, 202.5, 103
406, 203, 124
407, 203.5, 69
408, 204, 82
409, 204.5, 100
410, 205, 86
411, 205.5, 83
412, 206, 98
413, 206.5, 86
414, 207, 89
415, 207.5, 87
416, 208, 74
417, 208.5, 97
418, 209, 81
419, 209.5, 85
420, 210, 99
421, 210.5, 79
422, 211, 81
423, 211.5, 75
424, 212, 104
425, 212.5, 85
426, 213, 98
427, 213.5, 84
428, 214, 82
429, 214.5, 77
430, 215, 81
431, 215.5, 111
432, 216, 87
433, 216.5, 77
434, 217, 79
435, 217.5, 79
436, 218, 68
437, 218.5, 86
438, 219, 80
439, 219.5, 82
440, 220, 74
441, 220.5, 81
442, 221, 64
443, 221.5, 86
444, 222, 154
445, 222.5, 121
446, 223, 79
447, 223.5, 81
448, 224, 69
449, 224.5, 65
450, 225, 61
451, 225.5, 59
452, 226, 70
453, 226.5, 76
454, 227, 65
455, 227.5, 73
456, 228, 80
457, 228.5, 80
458, 229, 79
459, 229.5, 67
460, 230, 68
461, 230.5, 139
462, 231, 381
463, 231.5, 208
464, 232, 86
465, 232.5, 66
466, 233, 63
467, 233.5, 59
468, 234, 44
469, 234.5, 60
470, 235, 61
471, 235.5, 61
472, 236, 77
473, 236.5, 63
474, 237, 74
475, 237.5, 59
476, 238, 62
477, 238.5, 60
478, 239, 73
479, 239.5, 64
480, 240, 53
481, 240.5, 60
482, 241, 76
483, 241.5, 58
484, 242, 62
485, 242.5, 68
486, 243, 69
487, 243.5, 69
488, 244, 73
489, 244.5, 66
490, 245, 46
491, 245.5, 63
492, 246, 59
493, 246.5, 64
494, 247, 60
495, 247.5, 63
496, 248, 70
497, 248.5, 59
498, 249, 47
499, 249.5, 57
500, 250, 49
501, 250.5, 49
502, 251, 67
503, 251.5, 57
504, 252, 65
505, 252.5, 78
506, 253, 44
507, 253.5, 51
508, 254, 55
509, 254.5, 68
510, 255, 61
511, 255.5, 58
512, 256, 59
513, 256.5, 59
514, 257, 50
515, 257.5, 65
516, 258, 61
517, 258.5, 70
518, 259, 44
519, 259.5, 63
520, 260, 60
521, 260.5, 44
522, 261, 49
523, 261.5, 53
524, 262, 44
525, 262.5, 62
526, 263, 52
527, 263.5, 65
528, 264, 48
529, 264.5, 44
530, 265, 54
531, 265.5, 59
532, 266, 52
533, 266.5, 51
534, 267, 61
535, 267.5, 48
536, 268, 47
537, 268.5, 70
538, 269, 76
539, 269.5, 53
540, 270, 58
541, 270.5, 54
542, 271, 50
543, 271.5, 58
544, 272, 43
545, 272.5, 49
546, 273, 49
547, 273.5, 42
548, 274, 44
549, 274.5, 40
550, 275, 49
551, 275.5, 61
552, 276, 58
553, 276.5, 52
554, 277, 41
555, 277.5, 60
556, 278, 55
557, 278.5, 45
558, 279, 50
559, 279.5, 47
560, 280, 32
561, 280.5, 58
562, 281, 48
563, 281.5, 44
564, 282, 54
565, 282.5, 53
566, 283, 46
567, 283.5, 40
568, 284, 32
569, 284.5, 44
570, 285, 49
571, 285.5, 51
572, 286, 48
573, 286.5, 45
574, 287, 43
575, 287.5, 45
576, 288, 43
577, 288.5, 45
578, 289, 37
579, 289.5, 35
580, 290, 47
581, 290.5, 42
582, 291, 40
583, 291.5, 35
584, 292, 43
585, 292.5, 33
586, 293, 52
587, 293.5, 46
588, 294, 45
589, 294.5, 43
590, 295, 45
591, 295.5, 39
592, 296, 42
593, 296.5, 39
594, 297, 49
595, 297.5, 48
596, 298, 49
597, 298.5, 58
598, 299, 40
599, 299.5, 50
600, 300, 38
601, 300.5, 32
602, 301, 43
603, 301.5, 44
604, 302, 46
605, 302.5, 50
606, 303, 42
607, 303.5, 59
608, 304, 75
609, 304.5, 61
610, 305, 36
611, 305.5, 32
612, 306, 44
613, 306.5, 31
614, 307, 33
615, 307.5, 51
616, 308, 32
617, 308.5, 36
618, 309, 37
619, 309.5, 41
620, 310, 45
621, 310.5, 40
622, 311, 41
623, 311.5, 35
624, 312, 43
625, 312.5, 28
626, 313, 36
627, 313.5, 50
628, 314, 41
629, 314.5, 36
630, 315, 40
631, 315.5, 40
632, 316, 40
633, 316.5, 37
634, 317, 44
635, 317.5, 31
636, 318, 30
637, 318.5, 31
638, 319, 38
639, 319.5, 37
640, 320, 36
641, 320.5, 33
642, 321, 31
643, 321.5, 35
644, 322, 26
645, 322.5, 44
646, 323, 36
647, 323.5, 36
648, 324, 38
649, 324.5, 48
650, 325, 25
651, 325.5, 23
652, 326, 41
653, 326.5, 40
654, 327, 42
655, 327.5, 34
656, 328, 33
657, 328.5, 41
658, 329, 43
659, 329.5, 41
660, 330, 27
661, 330.5, 36
662, 331, 31
663, 331.5, 47
664, 332, 36
665, 332.5, 36
666, 333, 30
667, 333.5, 36
668, 334, 47
669, 334.5, 34
670, 335, 99
671, 335.5, 89
672, 336, 65
673, 336.5, 46
674, 337, 29
675, 337.5, 26
676, 338, 28
677, 338.5, 58
678, 339, 31
679, 339.5, 34
680, 340, 28
681, 340.5, 38
682, 341, 45
683, 341.5, 20
684, 342, 37
685, 342.5, 39
686, 343, 25
687, 343.5, 33
688, 344, 31
689, 344.5, 35
690, 345, 31
691, 345.5, 26
692, 346, 40
693, 346.5, 29
694, 347, 23
695, 347.5, 37
696, 348, 43
697, 348.5, 40
698, 349, 39
699, 349.5, 38
700, 350, 32
701, 350.5, 28
702, 351, 26
703, 351.5, 30
704, 352, 37
705, 352.5, 32
706, 353, 33
707, 353.5, 39
708, 354, 37
709, 354.5, 29
710, 355, 34
711, 355.5, 30
712, 356, 30
713, 356.5, 37
714, 357, 31
715, 357.5, 23
716, 358, 34
717, 358.5, 35
718, 359, 28
719, 359.5, 38
720, 360, 25
721, 360.5, 34
722, 361, 29
723, 361.5, 31
724, 362, 21
725, 362.5, 40
726, 363, 32
727, 363.5, 37
728, 364, 25
729, 364.5, 32
730, 365, 38
731, 365.5, 27
732, 366, 28
733, 366.5, 23
734, 367, 26
735, 367.5, 34
736, 368, 30
737, 368.5, 36
738, 369, 38
739, 369.5, 44
740, 370, 29
741, 370.5, 29
742, 371, 30
743, 371.5, 38
744, 372, 35
745, 372.5, 32
746, 373, 31
747, 373.5, 32
748, 374, 34
749, 374.5, 30
750, 375, 35
751, 375.5, 29
752, 376, 23
753, 376.5, 30
754, 377, 28
755, 377.5, 38
756, 378, 33
757, 378.5, 30
758, 379, 28
759, 379.5, 21
760, 380, 25
761, 380.5, 40
762, 381, 24
763, 381.5, 31
764, 382, 48
765, 382.5, 165
766, 383, 206
767, 383.5, 70
768, 384, 30
769, 384.5, 22
770, 385, 26
771, 385.5, 21
772, 386, 26
773, 386.5, 27
774, 387, 32
775, 387.5, 31
776, 388, 27
777, 388.5, 27
778, 389, 31
779, 389.5, 31
780, 390, 23
781, 390.5, 33
782, 391, 27
783, 391.5, 29
784, 392, 26
785, 392.5, 23
786, 393, 34
787, 393.5, 30
788, 394, 34
789, 394.5, 27
790, 395, 24
791, 395.5, 27
792, 396, 26
793, 396.5, 23
794, 397, 30
795, 397.5, 34
796, 398, 26
797, 398.5, 27
798, 399, 36
799, 399.5, 157
800, 400, 233
801, 400.5, 133
802, 401, 23
803, 401.5, 25
804, 402, 18
805, 402.5, 15
806, 403, 19
807, 403.5, 17
808, 404, 21
809, 404.5, 25
810, 405, 13
811, 405.5, 20
812, 406, 32
813, 406.5, 25
814, 407, 17
815, 407.5, 15
816, 408, 25
817, 408.5, 25
818, 409, 17
819, 409.5, 22
820, 410, 20
821, 410.5, 14
822, 411, 19
823, 411.5, 26
824, 412, 29
825, 412.5, 27
826, 413, 24
827, 413.5, 28
828, 414, 32
829, 414.5, 31
830, 415, 27
831, 415.5, 28
832, 416, 19
833, 416.5, 20
834, 417, 25
835, 417.5, 25
836, 418, 22
837, 418.5, 25
838, 419, 21
839, 419.5, 32
840, 420, 27
841, 420.5, 21
842, 421, 19
843, 421.5, 16
844, 422, 20
845, 422.5, 21
846, 423, 15
847, 423.5, 27
848, 424, 28
849, 424.5, 29
850, 425, 27
851, 425.5, 23
852, 426, 21
853, 426.5, 24
854, 427, 26
855, 427.5, 26
856, 428, 21
857, 428.5, 19
858, 429, 16
859, 429.5, 23
860, 430, 19
861, 430.5, 28
862, 431, 17
863, 431.5, 22
864, 432, 29
865, 432.5, 32
866, 433, 17
867, 433.5, 24
868, 434, 28
869, 434.5, 31
870, 435, 32
871, 435.5, 30
872, 436, 18
873, 436.5, 33
874, 437, 36
875, 437.5, 28
876, 438, 27
877, 438.5, 35
878, 439, 20
879, 439.5, 20
880, 440, 29
881, 440.5, 24
882, 441, 24
883, 441.5, 21
884, 442, 23
885, 442.5, 20
886, 443, 23
887, 443.5, 24
888, 444, 21
889, 444.5, 18
890, 445, 19
891, 445.5, 24
892, 446, 16
893, 446.5, 23
894, 447, 27
895, 447.5, 25
896, 448, 18
897, 448.5, 23
898, 449, 18
899, 449.5, 19
900, 450, 13
901, 450.5, 19
902, 451, 24
903, 451.5, 16
904, 452, 20
905, 452.5, 22
906, 453, 23
907, 453.5, 28
908, 454, 20
909, 454.5, 24
910, 455, 18
911, 455.5, 19
912, 456, 31
913, 456.5, 21
914, 457, 17
915, 457.5, 25
916, 458, 22
917, 458.5, 30
918, 459, 26
919, 459.5, 20
920, 460, 17
921, 460.5, 23
922, 461, 26
923, 461.5, 21
924, 462, 31
925, 462.5, 23
926, 463, 9
927, 463.5, 25
928, 464, 22
929, 464.5, 21
930, 465, 22
931, 465.5, 19
932, 466, 15
933, 466.5, 24
934, 467, 22
935, 467.5, 20
936, 468, 22
937, 468.5, 28
938, 469, 15
939, 469.5, 15
940, 470, 17
941, 470.5, 23
942, 471, 17
943, 471.5, 14
944, 472, 26
945, 472.5, 19
946, 473, 18
947, 473.5, 29
948, 474, 19
949, 474.5, 23
950, 475, 16
951, 475.5, 21
952, 476, 27
953, 476.5, 23
954, 477, 39
955, 477.5, 66
956, 478, 24
957, 478.5, 18
958, 479, 30
959, 479.5, 20
960, 480, 19
961, 480.5, 16
962, 481, 21
963, 481.5, 20
964, 482, 19
965, 482.5, 33
966, 483, 22
967, 483.5, 18
968, 484, 14
969, 484.5, 30
970, 485, 20
971, 485.5, 21
972, 486, 24
973, 486.5, 28
974, 487, 13
975, 487.5, 23
976, 488, 13
977, 488.5, 12
978, 489, 16
979, 489.5, 13
980, 490, 14
981, 490.5, 23
982, 491, 12
983, 491.5, 24
984, 492, 18
985, 492.5, 21
986, 493, 21
987, 493.5, 14
988, 494, 24
989, 494.5, 18
990, 495, 21
991, 495.5, 26
992, 496, 19
993, 496.5, 22
994, 497, 19
995, 497.5, 19
996, 498, 18
997, 498.5, 20
998, 499, 9
999, 499.5, 20
1000, 500, 15
1001, 500.5, 19
1002, 501, 20
1003, 501.5, 21
1004, 502, 26
1005, 502.5, 15
1006, 503, 24
1007, 503.5, 28
1008, 504, 38
1009, 504.5, 45
1010, 505, 35
1011, 505.5, 23
1012, 506, 16
1013, 506.5, 18
1014, 507, 19
1015, 507.5, 24
1016, 508, 18
1017, 508.5, 9
1018, 509, 12
1019, 509.5, 10
1020, 510, 19
1021, 510.5, 10
1022, 511, 14
1023, 511.5, 15
1024, 512, 20
1025, 512.5, 17
1026, 513, 17
1027, 513.5, 17
1028, 514, 16
1029, 514.5, 13
1030, 515, 14
1031, 515.5, 30
1032, 516, 31
1033, 516.5, 19
1034, 517, 14
1035, 517.5, 11
1036, 518, 23
1037, 518.5, 22
1038, 519, 27
1039, 519.5, 20
1040, 520, 13
1041, 520.5, 14
1042, 521, 16
1043, 521.5, 34
1044, 522, 37
1045, 522.5, 28
1046, 523, 14
1047, 523.5, 14
1048, 524, 16
1049, 524.5, 15
1050, 525, 14
1051, 525.5, 12
1052, 526, 9
1053, 526.5, 8
1054, 527, 17
1055, 527.5, 18
1056, 528, 14
1057, 528.5, 9
1058, 529, 24
1059, 529.5, 22
1060, 530, 18
1061, 530.5, 11
1062, 531, 22
1063, 531.5, 16
1064, 532, 9
1065, 532.5, 23
1066, 533, 17
1067, 533.5, 24
1068, 534, 15
1069, 534.5, 15
1070, 535, 20
1071, 535.5, 18
1072, 536, 12
1073, 536.5, 18
1074, 537, 14
1075, 537.5, 21
1076, 538, 9
1077, 538.5, 11
1078, 539, 14
1079, 539.5, 13
1080, 540, 13
1081, 540.5, 23
1082, 541, 12
1083, 541.5, 8
1084, 542, 18
1085, 542.5, 14
1086, 543, 11
1087, 543.5, 14
1088, 544, 16
1089, 544.5, 13
1090, 545, 17
1091, 545.5, 17
1092, 546, 21
1093, 546.5, 15
1094, 547, 13
1095, 547.5, 15
1096, 548, 14
1097, 548.5, 19
1098, 549, 15
1099, 549.5, 10
1100, 550, 21
1101, 550.5, 14
1102, 551, 12
1103, 551.5, 16
1104, 552, 20
1105, 552.5, 14
1106, 553, 18
1107, 553.5, 10
1108, 554, 21
1109, 554.5, 18
1110, 555, 12
1111, 555.5, 17
1112, 556, 24
1113, 556.5, 18
1114, 557, 14
1115, 557.5, 12
1116, 558, 19
1117, 558.5, 16
1118, 559, 21
1119, 559.5, 13
1120, 560, 12
1121, 560.5, 7
1122, 561, 13
1123, 561.5, 16
1124, 562, 14
1125, 562.5, 9
1126, 563, 16
1127, 563.5, 13
1128, 564, 20
1129, 564.5, 33
1130, 565, 45
1131, 565.5, 24
1132, 566, 17
1133, 566.5, 15
1134, 567, 15
1135, 567.5, 16
1136, 568, 13
1137, 568.5, 14
1138, 569, 16
1139, 569.5, 6
1140, 570, 16
1141, 570.5, 14
1142, 571, 18
1143, 571.5, 9
1144, 572, 21
1145, 572.5, 10
1146, 573, 12
1147, 573.5, 16
1148, 574, 18
1149, 574.5, 18
1150, 575, 15
1151, 575.5, 18
1152, 576, 15
1153, 576.5, 23
1154, 577, 19
1155, 577.5, 16
1156, 578, 16
1157, 578.5, 14
1158, 579, 19
1159, 579.5, 15
1160, 580, 8
1161, 580.5, 10
1162, 581, 11
1163, 581.5, 13
1164, 582, 15
1165, 582.5, 14
1166, 583, 12
1167, 583.5, 14
1168, 584, 14
1169, 584.5, 18
1170, 585, 13
1171, 585.5, 23
1172, 586, 14
1173, 586.5, 14
1174, 587, 17
1175, 587.5, 15
1176, 588, 12
1177, 588.5, 11
1178, 589, 8
1179, 589.5, 15
1180, 590, 12
1181, 590.5, 12
1182, 591, 16
1183, 591.5, 7
1184, 592, 13
1185, 592.5, 20
1186, 593, 17
1187, 593.5, 18
1188, 594, 17
1189, 594.5, 17
1190, 595, 18
1191, 595.5, 12
1192, 596, 11
1193, 596.5, 15
1194, 597, 19
1195, 597.5, 57
1196, 598, 147
1197, 598.5, 94
1198, 599, 23
1199, 599.5, 10
1200, 600, 10
1201, 600.5, 15
1202, 601, 13
1203, 601.5, 15
1204, 602, 10
1205, 602.5, 13
1206, 603, 10
1207, 603.5, 13
1208, 604, 9
1209, 604.5, 18
1210, 605, 9
1211, 605.5, 9
1212, 606, 13
1213, 606.5, 19
1214, 607, 15
1215, 607.5, 16
1216, 608, 13
1217, 608.5, 10
1218, 609, 9
1219, 609.5, 17
1220, 610, 13
1221, 610.5, 16
1222, 611, 11
1223, 611.5, 15
1224, 612, 16
1225, 612.5, 16
1226, 613, 28
1227, 613.5, 27
1228, 614, 11
1229, 614.5, 10
1230, 615, 10
1231, 615.5, 9
1232, 616, 15
1233, 616.5, 13
1234, 617, 14
1235, 617.5, 9
1236, 618, 14
1237, 618.5, 12
1238, 619, 10
1239, 619.5, 13
1240, 620, 5
1241, 620.5, 4
1242, 621, 9
1243, 621.5, 10
1244, 622, 19
1245, 622.5, 21
1246, 623, 11
1247, 623.5, 22
1248, 624, 14
1249, 624.5, 18
1250, 625, 18
1251, 625.5, 10
1252, 626, 15
1253, 626.5, 8
1254, 627, 10
1255, 627.5, 15
1256, 628, 15
1257, 628.5, 5
1258, 629, 16
1259, 629.5, 15
1260, 630, 15
1261, 630.5, 10
1262, 631, 16
1263, 631.5, 10
1264, 632, 14
1265, 632.5, 26
1266, 633, 29
1267, 633.5, 39
1268, 634, 19
1269, 634.5, 11
1270, 635, 23
1271, 635.5, 71
1272, 636, 78
1273, 636.5, 40
1274, 637, 13
1275, 637.5, 12
1276, 638, 12
1277, 638.5, 7
1278, 639, 11
1279, 639.5, 12
1280, 640, 14
1281, 640.5, 13
1282, 641, 9
1283, 641.5, 14
1284, 642, 10
1285, 642.5, 12
1286, 643, 15
1287, 643.5, 11
1288, 644, 19
1289, 644.5, 14
1290, 645, 12
1291, 645.5, 10
1292, 646, 8
1293, 646.5, 12
1294, 647, 8
1295, 647.5, 9
1296, 648, 10
1297, 648.5, 12
1298, 649, 12
1299, 649.5, 14
1300, 650, 9
1301, 650.5, 8
1302, 651, 7
1303, 651.5, 12
1304, 652, 17
1305, 652.5, 8
1306, 653, 12
1307, 653.5, 8
1308, 654, 9
1309, 654.5, 15
1310, 655, 17
1311, 655.5, 8
1312, 656, 8
1313, 656.5, 11
1314, 657, 20
1315, 657.5, 7
1316, 658, 8
1317, 658.5, 16
1318, 659, 14
1319, 659.5, 6
1320, 660, 17
1321, 660.5, 9
1322, 661, 12
1323, 661.5, 7
1324, 662, 11
1325, 662.5, 13
1326, 663, 14
1327, 663.5, 15
1328, 664, 13
1329, 664.5, 11
1330, 665, 15
1331, 665.5, 5
1332, 666, 16
1333, 666.5, 11
1334, 667, 11
1335, 667.5, 11
1336, 668, 6
1337, 668.5, 8
1338, 669, 10
1339, 669.5, 15
1340, 670, 16
1341, 670.5, 10
1342, 671, 19
1343, 671.5, 9
1344, 672, 4
1345, 672.5, 9
1346, 673, 11
1347, 673.5, 12
1348, 674, 10
1349, 674.5, 8
1350, 675, 7
1351, 675.5, 8
1352, 676, 12
1353, 676.5, 15
1354, 677, 16
1355, 677.5, 9
1356, 678, 10
1357, 678.5, 9
1358, 679, 17
1359, 679.5, 12
1360, 680, 10
1361, 680.5, 9
1362, 681, 5
1363, 681.5, 17
1364, 682, 12
1365, 682.5, 9
1366, 683, 12
1367, 683.5, 11
1368, 684, 7
1369, 684.5, 16
1370, 685, 10
1371, 685.5, 12
1372, 686, 18
1373, 686.5, 14
1374, 687, 10
1375, 687.5, 10
1376, 688, 7
1377, 688.5, 7
1378, 689, 12
1379, 689.5, 11
1380, 690, 10
1381, 690.5, 17
1382, 691, 12
1383, 691.5, 5
1384, 692, 7
1385, 692.5, 6
1386, 693, 12
1387, 693.5, 8
1388, 694, 15
1389, 694.5, 13
1390, 695, 12
1391, 695.5, 8
1392, 696, 21
1393, 696.5, 9
1394, 697, 11
1395, 697.5, 8
1396, 698, 9
1397, 698.5, 14
1398, 699, 8
1399, 699.5, 13
1400, 700, 14
1401, 700.5, 18
1402, 701, 10
1403, 701.5, 7
1404, 702, 12
1405, 702.5, 8
1406, 703, 7
1407, 703.5, 9
1408, 704, 16
1409, 704.5, 11
1410, 705, 8
1411, 705.5, 13
1412, 706, 11
1413, 706.5, 14
1414, 707, 13
1415, 707.5, 10
1416, 708, 7
1417, 708.5, 12
1418, 709, 11
1419, 709.5, 13
1420, 710, 12
1421, 710.5, 15
1422, 711, 7
1423, 711.5, 10
1424, 712, 10
1425, 712.5, 14
1426, 713, 16
1427, 713.5, 14
1428, 714, 9
1429, 714.5, 11
1430, 715, 12
1431, 715.5, 11
1432, 716, 9
1433, 716.5, 13
1434, 717, 12
1435, 717.5, 13
1436, 718, 12
1437, 718.5, 13
1438, 719, 16
1439, 719.5, 19
1440, 720, 11
1441, 720.5, 13
1442, 721, 10
1443, 721.5, 12
1444, 722, 14
1445, 722.5, 11
1446, 723, 10
1447, 723.5, 15
1448, 724, 14
1449, 724.5, 4
1450, 725, 14
1451, 725.5, 13
1452, 726, 8
1453, 726.5, 8
1454, 727, 8
1455, 727.5, 10
1456, 728, 16
1457, 728.5, 12
1458, 729, 8
1459, 729.5, 11
1460, 730, 12
1461, 730.5, 10
1462, 731, 12
1463, 731.5, 13
1464, 732, 15
1465, 732.5, 10
1466, 733, 10
1467, 733.5, 9
1468, 734, 17
1469, 734.5, 36
1470, 735, 75
1471, 735.5, 58
1472, 736, 15
1473, 736.5, 10
1474, 737, 9
1475, 737.5, 13
1476, 738, 10
1477, 738.5, 11
1478, 739, 12
1479, 739.5, 8
1480, 740, 7
1481, 740.5, 8
1482, 741, 19
1483, 741.5, 11
1484, 742, 12
1485, 742.5, 8
1486, 743, 7
1487, 743.5, 11
1488, 744, 7
1489, 744.5, 16
1490, 745, 13
1491, 745.5, 19
1492, 746, 13
1493, 746.5, 14
1494, 747, 13
1495, 747.5, 18
1496, 748, 12
1497, 748.5, 10
1498, 749, 11
1499, 749.5, 12
1500, 750, 6
1501, 750.5, 13
1502, 751, 10
1503, 751.5, 12
1504, 752, 5
1505, 752.5, 17
1506, 753, 5
1507, 753.5, 9
1508, 754, 13
1509, 754.5, 11
1510, 755, 8
1511, 755.5, 11
1512, 756, 13
1513, 756.5, 4
1514, 757, 20
1515, 757.5, 25
1516, 758, 17
1517, 758.5, 16
1518, 759, 11
1519, 759.5, 14
1520, 760, 9
1521, 760.5, 13
1522, 761, 10
1523, 761.5, 14
1524, 762, 12
1525, 762.5, 8
1526, 763, 10
1527, 763.5, 8
1528, 764, 8
1529, 764.5, 9
1530, 765, 15
1531, 765.5, 15
1532, 766, 11
1533, 766.5, 9
1534, 767, 14
1535, 767.5, 8
1536, 768, 23
1537, 768.5, 17
1538, 769, 10
1539, 769.5, 12
1540, 770, 12
1541, 770.5, 9
1542, 771, 9
1543, 771.5, 11
1544, 772, 12
1545, 772.5, 11
1546, 773, 14
1547, 773.5, 9
1548, 774, 9
1549, 774.5, 10
1550, 775, 6
1551, 775.5, 13
1552, 776, 14
1553, 776.5, 11
1554, 777, 9
1555, 777.5, 20
1556, 778, 16
1557, 778.5, 13
1558, 779, 6
1559, 779.5, 13
1560, 780, 9
1561, 780.5, 12
1562, 781, 18
1563, 781.5, 17
1564, 782, 15
1565, 782.5, 11
1566, 783, 17
1567, 783.5, 8
1568, 784, 16
1569, 784.5, 12
1570, 785, 20
1571, 785.5, 10
1572, 786, 20
1573, 786.5, 15
1574, 787, 12
1575, 787.5, 11
1576, 788, 14
1577, 788.5, 11
1578, 789, 15
1579, 789.5, 7
1580, 790, 13
1581, 790.5, 11
1582, 791, 8
1583, 791.5, 14
1584, 792, 20
1585, 792.5, 11
1586, 793, 19
1587, 793.5, 16
1588, 794, 18
1589, 794.5, 13
1590, 795, 13
1591, 795.5, 12
1592, 796, 9
1593, 796.5, 13
1594, 797, 8
1595, 797.5, 13
1596, 798, 13
1597, 798.5, 17
1598, 799, 17
1599, 799.5, 9
1600, 800, 6
1601, 800.5, 12
1602, 801, 18
1603, 801.5, 18
1604, 802, 16
1605, 802.5, 15
1606, 803, 10
1607, 803.5, 24
1608, 804, 10
1609, 804.5, 8
1610, 805, 11
1611, 805.5, 10
1612, 806, 14
1613, 806.5, 20
1614, 807, 15
1615, 807.5, 13
1616, 808, 10
1617, 808.5, 17
1618, 809, 15
1619, 809.5, 11
1620, 810, 7
1621, 810.5, 13
1622, 811, 15
1623, 811.5, 18
1624, 812, 32
1625, 812.5, 36
1626, 813, 21
1627, 813.5, 17
1628, 814, 13
1629, 814.5, 12
1630, 815, 11
1631, 815.5, 9
1632, 816, 12
1633, 816.5, 7
1634, 817, 16
1635, 817.5, 11
1636, 818, 15
1637, 818.5, 9
1638, 819, 13
1639, 819.5, 7
1640, 820, 10
1641, 820.5, 11
1642, 821, 10
1643, 821.5, 11
1644, 822, 7
1645, 822.5, 12
1646, 823, 12
1647, 823.5, 6
1648, 824, 14
1649, 824.5, 7
1650, 825, 10
1651, 825.5, 6
1652, 826, 5
1653, 826.5, 8
1654, 827, 9
1655, 827.5, 10
1656, 828, 7
1657, 828.5, 9
1658, 829, 12
1659, 829.5, 11
1660, 830, 13
1661, 830.5, 5
1662, 831, 8
1663, 831.5, 7
1664, 832, 4
1665, 832.5, 4
1666, 833, 6
1667, 833.5, 9
1668, 834, 8
1669, 834.5, 12
1670, 835, 2
1671, 835.5, 11
1672, 836, 13
1673, 836.5, 4
1674, 837, 9
1675, 837.5, 9
1676, 838, 10
1677, 838.5, 7
1678, 839, 14
1679, 839.5, 5
1680, 840, 12
1681, 840.5, 15
1682, 841, 17
1683, 841.5, 12
1684, 842, 7
1685, 842.5, 6
1686, 843, 6
1687, 843.5, 7
1688, 844, 13
1689, 844.5, 8
1690, 845, 5
1691, 845.5, 11
1692, 846, 5
1693, 846.5, 4
1694, 847, 9
1695, 847.5, 11
1696, 848, 12
1697, 848.5, 10
1698, 849, 5
1699, 849.5, 6
1700, 850, 6
1701, 850.5, 6
1702, 851, 8
1703, 851.5, 4
1704, 852, 3
1705, 852.5, 11
1706, 853, 6
1707, 853.5, 8
1708, 854, 9
1709, 854.5, 15
1710, 855, 7
1711, 855.5, 5
1712, 856, 16
1713, 856.5, 9
1714, 857, 7
1715, 857.5, 2
1716, 858, 9
1717, 858.5, 9
1718, 859, 11
1719, 859.5, 7
1720, 860, 2
1721, 860.5, 5
1722, 861, 7
1723, 861.5, 6
1724, 862, 9
1725, 862.5, 9
1726, 863, 8
1727, 863.5, 6
1728, 864, 4
1729, 864.5, 9
1730, 865, 9
1731, 865.5, 7
1732, 866, 2
1733, 866.5, 1
1734, 867, 4
1735, 867.5, 10
1736, 868, 9
1737, 868.5, 13
1738, 869, 1
1739, 869.5, 8
1740, 870, 6
1741, 870.5, 5
1742, 871, 6
1743, 871.5, 7
1744, 872, 6
1745, 872.5, 6
1746, 873, 4
1747, 873.5, 2
1748, 874, 7
1749, 874.5, 4
1750, 875, 8
1751, 875.5, 7
1752, 876, 6
1753, 876.5, 9
1754, 877, 4
1755, 877.5, 8
1756, 878, 4
1757, 878.5, 9
1758, 879, 3
1759, 879.5, 9
1760, 880, 8
1761, 880.5, 4
1762, 881, 7
1763, 881.5, 7
1764, 882, 4
1765, 882.5, 6
1766, 883, 6
1767, 883.5, 6
1768, 884, 9
1769, 884.5, 4
1770, 885, 7
1771, 885.5, 6
1772, 886, 5
1773, 886.5, 8
1774, 887, 6
1775, 887.5, 3
1776, 888, 6
1777, 888.5, 6
1778, 889, 3
1779, 889.5, 6
1780, 890, 5
1781, 890.5, 8
1782, 891, 8
1783, 891.5, 10
1784, 892, 10
1785, 892.5, 2
1786, 893, 5
1787, 893.5, 1
1788, 894, 12
1789, 894.5, 4
1790, 895, 4
1791, 895.5, 1
1792, 896, 3
1793, 896.5, 6
1794, 897, 7
1795, 897.5, 6
1796, 898, 1
1797, 898.5, 6
1798, 899, 0
1799, 899.5, 3
1800, 900, 6
1801, 900.5, 3
1802, 901, 7
1803, 901.5, 10
1804, 902, 7
1805, 902.5, 5
1806, 903, 17
1807, 903.5, 10
1808, 904, 14
1809, 904.5, 20
1810, 905, 4
1811, 905.5, 7
1812, 906, 3
1813, 906.5, 6
1814, 907, 4
1815, 907.5, 2
1816, 908, 7
1817, 908.5, 11
1818, 909, 11
1819, 909.5, 10
1820, 910, 2
1821, 910.5, 1
1822, 911, 5
1823, 911.5, 5
1824, 912, 7
1825, 912.5, 4
1826, 913, 5
1827, 913.5, 4
1828, 914, 3
1829, 914.5, 4
1830, 915, 6
1831, 915.5, 0
1832, 916, 6
1833, 916.5, 6
1834, 917, 4
1835, 917.5, 4
1836, 918, 9
1837, 918.5, 3
1838, 919, 3
1839, 919.5, 11
1840, 920, 10
1841, 920.5, 5
1842, 921, 3
1843, 921.5, 8
1844, 922, 4
1845, 922.5, 7
1846, 923, 11
1847, 923.5, 6
1848, 924, 17
1849, 924.5, 7
1850, 925, 5
1851, 925.5, 5
1852, 926, 1
1853, 926.5, 9
1854, 927, 1
1855, 927.5, 4
1856, 928, 4
1857, 928.5, 2
1858, 929, 4
1859, 929.5, 7
1860, 930, 7
1861, 930.5, 4
1862, 931, 5
1863, 931.5, 5
1864, 932, 7
1865, 932.5, 2
1866, 933, 6
1867, 933.5, 2
1868, 934, 7
1869, 934.5, 2
1870, 935, 7
1871, 935.5, 4
1872, 936, 7
1873, 936.5, 1
1874, 937, 6
1875, 937.5, 6
1876, 938, 2
1877, 938.5, 6
1878, 939, 4
1879, 939.5, 4
1880, 940, 5
1881, 940.5, 5
1882, 941, 5
1883, 941.5, 1
1884, 942, 4
1885, 942.5, 0
1886, 943, 5
1887, 943.5, 3
1888, 944, 0
1889, 944.5, 5
1890, 945, 4
1891, 945.5, 4
1892, 946, 5
1893, 946.5, 1
1894, 947, 5
1895, 947.5, 3
1896, 948, 4
1897, 948.5, 6
1898, 949, 4
1899, 949.5, 8
1900, 950, 1
1901, 950.5, 2
1902, 951, 6
1903, 951.5, 5
1904, 952, 3
1905, 952.5, 7
1906, 953, 3
1907, 953.5, 2
1908, 954, 5
1909, 954.5, 6
1910, 955, 4
1911, 955.5, 4
1912, 956, 5
1913, 956.5, 7
1914, 957, 33
1915, 957.5, 130
1916, 958, 414
1917, 958.5, 587
1918, 959, 326
1919, 959.5, 75
1920, 960, 6
1921, 960.5, 2
1922, 961, 2
1923, 961.5, 2
1924, 962, 4
1925, 962.5, 6
1926, 963, 7
1927, 963.5, 1
1928, 964, 4
1929, 964.5, 2
1930, 965, 4
1931, 965.5, 4
1932, 966, 5
1933, 966.5, 2
1934, 967, 2
1935, 967.5, 2
1936, 968, 3
1937, 968.5, 3
1938, 969, 2
1939, 969.5, 0
1940, 970, 1
1941, 970.5, 4
1942, 971, 0
1943, 971.5, 2
1944, 972, 5
1945, 972.5, 1
1946, 973, 2
1947, 973.5, 5
1948, 974, 2
1949, 974.5, 2
1950, 975, 3
1951, 975.5, 1
1952, 976, 2
1953, 976.5, 1
1954, 977, 2
1955, 977.5, 1
1956, 978, 3
1957, 978.5, 3
1958, 979, 1
1959, 979.5, 3
1960, 980, 0
1961, 980.5, 6
1962, 981, 10
1963, 981.5, 8
1964, 982, 5
1965, 982.5, 2
1966, 983, 5
1967, 983.5, 5
1968, 984, 2
1969, 984.5, 8
1970, 985, 5
1971, 985.5, 6
1972, 986, 1
1973, 986.5, 3
1974, 987, 2
1975, 987.5, 4
1976, 988, 0
1977, 988.5, 4
1978, 989, 1
1979, 989.5, 9
1980, 990, 12
1981, 990.5, 4
1982, 991, 6
1983, 991.5, 3
1984, 992, 0
1985, 992.5, 2
1986, 993, 1
1987, 993.5, 0
1988, 994, 5
1989, 994.5, 3
1990, 995, 1
1991, 995.5, 3
1992, 996, 0
1993, 996.5, 1
1994, 997, 2
1995, 997.5, 3
1996, 998, 4
1997, 998.5, 5
1998, 999, 2
1999, 999.5, 1
2000, 1000, 1
2001, 1000.5, 0
2002, 1001, 1
2003, 1001.5, 1
2004, 1002, 0
2005, 1002.5, 1
2006, 1003, 3
2007, 1003.5, 1
2008, 1004, 1
2009, 1004.5, 2
2010, 1005, 0
2011, 1005.5, 2
2012, 1006, 5
2013, 1006.5, 1
2014, 1007, 5
2015, 1007.5, 4
2016, 1008, 2
2017, 1008.5, 3
2018, 1009, 7
2019, 1009.5, 5
2020, 1010, 5
2021, 1010.5, 3
2022, 1011, 0
2023, 1011.5, 1
2024, 1012, 4
2025, 1012.5, 2
2026, 1013, 3
2027, 1013.5, 3
2028, 1014, 0
2029, 1014.5, 1
2030, 1015, 4
2031, 1015.5, 1
2032, 1016, 2
2033, 1016.5, 2
2034, 1017, 4
2035, 1017.5, 0
2036, 1018, 2
2037, 1018.5, 3
2038, 1019, 2
2039, 1019.5, 1
2040, 1020, 2
2041, 1020.5, 0
2042, 1021, 5
2043, 1021.5, 2
2044, 1022, 5
2045, 1022.5, 5
2046, 1023, 5
2047, 1023.5, 4
2048, 1024, 6
2049, 1024.5, 3
2050, 1025, 1
2051, 1025.5, 0
2052, 1026, 3
2053, 1026.5, 0
2054, 1027, 1
2055, 1027.5, 3
2056, 1028, 0
2057, 1028.5, 1
2058, 1029, 1
2059, 1029.5, 3
2060, 1030, 4
2061, 1030.5, 2
2062, 1031, 1
2063, 1031.5, 4
2064, 1032, 1
2065, 1032.5, 3
2066, 1033, 2
2067, 1033.5, 2
2068, 1034, 3
2069, 1034.5, 3
2070, 1035, 1
2071, 1035.5, 2
2072, 1036, 2
2073, 1036.5, 5
2074, 1037, 1
2075, 1037.5, 1
2076, 1038, 3
2077, 1038.5, 4
2078, 1039, 5
2079, 1039.5, 4
2080, 1040, 4
2081, 1040.5, 4
2082, 1041, 6
2083, 1041.5, 3
2084, 1042, 15
2085, 1042.5, 9
2086, 1043, 1
2087, 1043.5, 7
2088, 1044, 5
2089, 1044.5, 7
2090, 1045, 8
2091, 1045.5, 13
2092, 1046, 8
2093, 1046.5, 2
2094, 1047, 1
2095, 1047.5, 1
2096, 1048, 2
2097, 1048.5, 5
2098, 1049, 2
2099, 1049.5, 2
2100, 1050, 4
2101, 1050.5, 5
2102, 1051, 3
2103, 1051.5, 5
2104, 1052, 3
2105, 1052.5, 1
2106, 1053, 1
2107, 1053.5, 1
2108, 1054, 1
2109, 1054.5, 2
2110, 1055, 2
2111, 1055.5, 0
2112, 1056, 2
2113, 1056.5, 3
2114, 1057, 2
2115, 1057.5, 1
2116, 1058, 2
2117, 1058.5, 4
2118, 1059, 3
2119, 1059.5, 2
2120, 1060, 2
2121, 1060.5, 2
2122, 1061, 0
2123, 1061.5, 2
2124, 1062, 1
2125, 1062.5, 4
2126, 1063, 12
2127, 1063.5, 5
2128, 1064, 9
2129, 1064.5, 0
2130, 1065, 0
2131, 1065.5, 6
2132, 1066, 7
2133, 1066.5, 2
2134, 1067, 5
2135, 1067.5, 2
2136, 1068, 0
2137, 1068.5, 2
2138, 1069, 0
2139, 1069.5, 11
2140, 1070, 9
2141, 1070.5, 2
2142, 1071, 1
2143, 1071.5, 2
2144, 1072, 4
2145, 1072.5, 2
2146, 1073, 3
2147, 1073.5, 1
2148, 1074, 2
2149, 1074.5, 3
2150, 1075, 4
2151, 1075.5, 5
2152, 1076, 2
2153, 1076.5, 0
2154, 1077, 1
2155, 1077.5, 1
2156, 1078, 0
2157, 1078.5, 3
2158, 1079, 1
2159, 1079.5, 2
2160, 1080, 3
2161, 1080.5, 0
2162, 1081, 2
2163, 1081.5, 2
2164, 1082, 1
2165, 1082.5, 2
2166, 1083, 0
2167, 1083.5, 1
2168, 1084, 2
2169, 1084.5, 0
2170, 1085, 1
2171, 1085.5, 3
2172, 1086, 3
2173, 1086.5, 1
2174, 1087, 1
2175, 1087.5, 2
2176, 1088, 3
2177, 1088.5, 1
2178, 1089, 3
2179, 1089.5, 7
2180, 1090, 12
2181, 1090.5, 6
2182, 1091, 4
2183, 1091.5, 2
2184, 1092, 1
2185, 1092.5, 2
2186, 1093, 2
2187, 1093.5, 0
2188, 1094, 2
2189, 1094.5, 1
2190, 1095, 3
2191, 1095.5, 0
2192, 1096, 0
2193, 1096.5, 2
2194, 1097, 1
2195, 1097.5, 1
2196, 1098, 2
2197, 1098.5, 2
2198, 1099, 2
2199, 1099.5, 2
2200, 1100, 3
2201, 1100.5, 0
2202, 1101, 3
2203, 1101.5, 2
2204, 1102, 1
2205, 1102.5, 4
2206, 1103, 2
2207, 1103.5, 0
2208, 1104, 2
2209, 1104.5, 1
2210, 1105, 2
2211, 1105.5, 0
2212, 1106, 1
2213, 1106.5, 1
2214, 1107, 3
2215, 1107.5, 0
2216, 1108, 2
2217, 1108.5, 0
2218, 1109, 0
2219, 1109.5, 0
2220, 1110, 5
2221, 1110.5, 0
2222, 1111, 4
2223, 1111.5, 2
2224, 1112, 0
2225, 1112.5, 1
2226, 1113, 2
2227, 1113.5, 0
2228, 1114, 1
2229, 1114.5, 2
2230, 1115, 3
2231, 1115.5, 1
2232, 1116, 2
2233, 1116.5, 3
2234, 1117, 1
2235, 1117.5, 1
2236, 1118, 1
2237, 1118.5, 1
2238, 1119, 3
2239, 1119.5, 2
2240, 1120, 2
2241, 1120.5, 0
2242, 1121, 0
2243, 1121.5, 2
2244, 1122, 2
2245, 1122.5, 2
2246, 1123, 1
2247, 1123.5, 3
2248, 1124, 3
2249, 1124.5, 2
2250, 1125, 1
2251, 1125.5, 3
2252, 1126, 2
2253, 1126.5, 1
2254, 1127, 2
2255, 1127.5, 1
2256, 1128, 3
2257, 1128.5, 4
2258, 1129, 3
2259, 1129.5, 2
2260, 1130, 1
2261, 1130.5, 2
2262, 1131, 6
2263, 1131.5, 1
2264, 1132, 1
2265, 1132.5, 4
2266, 1133, 0
2267, 1133.5, 2
2268, 1134, 7
2269, 1134.5, 12
2270, 1135, 8
2271, 1135.5, 7
2272, 1136, 2
2273, 1136.5, 0
2274, 1137, 4
2275, 1137.5, 3
2276, 1138, 0
2277, 1138.5, 2
2278, 1139, 2
2279, 1139.5, 3
2280, 1140, 4
2281, 1140.5, 0
2282, 1141, 0
2283, 1141.5, 4
2284, 1142, 2
2285, 1142.5, 4
2286, 1143, 3
2287, 1143.5, 3
2288, 1144, 1
2289, 1144.5, 2
2290, 1145, 1
2291, 1145.5, 3
2292, 1146, 2
2293, 1146.5, 4
2294, 1147, 2
2295, 1147.5, 1
2296, 1148, 1
2297, 1148.5, 3
2298, 1149, 1
2299, 1149.5, 1
2300, 1150, 0
2301, 1150.5, 3
2302, 1151, 2
2303, 1151.5, 3
2304, 1152, 2
2305, 1152.5, 0
2306, 1153, 2
2307, 1153.5, 3
2308, 1154, 2
2309, 1154.5, 6
2310, 1155, 0
2311, 1155.5, 1
2312, 1156, 6
2313, 1156.5, 15
2314, 1157, 31
2315, 1157.5, 44
2316, 1158, 52
2317, 1158.5, 21
2318, 1159, 4
2319, 1159.5, 3
2320, 1160, 0
2321, 1160.5, 1
2322, 1161, 2
2323, 1161.5, 0
2324, 1162, 0
2325, 1162.5, 1
2326, 1163, 5
2327, 1163.5, 4
2328, 1164, 1
2329, 1164.5, 0
2330, 1165, 2
2331, 1165.5, 1
2332, 1166, 3
2333, 1166.5, 3
2334, 1167, 1
2335, 1167.5, 0
2336, 1168, 3
2337, 1168.5, 0
2338, 1169, 1
2339, 1169.5, 2
2340, 1170, 0
2341, 1170.5, 2
2342, 1171, 1
2343, 1171.5, 2
2344, 1172, 2
2345, 1172.5, 3
2346, 1173, 2
2347, 1173.5, 2
2348, 1174, 2
2349, 1174.5, 1
2350, 1175, 2
2351, 1175.5, 1
2352, 1176, 0
2353, 1176.5, 1
2354, 1177, 1
2355, 1177.5, 0
2356, 1178, 2
2357, 1178.5, 0
2358, 1179, 1
2359, 1179.5, 2
2360, 1180, 0
2361, 1180.5, 0
2362, 1181, 2
2363, 1181.5, 2
2364, 1182, 3
2365, 1182.5, 1
2366, 1183, 4
2367, 1183.5, 1
2368, 1184, 1
2369, 1184.5, 0
2370, 1185, 3
2371, 1185.5, 1
2372, 1186, 0
2373, 1186.5, 0
2374, 1187, 1
2375, 1187.5, 2
2376, 1188, 3
2377, 1188.5, 1
2378, 1189, 1
2379, 1189.5, 1
2380, 1190, 0
2381, 1190.5, 3
2382, 1191, 0
2383, 1191.5, 0
2384, 1192, 0
2385, 1192.5, 0
2386, 1193, 3
2387, 1193.5, 1
2388, 1194, 3
2389, 1194.5, 1
2390, 1195, 1
2391, 1195.5, 1
2392, 1196, 1
2393, 1196.5, 2
2394, 1197, 2
2395, 1197.5, 1
2396, 1198, 3
2397, 1198.5, 0
2398, 1199, 2
2399, 1199.5, 6
2400, 1200, 2
2401, 1200.5, 1
2402, 1201, 3
2403, 1201.5, 0
2404, 1202, 2
2405, 1202.5, 0
2406, 1203, 1
2407, 1203.5, 2
2408, 1204, 0
2409, 1204.5, 1
2410, 1205, 1
2411, 1205.5, 4
2412, 1206, 2
2413, 1206.5, 4
2414, 1207, 1
2415, 1207.5, 3
2416, 1208, 3
2417, 1208.5, 0
2418, 1209, 1
2419, 1209.5, 1
2420, 1210, 2
2421, 1210.5, 3
2422, 1211, 3
2423, 1211.5, 15
2424, 1212, 7
2425, 1212.5, 3
2426, 1213, 2
2427, 1213.5, 2
2428, 1214, 1
2429, 1214.5, 2
2430, 1215, 1
2431, 1215.5, 1
2432, 1216, 1
2433, 1216.5, 2
2434, 1217, 1
2435, 1217.5, 3
2436, 1218, 0
2437, 1218.5, 0
2438, 1219, 0
2439, 1219.5, 1
2440, 1220, 2
2441, 1220.5, 2
2442, 1221, 1
2443, 1221.5, 1
2444, 1222, 3
2445, 1222.5, 2
2446, 1223, 2
2447, 1223.5, 2
2448, 1224, 3
2449, 1224.5, 6
2450, 1225, 0
2451, 1225.5, 0
2452, 1226, 1
2453, 1226.5, 1
2454, 1227, 3
2455, 1227.5, 1
2456, 1228, 3
2457, 1228.5, 2
2458, 1229, 2
2459, 1229.5, 4
2460, 1230, 3
2461, 1230.5, 0
2462, 1231, 0
2463, 1231.5, 2
2464, 1232, 3
2465, 1232.5, 1
2466, 1233, 0
2467, 1233.5, 1
2468, 1234, 1
2469, 1234.5, 2
2470, 1235, 2
2471, 1235.5, 1
2472, 1236, 1
2473, 1236.5, 2
2474, 1237, 1
2475, 1237.5, 1
2476, 1238, 0
2477, 1238.5, 5
2478, 1239, 2
2479, 1239.5, 1
2480, 1240, 1
2481, 1240.5, 1
2482, 1241, 0
2483, 1241.5, 2
2484, 1242, 1
2485, 1242.5, 0
2486, 1243, 3
2487, 1243.5, 3
2488, 1244, 4
2489, 1244.5, 0
2490, 1245, 1
2491, 1245.5, 3
2492, 1246, 2
2493, 1246.5, 0
2494, 1247, 1
2495, 1247.5, 2
2496, 1248, 3
2497, 1248.5, 1
2498, 1249, 4
2499, 1249.5, 1
2500, 1250, 2
2501, 1250.5, 0
2502, 1251, 0
2503, 1251.5, 1
2504, 1252, 0
2505, 1252.5, 4
2506, 1253, 0
2507, 1253.5, 2
2508, 1254, 1
2509, 1254.5, 0
2510, 1255, 1
2511, 1255.5, 1
2512, 1256, 2
2513, 1256.5, 1
2514, 1257, 0
2515, 1257.5, 1
2516, 1258, 2
2517, 1258.5, 0
2518, 1259, 0
2519, 1259.5, 3
2520, 1260, 4
2521, 1260.5, 0
2522, 1261, 2
2523, 1261.5, 3
2524, 1262, 1
2525, 1262.5, 0
2526, 1263, 1
2527, 1263.5, 0
2528, 1264, 3
2529, 1264.5, 1
2530, 1265, 2
2531, 1265.5, 2
2532, 1266, 4
2533, 1266.5, 2
2534, 1267, 2
2535, 1267.5, 1
2536, 1268, 0
2537, 1268.5, 3
2538, 1269, 2
2539, 1269.5, 1
2540, 1270, 5
2541, 1270.5, 1
2542, 1271, 3
2543, 1271.5, 3
2544, 1272, 2
2545, 1272.5, 0
2546, 1273, 1
2547, 1273.5, 2
2548, 1274, 1
2549, 1274.5, 3
2550, 1275, 0
2551, 1275.5, 2
2552, 1276, 4
2553, 1276.5, 1
2554, 1277, 1
2555, 1277.5, 2
2556, 1278, 0
2557, 1278.5, 1
2558, 1279, 1
2559, 1279.5, 4
2560, 1280, 1
2561, 1280.5, 3
2562, 1281, 1
2563, 1281.5, 3
2564, 1282, 1
2565, 1282.5, 1
2566, 1283, 0
2567, 1283.5, 0
2568, 1284, 1
2569, 1284.5, 0
2570, 1285, 2
2571, 1285.5, 0
2572, 1286, 2
2573, 1286.5, 1
2574, 1287, 1
2575, 1287.5, 2
2576, 1288, 1
2577, 1288.5, 0
2578, 1289, 2
2579, 1289.5, 0
2580, 1290, 4
2581, 1290.5, 0
2582, 1291, 1
2583, 1291.5, 0
2584, 1292, 1
2585, 1292.5, 1
2586, 1293, 0
2587, 1293.5, 1
2588, 1294, 3
2589, 1294.5, 2
2590, 1295, 1
2591, 1295.5, 1
2592, 1296, 2
2593, 1296.5, 1
2594, 1297, 1
2595, 1297.5, 1
2596, 1298, 0
2597, 1298.5, 2
2598, 1299, 1
2599, 1299.5, 1
2600, 1300, 1
2601, 1300.5, 1
2602, 1301, 2
2603, 1301.5, 1
2604, 1302, 0
2605, 1302.5, 0
2606, 1303, 1
2607, 1303.5, 2
2608, 1304, 2
2609, 1304.5, 3
2610, 1305, 0
2611, 1305.5, 1
2612, 1306, 2
2613, 1306.5, 0
2614, 1307, 1
2615, 1307.5, 4
2616, 1308, 0
2617, 1308.5, 2
2618, 1309, 2
2619, 1309.5, 2
2620, 1310, 1
2621, 1310.5, 0
2622, 1311, 2
2623, 1311.5, 0
2624, 1312, 0
2625, 1312.5, 0
2626, 1313, 1
2627, 1313.5, 2
2628, 1314, 1
2629, 1314.5, 2
2630, 1315, 0
2631, 1315.5, 1
2632, 1316, 2
2633, 1316.5, 2
2634, 1317, 0
2635, 1317.5, 0
2636, 1318, 1
2637, 1318.5, 0
2638, 1319, 2
2639, 1319.5, 2
2640, 1320, 2
2641, 1320.5, 1
2642, 1321, 2
2643, 1321.5, 1
2644, 1322, 2
2645, 1322.5, 1
2646, 1323, 2
2647, 1323.5, 2
2648, 1324, 1
2649, 1324.5, 4
2650, 1325, 0
2651, 1325.5, 3
2652, 1326, 0
2653, 1326.5, 2
2654, 1327, 0
2655, 1327.5, 0
2656, 1328, 2
2657, 1328.5, 2
2658, 1329, 2
2659, 1329.5, 2
2660, 1330, 1
2661, 1330.5, 0
2662, 1331, 0
2663, 1331.5, 2
2664, 1332, 1
2665, 1332.5, 1
2666, 1333, 0
2667, 1333.5, 1
2668, 1334, 1
2669, 1334.5, 2
2670, 1335, 0
2671, 1335.5, 2
2672, 1336, 2
2673, 1336.5, 0
2674, 1337, 2
2675, 1337.5, 2
2676, 1338, 1
2677, 1338.5, 2
2678, 1339, 0
2679, 1339.5, 0
2680, 1340, 3
2681, 1340.5, 2
2682, 1341, 2
2683, 1341.5, 3
2684, 1342, 0
2685, 1342.5, 1
2686, 1343, 0
2687, 1343.5, 1
2688, 1344, 1
2689, 1344.5, 0
2690, 1345, 2
2691, 1345.5, 2
2692, 1346, 2
2693, 1346.5, 5
2694, 1347, 2
2695, 1347.5, 0
2696, 1348, 0
2697, 1348.5, 0
2698, 1349, 1
2699, 1349.5, 0
2700, 1350, 1
2701, 1350.5, 1
2702, 1351, 1
2703, 1351.5, 0
2704, 1352, 1
2705, 1352.5, 0
2706, 1353, 0
2707, 1353.5, 1
2708, 1354, 0
2709, 1354.5, 2
2710, 1355, 1
2711, 1355.5, 1
2712, 1356, 1
2713, 1356.5, 0
2714, 1357, 2
2715, 1357.5, 0
2716, 1358, 2
2717, 1358.5, 3
2718, 1359, 1
2719, 1359.5, 1
2720, 1360, 0
2721, 1360.5, 0
2722, 1361, 2
2723, 1361.5, 1
2724, 1362, 0
2725, 1362.5, 1
2726, 1363, 3
2727, 1363.5, 2
2728, 1364, 0
2729, 1364.5, 1
2730, 1365, 3
2731, 1365.5, 2
2732, 1366, 1
2733, 1366.5, 0
2734, 1367, 0
2735, 1367.5, 2
2736, 1368, 0
2737, 1368.5, 3
2738, 1369, 1
2739, 1369.5, 4
2740, 1370, 2
2741, 1370.5, 3
2742, 1371, 0
2743, 1371.5, 1
2744, 1372, 0
2745, 1372.5, 1
2746, 1373, 0
2747, 1373.5, 0
2748, 1374, 2
2749, 1374.5, 3
2750, 1375, 3
2751, 1375.5, 1
2752, 1376, 1
2753, 1376.5, 0
2754, 1377, 1
2755, 1377.5, 2
2756, 1378, 0
2757, 1378.5, 4
2758, 1379, 6
2759, 1379.5, 14
2760, 1380, 11
2761, 1380.5, 3
2762, 1381, 6
2763, 1381.5, 5
2764, 1382, 1
2765, 1382.5, 1
2766, 1383, 1
2767, 1383.5, 3
2768, 1384, 1
2769, 1384.5, 1
2770, 1385, 1
2771, 1385.5, 1
2772, 1386, 2
2773, 1386.5, 3
2774, 1387, 2
2775, 1387.5, 0
2776, 1388, 3
2777, 1388.5, 4
2778, 1389, 4
2779, 1389.5, 7
2780, 1390, 6
2781, 1390.5, 3
2782, 1391, 2
2783, 1391.5, 0
2784, 1392, 1
2785, 1392.5, 3
2786, 1393, 1
2787, 1393.5, 1
2788, 1394, 2
2789, 1394.5, 1
2790, 1395, 0
2791, 1395.5, 0
2792, 1396, 2
2793, 1396.5, 3
2794, 1397, 2
2795, 1397.5, 0
2796, 1398, 1
2797, 1398.5, 2
2798, 1399, 1
2799, 1399.5, 1
2800, 1400, 3
2801, 1400.5, 0
2802, 1401, 1
2803, 1401.5, 2
2804, 1402, 1
2805, 1402.5, 1
2806, 1403, 1
2807, 1403.5, 2
2808, 1404, 3
2809, 1404.5, 3
2810, 1405, 2
2811, 1405.5, 0
2812, 1406, 1
2813, 1406.5, 0
2814, 1407, 2
2815, 1407.5, 0
2816, 1408, 1
2817, 1408.5, 1
2818, 1409, 2
2819, 1409.5, 1
2820, 1410, 1
2821, 1410.5, 1
2822, 1411, 0
2823, 1411.5, 1
2824, 1412, 3
2825, 1412.5, 3
2826, 1413, 1
2827, 1413.5, 3
2828, 1414, 1
2829, 1414.5, 1
2830, 1415, 2
2831, 1415.5, 0
2832, 1416, 3
2833, 1416.5, 1
2834, 1417, 0
2835, 1417.5, 2
2836, 1418, 2
2837, 1418.5, 1
2838, 1419, 0
2839, 1419.5, 2
2840, 1420, 2
2841, 1420.5, 2
2842, 1421, 1
2843, 1421.5, 1
2844, 1422, 0
2845, 1422.5, 2
2846, 1423, 1
2847, 1423.5, 0
2848, 1424, 2
2849, 1424.5, 1
2850, 1425, 2
2851, 1425.5, 0
2852, 1426, 2
2853, 1426.5, 0
2854, 1427, 4
2855, 1427.5, 1
2856, 1428, 0
2857, 1428.5, 1
2858, 1429, 1
2859, 1429.5, 0
2860, 1430, 1
2861, 1430.5, 4
2862, 1431, 1
2863, 1431.5, 1
2864, 1432, 1
2865, 1432.5, 0
2866, 1433, 2
2867, 1433.5, 3
2868, 1434, 1
2869, 1434.5, 0
2870, 1435, 0
2871, 1435.5, 2
2872, 1436, 3
2873, 1436.5, 1
2874, 1437, 1
2875, 1437.5, 5
2876, 1438, 1
2877, 1438.5, 5
2878, 1439, 0
2879, 1439.5, 1
2880, 1440, 0
2881, 1440.5, 1
2882, 1441, 1
2883, 1441.5, 0
2884, 1442, 1
2885, 1442.5, 3
2886, 1443, 4
2887, 1443.5, 3
2888, 1444, 3
2889, 1444.5, 3
2890, 1445, 4
2891, 1445.5, 9
2892, 1446, 10
2893, 1446.5, 12
2894, 1447, 4
2895, 1447.5, 2
2896, 1448, 1
2897, 1448.5, 1
2898, 1449, 1
2899, 1449.5, 0
2900, 1450, 0
2901, 1450.5, 5
2902, 1451, 0
2903, 1451.5, 2
2904, 1452, 1
2905, 1452.5, 2
2906, 1453, 1
2907, 1453.5, 2
2908, 1454, 2
2909, 1454.5, 0
2910, 1455, 5
2911, 1455.5, 0
2912, 1456, 0
2913, 1456.5, 2
2914, 1457, 0
2915, 1457.5, 0
2916, 1458, 0
2917, 1458.5, 3
2918, 1459, 2
2919, 1459.5, 1
2920, 1460, 1
2921, 1460.5, 1
2922, 1461, 1
2923, 1461.5, 0
2924, 1462, 0
2925, 1462.5, 0
2926, 1463, 2
2927, 1463.5, 1
2928, 1464, 0
2929, 1464.5, 0
2930, 1465, 3
2931, 1465.5, 0
2932, 1466, 1
2933, 1466.5, 3
2934, 1467, 0
2935, 1467.5, 1
2936, 1468, 0
2937, 1468.5, 1
2938, 1469, 1
2939, 1469.5, 1
2940, 1470, 0
2941, 1470.5, 1
2942, 1471, 1
2943, 1471.5, 1
2944, 1472, 2
2945, 1472.5, 3
2946, 1473, 1
2947, 1473.5, 1
2948, 1474, 5
2949, 1474.5, 3
2950, 1475, 0
2951, 1475.5, 1
2952, 1476, 0
2953, 1476.5, 0
2954, 1477, 2
2955, 1477.5, 0
2956, 1478, 1
2957, 1478.5, 1
2958, 1479, 2
2959, 1479.5, 5
2960, 1480, 1
2961, 1480.5, 1
2962, 1481, 2
2963, 1481.5, 3
2964, 1482, 0
2965, 1482.5, 1
2966, 1483, 1
2967, 1483.5, 2
2968, 1484, 2
2969, 1484.5, 0
2970, 1485, 2
2971, 1485.5, 1
2972, 1486, 1
2973, 1486.5, 2
2974, 1487, 0
2975, 1487.5, 2
2976, 1488, 2
2977, 1488.5, 0
2978, 1489, 1
2979, 1489.5, 0
2980, 1490, 0
2981, 1490.5, 1
2982, 1491, 0
2983, 1491.5, 0
2984, 1492, 3
2985, 1492.5, 3
2986, 1493, 2
2987, 1493.5, 1
2988, 1494, 2
2989, 1494.5, 2
2990, 1495, 2
2991, 1495.5, 2
2992, 1496, 4
2993, 1496.5, 5
2994, 1497, 2
2995, 1497.5, 3
2996, 1498, 2
2997, 1498.5, 5
2998, 1499, 0
2999, 1499.5, 0
3000, 1500, 1
3001, 1500.5, 0
3002, 1501, 1
3003, 1501.5, 0
3004, 1502, 1
3005, 1502.5, 1
3006, 1503, 0
3007, 1503.5, 3
3008, 1504, 2
3009, 1504.5, 3
3010, 1505, 2
3011, 1505.5, 3
3012, 1506, 0
3013, 1506.5, 1
3014, 1507, 1
3015, 1507.5, 1
3016, 1508, 1
3017, 1508.5, 3
3018, 1509, 1
3019, 1509.5, 1
3020, 1510, 2
3021, 1510.5, 3
3022, 1511, 3
3023, 1511.5, 2
3024, 1512, 3
3025, 1512.5, 3
3026, 1513, 0
3027, 1513.5, 3
3028, 1514, 2
3029, 1514.5, 1
3030, 1515, 4
3031, 1515.5, 4
3032, 1516, 2
3033, 1516.5, 3
3034, 1517, 3
3035, 1517.5, 2
3036, 1518, 0
3037, 1518.5, 0
3038, 1519, 2
3039, 1519.5, 0
3040, 1520, 2
3041, 1520.5, 1
3042, 1521, 2
3043, 1521.5, 2
3044, 1522, 2
3045, 1522.5, 4
3046, 1523, 1
3047, 1523.5, 4
3048, 1524, 1
3049, 1524.5, 1
3050, 1525, 1
3051, 1525.5, 1
3052, 1526, 1
3053, 1526.5, 3
3054, 1527, 4
3055, 1527.5, 1
3056, 1528, 1
3057, 1528.5, 2
3058, 1529, 0
3059, 1529.5, 0
3060, 1530, 2
3061, 1530.5, 1
3062, 1531, 4
3063, 1531.5, 4
3064, 1532, 2
3065, 1532.5, 1
3066, 1533, 3
3067, 1533.5, 4
3068, 1534, 3
3069, 1534.5, 1
3070, 1535, 4
3071, 1535.5, 2
3072, 1536, 3
3073, 1536.5, 4
3074, 1537, 1
3075, 1537.5, 4
3076, 1538, 1
3077, 1538.5, 2
3078, 1539, 0
3079, 1539.5, 2
3080, 1540, 2
3081, 1540.5, 0
3082, 1541, 1
3083, 1541.5, 2
3084, 1542, 4
3085, 1542.5, 0
3086, 1543, 3
3087, 1543.5, 0
3088, 1544, 3
3089, 1544.5, 3
3090, 1545, 2
3091, 1545.5, 3
3092, 1546, 0
3093, 1546.5, 0
3094, 1547, 2
3095, 1547.5, 1
3096, 1548, 2
3097, 1548.5, 1
3098, 1549, 3
3099, 1549.5, 4
3100, 1550, 0
3101, 1550.5, 3
3102, 1551, 1
3103, 1551.5, 0
3104, 1552, 1
3105, 1552.5, 2
3106, 1553, 1
3107, 1553.5, 2
3108, 1554, 2
3109, 1554.5, 2
3110, 1555, 1
3111, 1555.5, 2
3112, 1556, 0
3113, 1556.5, 3
3114, 1557, 4
3115, 1557.5, 2
3116, 1558, 1
3117, 1558.5, 2
3118, 1559, 1
3119, 1559.5, 3
3120, 1560, 0
3121, 1560.5, 3
3122, 1561, 0
3123, 1561.5, 0
3124, 1562, 2
3125, 1562.5, 1
3126, 1563, 3
3127, 1563.5, 0
3128, 1564, 2
3129, 1564.5, 1
3130, 1565, 0
3131, 1565.5, 1
3132, 1566, 1
3133, 1566.5, 0
3134, 1567, 0
3135, 1567.5, 1
3136, 1568, 1
3137, 1568.5, 1
3138, 1569, 1
3139, 1569.5, 0
3140, 1570, 0
3141, 1570.5, 3
3142, 1571, 1
3143, 1571.5, 3
3144, 1572, 2
3145, 1572.5, 3
3146, 1573, 3
3147, 1573.5, 1
3148, 1574, 2
3149, 1574.5, 3
3150, 1575, 1
3151, 1575.5, 0
3152, 1576, 0
3153, 1576.5, 1
3154, 1577, 2
3155, 1577.5, 0
3156, 1578, 1
3157, 1578.5, 1
3158, 1579, 0
3159, 1579.5, 0
3160, 1580, 2
3161, 1580.5, 1
3162, 1581, 1
3163, 1581.5, 1
3164, 1582, 0
3165, 1582.5, 1
3166, 1583, 1
3167, 1583.5, 5
3168, 1584, 2
3169, 1584.5, 3
3170, 1585, 4
3171, 1585.5, 1
3172, 1586, 0
3173, 1586.5, 0
3174, 1587, 1
3175, 1587.5, 0
3176, 1588, 0
3177, 1588.5, 0
3178, 1589, 1
3179, 1589.5, 0
3180, 1590, 0
3181, 1590.5, 0
3182, 1591, 0
3183, 1591.5, 0
3184, 1592, 2
3185, 1592.5, 0
3186, 1593, 0
3187, 1593.5, 0
3188, 1594, 1
3189, 1594.5, 4
3190, 1595, 0
3191, 1595.5, 0
3192, 1596, 0
3193, 1596.5, 1
3194, 1597, 1
3195, 1597.5, 0
3196, 1598, 1
3197, 1598.5, 0
3198, 1599, 1
3199, 1599.5, 1
3200, 1600, 1
3201, 1600.5, 1
3202, 1601, 1
3203, 1601.5, 1
3204, 1602, 0
3205, 1602.5, 1
3206, 1603, 0
3207, 1603.5, 1
3208, 1604, 1
3209, 1604.5, 2
3210, 1605, 1
3211, 1605.5, 5
3212, 1606, 2
3213, 1606.5, 1
3214, 1607, 2
3215, 1607.5, 1
3216, 1608, 2
3217, 1608.5, 0
3218, 1609, 0
3219, 1609.5, 1
3220, 1610, 1
3221, 1610.5, 1
3222, 1611, 2
3223, 1611.5, 1
3224, 1612, 1
3225, 1612.5, 0
3226, 1613, 0
3227, 1613.5, 1
3228, 1614, 2
3229, 1614.5, 2
3230, 1615, 0
3231, 1615.5, 1
3232, 1616, 1
3233, 1616.5, 0
3234, 1617, 1
3235, 1617.5, 2
3236, 1618, 0
3237, 1618.5, 0
3238, 1619, 2
3239, 1619.5, 0
3240, 1620, 0
3241, 1620.5, 0
3242, 1621, 1
3243, 1621.5, 2
3244, 1622, 2
3245, 1622.5, 0
3246, 1623, 1
3247, 1623.5, 2
3248, 1624, 1
3249, 1624.5, 1
3250, 1625, 0
3251, 1625.5, 1
3252, 1626, 1
3253, 1626.5, 0
3254, 1627, 3
3255, 1627.5, 0
3256, 1628, 0
3257, 1628.5, 1
3258, 1629, 1
3259, 1629.5, 1
3260, 1630, 0
3261, 1630.5, 0
3262, 1631, 0
3263, 1631.5, 0
3264, 1632, 2
3265, 1632.5, 0
3266, 1633, 1
3267, 1633.5, 0
3268, 1634, 0
3269, 1634.5, 1
3270, 1635, 0
3271, 1635.5, 1
3272, 1636, 2
3273, 1636.5, 0
3274, 1637, 0
3275, 1637.5, 0
3276, 1638, 0
3277, 1638.5, 0
3278, 1639, 0
3279, 1639.5, 0
3280, 1640, 1
3281, 1640.5, 0
3282, 1641, 0
3283, 1641.5, 0
3284, 1642, 1
3285, 1642.5, 0
3286, 1643, 1
3287, 1643.5, 0
3288, 1644, 0
3289, 1644.5, 0
3290, 1645, 1
3291, 1645.5, 0
3292, 1646, 0
3293, 1646.5, 1
3294, 1647, 0
3295, 1647.5, 0
3296, 1648, 0
3297, 1648.5, 0
3298, 1649, 1
3299, 1649.5, 0
3300, 1650, 0
3301, 1650.5, 0
3302, 1651, 1
3303, 1651.5, 1
3304, 1652, 0
3305, 1652.5, 0
3306, 1653, 0
3307, 1653.5, 0
3308, 1654, 1
3309, 1654.5, 0
3310, 1655, 0
3311, 1655.5, 0
3312, 1656, 0
3313, 1656.5, 0
3314, 1657, 2
3315, 1657.5, 1
3316, 1658, 0
3317, 1658.5, 1
3318, 1659, 0
3319, 1659.5, 0
3320, 1660, 1
3321, 1660.5, 1
3322, 1661, 0
3323, 1661.5, 0
3324, 1662, 1
3325, 1662.5, 0
3326, 1663, 0
3327, 1663.5, 1
3328, 1664, 0
3329, 1664.5, 0
3330, 1665, 0
3331, 1665.5, 0
3332, 1666, 0
3333, 1666.5, 0
3334, 1667, 0
3335, 1667.5, 0
3336, 1668, 1
3337, 1668.5, 0
3338, 1669, 0
3339, 1669.5, 0
3340, 1670, 0
3341, 1670.5, 0
3342, 1671, 0
3343, 1671.5, 0
3344, 1672, 0
3345, 1672.5, 0
3346, 1673, 0
3347, 1673.5, 1
3348, 1674, 0
3349, 1674.5, 0
3350, 1675, 0
3351, 1675.5, 0
3352, 1676, 0
3353, 1676.5, 1
3354, 1677, 0
3355, 1677.5, 0
3356, 1678, 0
3357, 1678.5, 0
3358, 1679, 0
3359, 1679.5, 0
3360, 1680, 0
3361, 1680.5, 0
3362, 1681, 1
3363, 1681.5, 0
3364, 1682, 0
3365, 1682.5, 0
3366, 1683, 0
3367, 1683.5, 0
3368, 1684, 1
3369, 1684.5, 0
3370, 1685, 0
3371, 1685.5, 0
3372, 1686, 0
3373, 1686.5, 1
3374, 1687, 0
3375, 1687.5, 0
3376, 1688, 0
3377, 1688.5, 0
3378, 1689, 0
3379, 1689.5, 1
3380, 1690, 0
3381, 1690.5, 0
3382, 1691, 1
3383, 1691.5, 1
3384, 1692, 1
3385, 1692.5, 0
3386, 1693, 0
3387, 1693.5, 1
3388, 1694, 1
3389, 1694.5, 1
3390, 1695, 0
3391, 1695.5, 0
3392, 1696, 0
3393, 1696.5, 0
3394, 1697, 0
3395, 1697.5, 0
3396, 1698, 0
3397, 1698.5, 0
3398, 1699, 0
3399, 1699.5, 0
3400, 1700, 0
3401, 1700.5, 0
3402, 1701, 0
3403, 1701.5, 1
3404, 1702, 0
3405, 1702.5, 1
3406, 1703, 0
3407, 1703.5, 0
3408, 1704, 0
3409, 1704.5, 0
3410, 1705, 2
3411, 1705.5, 0
3412, 1706, 1
3413, 1706.5, 0
3414, 1707, 0
3415, 1707.5, 0
3416, 1708, 0
3417, 1708.5, 1
3418, 1709, 1
3419, 1709.5, 1
3420, 1710, 1
3421, 1710.5, 0
3422, 1711, 0
3423, 1711.5, 1
3424, 1712, 0
3425, 1712.5, 0
3426, 1713, 3
3427, 1713.5, 21
3428, 1714, 46
3429, 1714.5, 82
3430, 1715, 81
3431, 1715.5, 41
3432, 1716, 16
3433, 1716.5, 2
3434, 1717, 0
3435, 1717.5, 0
3436, 1718, 0
3437, 1718.5, 0
3438, 1719, 0
3439, 1719.5, 0
3440, 1720, 0
3441, 1720.5, 1
3442, 1721, 0
3443, 1721.5, 0
3444, 1722, 0
3445, 1722.5, 1
3446, 1723, 0
3447, 1723.5, 0
3448, 1724, 0
3449, 1724.5, 0
3450, 1725, 1
3451, 1725.5, 0
3452, 1726, 1
3453, 1726.5, 0
3454, 1727, 0
3455, 1727.5, 0
3456, 1728, 0
3457, 1728.5, 0
3458, 1729, 0
3459, 1729.5, 0
3460, 1730, 0
3461, 1730.5, 0
3462, 1731, 0
3463, 1731.5, 1
3464, 1732, 0
3465, 1732.5, 0
3466, 1733, 0
3467, 1733.5, 0
3468, 1734, 0
3469, 1734.5, 0
3470, 1735, 0
3471, 1735.5, 0
3472, 1736, 0
3473, 1736.5, 0
3474, 1737, 0
3475, 1737.5, 0
3476, 1738, 0
3477, 1738.5, 0
3478, 1739, 0
3479, 1739.5, 0
3480, 1740, 0
3481, 1740.5, 0
3482, 1741, 0
3483, 1741.5, 0
3484, 1742, 0
3485, 1742.5, 0
3486, 1743, 0
3487, 1743.5, 0
3488, 1744, 0
3489, 1744.5, 0
3490, 1745, 0
3491, 1745.5, 1
3492, 1746, 0
3493, 1746.5, 0
3494, 1747, 0
3495, 1747.5, 0
3496, 1748, 1
3497, 1748.5, 0
3498, 1749, 0
3499, 1749.5, 0
3500, 1750, 0
3501, 1750.5, 0
3502, 1751, 0
3503, 1751.5, 0
3504, 1752, 0
3505, 1752.5, 0
3506, 1753, 0
3507, 1753.5, 0
3508, 1754, 0
3509, 1754.5, 0
3510, 1755, 0
3511, 1755.5, 0
3512, 1756, 0
3513, 1756.5, 0
3514, 1757, 0
3515, 1757.5, 0
3516, 1758, 0
3517, 1758.5, 0
3518, 1759, 1
3519, 1759.5, 0
3520, 1760, 1
3521, 1760.5, 0
3522, 1761, 0
3523, 1761.5, 0
3524, 1762, 1
3525, 1762.5, 0
3526, 1763, 0
3527, 1763.5, 0
3528, 1764, 0
3529, 1764.5, 0
3530, 1765, 0
3531, 1765.5, 0
3532, 1766, 0
3533, 1766.5, 1
3534, 1767, 2
3535, 1767.5, 0
3536, 1768, 0
3537, 1768.5, 1
3538, 1769, 0
3539, 1769.5, 0
3540, 1770, 0
3541, 1770.5, 0
3542, 1771, 0
3543, 1771.5, 0
3544, 1772, 0
3545, 1772.5, 0
3546, 1773, 1
3547, 1773.5, 0
3548, 1774, 0
3549, 1774.5, 0
3550, 1775, 0
3551, 1775.5, 0
3552, 1776, 0
3553, 1776.5, 0
3554, 1777, 0
3555, 1777.5, 0
3556, 1778, 0
3557, 1778.5, 0
3558, 1779, 0
3559, 1779.5, 0
3560, 1780, 0
3561, 1780.5, 0
3562, 1781, 0
3563, 1781.5, 0
3564, 1782, 0
3565, 1782.5, 0
3566, 1783, 1
3567, 1783.5, 0
3568, 1784, 0
3569, 1784.5, 0
3570, 1785, 0
3571, 1785.5, 0
3572, 1786, 0
3573, 1786.5, 0
3574, 1787, 0
3575, 1787.5, 0
3576, 1788, 0
3577, 1788.5, 0
3578, 1789, 0
3579, 1789.5, 0
3580, 1790, 1
3581, 1790.5, 0
3582, 1791, 0
3583, 1791.5, 0
3584, 1792, 0
3585, 1792.5, 0
3586, 1793, 0
3587, 1793.5, 0
3588, 1794, 0
3589, 1794.5, 0
3590, 1795, 0
3591, 1795.5, 0
3592, 1796, 0
3593, 1796.5, 0
3594, 1797, 0
3595, 1797.5, 0
3596, 1798, 0
3597, 1798.5, 0
3598, 1799, 0
3599, 1799.5, 0
3600, 1800, 1
3601, 1800.5, 0
3602, 1801, 0
3603, 1801.5, 0
3604, 1802, 0
3605, 1802.5, 0
3606, 1803, 0
3607, 1803.5, 0
3608, 1804, 0
3609, 1804.5, 0
3610, 1805, 0
3611, 1805.5, 0
3612, 1806, 0
3613, 1806.5, 0
3614, 1807, 0
3615, 1807.5, 0
3616, 1808, 0
3617, 1808.5, 0
3618, 1809, 0
3619, 1809.5, 0
3620, 1810, 0
3621, 1810.5, 0
3622, 1811, 0
3623, 1811.5, 0
3624, 1812, 0
3625, 1812.5, 0
3626, 1813, 0
3627, 1813.5, 0
3628, 1814, 0
3629, 1814.5, 0
3630, 1815, 0
3631, 1815.5, 0
3632, 1816, 0
3633, 1816.5, 0
3634, 1817, 0
3635, 1817.5, 0
3636, 1818, 0
3637, 1818.5, 0
3638, 1819, 0
3639, 1819.5, 0
3640, 1820, 0
3641, 1820.5, 0
3642, 1821, 0
3643, 1821.5, 0
3644, 1822, 0
3645, 1822.5, 0
3646, 1823, 0
3647, 1823.5, 0
3648, 1824, 0
3649, 1824.5, 0
3650, 1825, 0
3651, 1825.5, 0
3652, 1826, 0
3653, 1826.5, 0
3654, 1827, 0
3655, 1827.5, 0
3656, 1828, 0
3657, 1828.5, 0
3658, 1829, 0
3659, 1829.5, 0
3660, 1830, 0
3661, 1830.5, 1
3662, 1831, 0
3663, 1831.5, 0
3664, 1832, 0
3665, 1832.5, 0
3666, 1833, 0
3667, 1833.5, 0
3668, 1834, 0
3669, 1834.5, 0
3670, 1835, 0
3671, 1835.5, 0
3672, 1836, 0
3673, 1836.5, 0
3674, 1837, 0
3675, 1837.5, 0
3676, 1838, 0
3677, 1838.5, 0
3678, 1839, 0
3679, 1839.5, 0
3680, 1840, 0
3681, 1840.5, 0
3682, 1841, 0
3683, 1841.5, 0
3684, 1842, 0
3685, 1842.5, 0
3686, 1843, 0
3687, 1843.5, 0
3688, 1844, 1
3689, 1844.5, 0
3690, 1845, 0
3691, 1845.5, 0
3692, 1846, 0
3693, 1846.5, 0
3694, 1847, 1
3695, 1847.5, 0
3696, 1848, 0
3697, 1848.5, 0
3698, 1849, 0
3699, 1849.5, 0
3700, 1850, 0
3701, 1850.5, 0
3702, 1851, 0
3703, 1851.5, 1
3704, 1852, 0
3705, 1852.5, 0
3706, 1853, 0
3707, 1853.5, 0
3708, 1854, 0
3709, 1854.5, 0
3710, 1855, 0
3711, 1855.5, 0
3712, 1856, 0
3713, 1856.5, 0
3714, 1857, 0
3715, 1857.5, 0
3716, 1858, 0
3717, 1858.5, 0
3718, 1859, 0
3719, 1859.5, 0
3720, 1860, 0
3721, 1860.5, 0
3722, 1861, 0
3723, 1861.5, 0
3724, 1862, 0
3725, 1862.5, 0
3726, 1863, 0
3727, 1863.5, 0
3728, 1864, 0
3729, 1864.5, 0
3730, 1865, 0
3731, 1865.5, 0
3732, 1866, 0
3733, 1866.5, 0
3734, 1867, 0
3735, 1867.5, 0
3736, 1868, 0
3737, 1868.5, 0
3738, 1869, 0
3739, 1869.5, 0
3740, 1870, 0
3741, 1870.5, 0
3742, 1871, 0
3743, 1871.5, 0
3744, 1872, 0
3745, 1872.5, 0
3746, 1873, 0
3747, 1873.5, 0
3748, 1874, 0
3749, 1874.5, 0
3750, 1875, 0
3751, 1875.5, 0
3752, 1876, 0
3753, 1876.5, 0
3754, 1877, 0
3755, 1877.5, 0
3756, 1878, 0
3757, 1878.5, 0
3758, 1879, 0
3759, 1879.5, 1
3760, 1880, 0
3761, 1880.5, 0
3762, 1881, 0
3763, 1881.5, 0
3764, 1882, 0
3765, 1882.5, 0
3766, 1883, 0
3767, 1883.5, 0
3768, 1884, 0
3769, 1884.5, 0
3770, 1885, 0
3771, 1885.5, 0
3772, 1886, 0
3773, 1886.5, 0
3774, 1887, 0
3775, 1887.5, 0
3776, 1888, 0
3777, 1888.5, 0
3778, 1889, 0
3779, 1889.5, 0
3780, 1890, 0
3781, 1890.5, 0
3782, 1891, 0
3783, 1891.5, 0
3784, 1892, 0
3785, 1892.5, 0
3786, 1893, 0
3787, 1893.5, 0
3788, 1894, 0
3789, 1894.5, 0
3790, 1895, 0
3791, 1895.5, 0
3792, 1896, 0
3793, 1896.5, 0
3794, 1897, 0
3795, 1897.5, 0
3796, 1898, 0
3797, 1898.5, 0
3798, 1899, 0
3799, 1899.5, 0
3800, 1900, 0
3801, 1900.5, 1
3802, 1901, 0
3803, 1901.5, 0
3804, 1902, 1
3805, 1902.5, 0
3806, 1903, 0
3807, 1903.5, 0
3808, 1904, 0
3809, 1904.5, 0
3810, 1905, 0
3811, 1905.5, 0
3812, 1906, 0
3813, 1906.5, 0
3814, 1907, 0
3815, 1907.5, 0
3816, 1908, 0
3817, 1908.5, 0
3818, 1909, 0
3819, 1909.5, 0
3820, 1910, 0
3821, 1910.5, 0
3822, 1911, 0
3823, 1911.5, 0
3824, 1912, 0
3825, 1912.5, 0
3826, 1913, 0
3827, 1913.5, 0
3828, 1914, 0
3829, 1914.5, 0
3830, 1915, 0
3831, 1915.5, 0
3832, 1916, 0
3833, 1916.5, 0
3834, 1917, 0
3835, 1917.5, 0
3836, 1918, 0
3837, 1918.5, 0
3838, 1919, 0
3839, 1919.5, 0
3840, 1920, 0
3841, 1920.5, 0
3842, 1921, 0
3843, 1921.5, 0
3844, 1922, 1
3845, 1922.5, 0
3846, 1923, 0
3847, 1923.5, 0
3848, 1924, 0
3849, 1924.5, 0
3850, 1925, 0
3851, 1925.5, 0
3852, 1926, 0
3853, 1926.5, 0
3854, 1927, 0
3855, 1927.5, 0
3856, 1928, 0
3857, 1928.5, 0
3858, 1929, 0
3859, 1929.5, 0
3860, 1930, 0
3861, 1930.5, 0
3862, 1931, 0
3863, 1931.5, 0
3864, 1932, 0
3865, 1932.5, 0
3866, 1933, 0
3867, 1933.5, 0
3868, 1934, 0
3869, 1934.5, 0
3870, 1935, 0
3871, 1935.5, 0
3872, 1936, 0
3873, 1936.5, 0
3874, 1937, 0
3875, 1937.5, 0
3876, 1938, 0
3877, 1938.5, 0
3878, 1939, 0
3879, 1939.5, 0
3880, 1940, 0
3881, 1940.5, 0
3882, 1941, 0
3883, 1941.5, 0
3884, 1942, 0
3885, 1942.5, 0
3886, 1943, 0
3887, 1943.5, 0
3888, 1944, 0
3889, 1944.5, 0
3890, 1945, 0
3891, 1945.5, 0
3892, 1946, 0
3893, 1946.5, 0
3894, 1947, 2
3895, 1947.5, 0
3896, 1948, 0
3897, 1948.5, 0
3898, 1949, 0
3899, 1949.5, 1
3900, 1950, 0
3901, 1950.5, 1
3902, 1951, 0
3903, 1951.5, 1
3904, 1952, 0
3905, 1952.5, 0
3906, 1953, 0
3907, 1953.5, 2
3908, 1954, 0
3909, 1954.5, 0
3910, 1955, 0
3911, 1955.5, 0
3912, 1956, 0
3913, 1956.5, 0
3914, 1957, 0
3915, 1957.5, 0
3916, 1958, 0
3917, 1958.5, 0
3918, 1959, 0
3919, 1959.5, 0
3920, 1960, 0
3921, 1960.5, 0
3922, 1961, 0
3923, 1961.5, 0
3924, 1962, 0
3925, 1962.5, 0
3926, 1963, 0
3927, 1963.5, 0
3928, 1964, 0
3929, 1964.5, 0
3930, 1965, 0
3931, 1965.5, 0
3932, 1966, 0
3933, 1966.5, 0
3934, 1967, 0
3935, 1967.5, 0
3936, 1968, 0
3937, 1968.5, 0
3938, 1969, 0
3939, 1969.5, 1
3940, 1970, 0
3941, 1970.5, 0
3942, 1971, 0
3943, 1971.5, 0
3944, 1972, 0
3945, 1972.5, 0
3946, 1973, 0
3947, 1973.5, 0
3948, 1974, 0
3949, 1974.5, 0
3950, 1975, 0
3951, 1975.5, 1
3952, 1976, 0
3953, 1976.5, 0
3954, 1977, 0
3955, 1977.5, 0
3956, 1978, 0
3957, 1978.5, 0
3958, 1979, 0
3959, 1979.5, 0
3960, 1980, 0
3961, 1980.5, 0
3962, 1981, 0
3963, 1981.5, 0
3964, 1982, 0
3965, 1982.5, 0
3966, 1983, 0
3967, 1983.5, 0
3968, 1984, 0
3969, 1984.5, 0
3970, 1985, 0
3971, 1985.5, 0
3972, 1986, 0
3973, 1986.5, 0
3974, 1987, 0
3975, 1987.5, 0
3976, 1988, 0
3977, 1988.5, 0
3978, 1989, 0
3979, 1989.5, 0
3980, 1990, 0
3981, 1990.5, 0
3982, 1991, 0
3983, 1991.5, 0
3984, 1992, 0
3985, 1992.5, 1
3986, 1993, 0
3987, 1993.5, 0
3988, 1994, 0
3989, 1994.5, 0
3990, 1995, 0
3991, 1995.5, 0
3992, 1996, 0
3993, 1996.5, 0
3994, 1997, 0
3995, 1997.5, 0
3996, 1998, 0
3997, 1998.5, 0
3998, 1999, 0
3999, 1999.5, 0
4000, 2000, 0
4001, 2000.5, 0
4002, 2001, 0
4003, 2001.5, 0
4004, 2002, 0
4005, 2002.5, 0
4006, 2003, 0
4007, 2003.5, 0
4008, 2004, 0
4009, 2004.5, 0
4010, 2005, 0
4011, 2005.5, 0
4012, 2006, 0
4013, 2006.5, 0
4014, 2007, 0
4015, 2007.5, 0
4016, 2008, 0
4017, 2008.5, 0
4018, 2009, 0
4019, 2009.5, 0
4020, 2010, 0
4021, 2010.5, 0
4022, 2011, 0
4023, 2011.5, 0
4024, 2012, 0
4025, 2012.5, 0
4026, 2013, 0
4027, 2013.5, 0
4028, 2014, 0
4029, 2014.5, 0
4030, 2015, 0
4031, 2015.5, 0
4032, 2016, 0
4033, 2016.5, 0
4034, 2017, 0
4035, 2017.5, 1
4036, 2018, 0
4037, 2018.5, 0
4038, 2019, 1
4039, 2019.5, 0
4040, 2020, 0
4041, 2020.5, 1
4042, 2021, 0
4043, 2021.5, 0
4044, 2022, 0
4045, 2022.5, 0
4046, 2023, 0
4047, 2023.5, 0
4048, 2024, 0
4049, 2024.5, 0
4050, 2025, 0
4051, 2025.5, 0
4052, 2026, 0
4053, 2026.5, 0
4054, 2027, 0
4055, 2027.5, 1
4056, 2028, 0
4057, 2028.5, 0
4058, 2029, 0
4059, 2029.5, 0
4060, 2030, 0
4061, 2030.5, 0
4062, 2031, 0
4063, 2031.5, 0
4064, 2032, 1
4065, 2032.5, 0
4066, 2033, 0
4067, 2033.5, 0
4068, 2034, 0
4069, 2034.5, 0
4070, 2035, 0
4071, 2035.5, 0
4072, 2036, 0
4073, 2036.5, 0
4074, 2037, 0
4075, 2037.5, 0
4076, 2038, 0
4077, 2038.5, 0
4078, 2039, 0
4079, 2039.5, 0
4080, 2040, 0
4081, 2040.5, 0
4082, 2041, 0
4083, 2041.5, 0
4084, 2042, 0
4085, 2042.5, 0
4086, 2043, 0
4087, 2043.5, 1
4088, 2044, 0
4089, 2044.5, 0
4090, 2045, 1
4091, 2045.5, 0
4092, 2046, 0
4093, 2046.5, 0
4094, 2047, 0
4095, 2047.5, 0
4096, 2048, 0
