Start Time, Nov. 21, 2018 at 02:36:43 PM
Energy calibration,  Offset: 0, Slope: 0.5, Quadratic: 0
Live Time (s), 85293.55
Real Time (s), 85585.65
Elapsed Computational, 0
Spectrum
Channel, Energy (keV), Counts
1, 0.5, 525
2, 1, 220693
3, 1.5, 15701
4, 2, 3238
5, 2.5, 7405
6, 3, 23878
7, 3.5, 22181
8, 4, 20253
9, 4.5, 18951
10, 5, 17652
11, 5.5, 16662
12, 6, 23613
13, 6.5, 20725
14, 7, 15566
15, 7.5, 12682
16, 8, 11959
17, 8.5, 11038
18, 9, 10756
19, 9.5, 10196
20, 10, 10083
21, 10.5, 9701
22, 11, 9497
23, 11.5, 9222
24, 12, 8995
25, 12.5, 9016
26, 13, 8624
27, 13.5, 8441
28, 14, 8595
29, 14.5, 8304
30, 15, 8207
31, 15.5, 8069
32, 16, 8010
33, 16.5, 8017
34, 17, 7846
35, 17.5, 7841
36, 18, 7744
37, 18.5, 7512
38, 19, 7697
39, 19.5, 7357
40, 20, 7453
41, 20.5, 7319
42, 21, 7213
43, 21.5, 7096
44, 22, 7112
45, 22.5, 6879
46, 23, 7088
47, 23.5, 6856
48, 24, 6840
49, 24.5, 6937
50, 25, 6943
51, 25.5, 6938
52, 26, 6631
53, 26.5, 6787
54, 27, 6836
55, 27.5, 6858
56, 28, 6945
57, 28.5, 6946
58, 29, 6890
59, 29.5, 6958
60, 30, 6701
61, 30.5, 6948
62, 31, 6912
63, 31.5, 7010
64, 32, 6864
65, 32.5, 7008
66, 33, 7184
67, 33.5, 7338
68, 34, 7281
69, 34.5, 7324
70, 35, 7352
71, 35.5, 7644
72, 36, 7695
73, 36.5, 7837
74, 37, 7870
75, 37.5, 7921
76, 38, 7962
77, 38.5, 8316
78, 39, 8431
79, 39.5, 8512
80, 40, 8881
81, 40.5, 9022
82, 41, 9162
83, 41.5, 9504
84, 42, 9472
85, 42.5, 9617
86, 43, 9762
87, 43.5, 9961
88, 44, 10326
89, 44.5, 10534
90, 45, 10752
91, 45.5, 10774
92, 46, 11012
93, 46.5, 11255
94, 47, 11816
95, 47.5, 14031
96, 48, 18950
97, 48.5, 13493
98, 49, 18936
99, 49.5, 24969
100, 50, 13427
101, 50.5, 13393
102, 51, 13696
103, 51.5, 12490
104, 52, 12405
105, 52.5, 12494
106, 53, 12844
107, 53.5, 12971
108, 54, 13148
109, 54.5, 13350
110, 55, 14027
111, 55.5, 17838
112, 56, 19359
113, 56.5, 14435
114, 57, 14665
115, 57.5, 16394
116, 58, 14090
117, 58.5, 13175
118, 59, 13615
119, 59.5, 13569
120, 60, 13277
121, 60.5, 13624
122, 61, 14396
123, 61.5, 14132
124, 62, 13438
125, 62.5, 13567
126, 63, 13608
127, 63.5, 13433
128, 64, 13637
129, 64.5, 13759
130, 65, 13941
131, 65.5, 13920
132, 66, 13781
133, 66.5, 13740
134, 67, 13944
135, 67.5, 13925
136, 68, 13881
137, 68.5, 13865
138, 69, 14167
139, 69.5, 13981
140, 70, 13826
141, 70.5, 14010
142, 71, 13977
143, 71.5, 13975
144, 72, 14192
145, 72.5, 13849
146, 73, 13939
147, 73.5, 13785
148, 74, 13945
149, 74.5, 13950
150, 75, 13811
151, 75.5, 13993
152, 76, 13729
153, 76.5, 14028
154, 77, 13900
155, 77.5, 13948
156, 78, 13999
157, 78.5, 13676
158, 79, 13670
159, 79.5, 13819
160, 80, 13775
161, 80.5, 13611
162, 81, 13596
163, 81.5, 13612
164, 82, 13748
165, 82.5, 13641
166, 83, 13437
167, 83.5, 13487
168, 84, 13334
169, 84.5, 13636
170, 85, 13800
171, 85.5, 13379
172, 86, 13265
173, 86.5, 13122
174, 87, 13137
175, 87.5, 12942
176, 88, 13283
177, 88.5, 13031
178, 89, 12911
179, 89.5, 12990
180, 90, 12692
181, 90.5, 12680
182, 91, 12363
183, 91.5, 12551
184, 92, 12513
185, 92.5, 12522
186, 93, 12240
187, 93.5, 12564
188, 94, 12372
189, 94.5, 12299
190, 95, 12250
191, 95.5, 12160
192, 96, 11808
193, 96.5, 11926
194, 97, 11918
195, 97.5, 12021
196, 98, 11750
197, 98.5, 11932
198, 99, 11586
199, 99.5, 11394
200, 100, 11513
201, 100.5, 11667
202, 101, 11585
203, 101.5, 11511
204, 102, 11223
205, 102.5, 11139
206, 103, 10963
207, 103.5, 10949
208, 104, 11051
209, 104.5, 10881
210, 105, 10669
211, 105.5, 10701
212, 106, 10746
213, 106.5, 10621
214, 107, 10667
215, 107.5, 10526
216, 108, 10296
217, 108.5, 10351
218, 109, 10397
219, 109.5, 10223
220, 110, 10340
221, 110.5, 9936
222, 111, 10019
223, 111.5, 10119
224, 112, 10106
225, 112.5, 9837
226, 113, 9715
227, 113.5, 9720
228, 114, 9732
229, 114.5, 9815
230, 115, 9574
231, 115.5, 9482
232, 116, 9450
233, 116.5, 9581
234, 117, 9582
235, 117.5, 9493
236, 118, 9426
237, 118.5, 9176
238, 119, 9262
239, 119.5, 9109
240, 120, 9134
241, 120.5, 8972
242, 121, 9030
243, 121.5, 9301
244, 122, 10701
245, 122.5, 10053
246, 123, 8916
247, 123.5, 8766
248, 124, 8641
249, 124.5, 8839
250, 125, 8571
251, 125.5, 8529
252, 126, 8503
253, 126.5, 8531
254, 127, 8669
255, 127.5, 8492
256, 128, 8342
257, 128.5, 8069
258, 129, 8235
259, 129.5, 8209
260, 130, 8170
261, 130.5, 8041
262, 131, 8096
263, 131.5, 7763
264, 132, 8083
265, 132.5, 7945
266, 133, 7897
267, 133.5, 7870
268, 134, 8005
269, 134.5, 7767
270, 135, 7835
271, 135.5, 7745
272, 136, 7628
273, 136.5, 7748
274, 137, 7841
275, 137.5, 8596
276, 138, 7582
277, 138.5, 7363
278, 139, 7303
279, 139.5, 7173
280, 140, 7298
281, 140.5, 7428
282, 141, 7152
283, 141.5, 7258
284, 142, 7114
285, 142.5, 7008
286, 143, 7103
287, 143.5, 6965
288, 144, 6962
289, 144.5, 6926
290, 145, 6945
291, 145.5, 6843
292, 146, 6830
293, 146.5, 6792
294, 147, 6869
295, 147.5, 6794
296, 148, 6842
297, 148.5, 6729
298, 149, 6662
299, 149.5, 6497
300, 150, 6519
301, 150.5, 6427
302, 151, 6372
303, 151.5, 6427
304, 152, 6310
305, 152.5, 6387
306, 153, 6434
307, 153.5, 6475
308, 154, 6225
309, 154.5, 6267
310, 155, 6385
311, 155.5, 6285
312, 156, 6872
313, 156.5, 14585
314, 157, 14106
315, 157.5, 6384
316, 158, 6473
317, 158.5, 7421
318, 159, 7587
319, 159.5, 5892
320, 160, 5365
321, 160.5, 5504
322, 161, 5441
323, 161.5, 5329
324, 162, 5272
325, 162.5, 5228
326, 163, 5214
327, 163.5, 5277
328, 164, 5282
329, 164.5, 5148
330, 165, 5159
331, 165.5, 5043
332, 166, 4967
333, 166.5, 5055
334, 167, 5014
335, 167.5, 5080
336, 168, 5057
337, 168.5, 5046
338, 169, 4874
339, 169.5, 4984
340, 170, 5134
341, 170.5, 4784
342, 171, 4835
343, 171.5, 4817
344, 172, 4825
345, 172.5, 4760
346, 173, 4762
347, 173.5, 4626
348, 174, 4692
349, 174.5, 4707
350, 175, 4757
351, 175.5, 4591
352, 176, 4550
353, 176.5, 4665
354, 177, 4952
355, 177.5, 5395
356, 178, 4839
357, 178.5, 4475
358, 179, 4414
359, 179.5, 4557
360, 180, 4399
361, 180.5, 4373
362, 181, 4336
363, 181.5, 4415
364, 182, 4847
365, 182.5, 4568
366, 183, 4282
367, 183.5, 4266
368, 184, 4238
369, 184.5, 4193
370, 185, 4240
371, 185.5, 4229
372, 186, 4057
373, 186.5, 4209
374, 187, 4146
375, 187.5, 3999
376, 188, 4100
377, 188.5, 3986
378, 189, 4078
379, 189.5, 3927
380, 190, 4023
381, 190.5, 4025
382, 191, 4015
383, 191.5, 3979
384, 192, 3946
385, 192.5, 3913
386, 193, 3980
387, 193.5, 6469
388, 194, 8182
389, 194.5, 4464
390, 195, 3598
391, 195.5, 3794
392, 196, 3753
393, 196.5, 3916
394, 197, 4608
395, 197.5, 3864
396, 198, 3548
397, 198.5, 3673
398, 199, 3459
399, 199.5, 3451
400, 200, 3518
401, 200.5, 3501
402, 201, 3501
403, 201.5, 3382
404, 202, 3536
405, 202.5, 3426
406, 203, 3391
407, 203.5, 3474
408, 204, 3411
409, 204.5, 3468
410, 205, 3488
411, 205.5, 3268
412, 206, 3218
413, 206.5, 3432
414, 207, 3271
415, 207.5, 3300
416, 208, 3275
417, 208.5, 3332
418, 209, 3186
419, 209.5, 3179
420, 210, 3233
421, 210.5, 3219
422, 211, 3191
423, 211.5, 3253
424, 212, 3285
425, 212.5, 3243
426, 213, 3312
427, 213.5, 3304
428, 214, 3487
429, 214.5, 3799
430, 215, 3677
431, 215.5, 3778
432, 216, 3286
433, 216.5, 3196
434, 217, 3124
435, 217.5, 3017
436, 218, 3138
437, 218.5, 3157
438, 219, 2925
439, 219.5, 3012
440, 220, 3049
441, 220.5, 2996
442, 221, 2904
443, 221.5, 3250
444, 222, 5586
445, 222.5, 4435
446, 223, 3054
447, 223.5, 2948
448, 224, 2949
449, 224.5, 2799
450, 225, 2832
451, 225.5, 2693
452, 226, 2775
453, 226.5, 2714
454, 227, 2764
455, 227.5, 2793
456, 228, 2794
457, 228.5, 2809
458, 229, 2692
459, 229.5, 2740
460, 230, 2845
461, 230.5, 4945
462, 231, 11413
463, 231.5, 6813
464, 232, 2797
465, 232.5, 2523
466, 233, 2521
467, 233.5, 2432
468, 234, 2623
469, 234.5, 2501
470, 235, 2486
471, 235.5, 2499
472, 236, 2466
473, 236.5, 2433
474, 237, 2544
475, 237.5, 2529
476, 238, 2485
477, 238.5, 2410
478, 239, 2437
479, 239.5, 2467
480, 240, 2435
481, 240.5, 2364
482, 241, 2405
483, 241.5, 2343
484, 242, 2317
485, 242.5, 2352
486, 243, 2252
487, 243.5, 2328
488, 244, 2319
489, 244.5, 2334
490, 245, 2311
491, 245.5, 2290
492, 246, 2265
493, 246.5, 2222
494, 247, 2200
495, 247.5, 2275
496, 248, 2255
497, 248.5, 2211
498, 249, 2256
499, 249.5, 2269
500, 250, 2282
501, 250.5, 2226
502, 251, 2297
503, 251.5, 2169
504, 252, 2171
505, 252.5, 2195
506, 253, 2189
507, 253.5, 2316
508, 254, 2234
509, 254.5, 2152
510, 255, 2352
511, 255.5, 2300
512, 256, 2154
513, 256.5, 2311
514, 257, 2185
515, 257.5, 2129
516, 258, 2117
517, 258.5, 2106
518, 259, 2221
519, 259.5, 2169
520, 260, 2170
521, 260.5, 2130
522, 261, 2171
523, 261.5, 2124
524, 262, 2161
525, 262.5, 2190
526, 263, 2058
527, 263.5, 2157
528, 264, 2196
529, 264.5, 2083
530, 265, 2045
531, 265.5, 2091
532, 266, 2103
533, 266.5, 2148
534, 267, 2056
535, 267.5, 1996
536, 268, 1967
537, 268.5, 2308
538, 269, 2478
539, 269.5, 2092
540, 270, 1983
541, 270.5, 1971
542, 271, 2007
543, 271.5, 1996
544, 272, 2000
545, 272.5, 1914
546, 273, 1956
547, 273.5, 1913
548, 274, 1992
549, 274.5, 1871
550, 275, 1980
551, 275.5, 1984
552, 276, 1968
553, 276.5, 1878
554, 277, 1947
555, 277.5, 1929
556, 278, 1952
557, 278.5, 1893
558, 279, 1814
559, 279.5, 1890
560, 280, 1930
561, 280.5, 1862
562, 281, 1838
563, 281.5, 1819
564, 282, 1804
565, 282.5, 1808
566, 283, 1883
567, 283.5, 1843
568, 284, 1852
569, 284.5, 1826
570, 285, 1804
571, 285.5, 1757
572, 286, 1732
573, 286.5, 1806
574, 287, 1783
575, 287.5, 1812
576, 288, 1973
577, 288.5, 1971
578, 289, 1813
579, 289.5, 1750
580, 290, 1766
581, 290.5, 1744
582, 291, 1687
583, 291.5, 1743
584, 292, 1771
585, 292.5, 1712
586, 293, 1695
587, 293.5, 1748
588, 294, 1662
589, 294.5, 1710
590, 295, 1752
591, 295.5, 1741
592, 296, 1635
593, 296.5, 1696
594, 297, 1759
595, 297.5, 1697
596, 298, 1754
597, 298.5, 1679
598, 299, 1718
599, 299.5, 1595
600, 300, 1627
601, 300.5, 1663
602, 301, 1596
603, 301.5, 1633
604, 302, 1570
605, 302.5, 1620
606, 303, 1716
607, 303.5, 1935
608, 304, 2645
609, 304.5, 2071
610, 305, 1559
611, 305.5, 1556
612, 306, 1602
613, 306.5, 1518
614, 307, 1500
615, 307.5, 1615
616, 308, 1546
617, 308.5, 1535
618, 309, 1552
619, 309.5, 1559
620, 310, 1485
621, 310.5, 1580
622, 311, 1585
623, 311.5, 1573
624, 312, 1586
625, 312.5, 1540
626, 313, 1496
627, 313.5, 1582
628, 314, 1533
629, 314.5, 1588
630, 315, 1601
631, 315.5, 1556
632, 316, 1567
633, 316.5, 1488
634, 317, 1429
635, 317.5, 1502
636, 318, 1531
637, 318.5, 1432
638, 319, 1394
639, 319.5, 1615
640, 320, 1596
641, 320.5, 1552
642, 321, 1489
643, 321.5, 1446
644, 322, 1405
645, 322.5, 1475
646, 323, 1401
647, 323.5, 1519
648, 324, 1462
649, 324.5, 1436
650, 325, 1442
651, 325.5, 1477
652, 326, 1471
653, 326.5, 1445
654, 327, 1491
655, 327.5, 1485
656, 328, 1454
657, 328.5, 1505
658, 329, 1424
659, 329.5, 1434
660, 330, 1450
661, 330.5, 1495
662, 331, 1392
663, 331.5, 1366
664, 332, 1408
665, 332.5, 1439
666, 333, 1432
667, 333.5, 1603
668, 334, 1925
669, 334.5, 2781
670, 335, 4815
671, 335.5, 5601
672, 336, 3809
673, 336.5, 2492
674, 337, 1758
675, 337.5, 1476
676, 338, 1333
677, 338.5, 1347
678, 339, 1331
679, 339.5, 1326
680, 340, 1323
681, 340.5, 1402
682, 341, 1342
683, 341.5, 1332
684, 342, 1286
685, 342.5, 1375
686, 343, 1305
687, 343.5, 1402
688, 344, 1346
689, 344.5, 1331
690, 345, 1241
691, 345.5, 1280
692, 346, 1297
693, 346.5, 1290
694, 347, 1314
695, 347.5, 1321
696, 348, 1360
697, 348.5, 1228
698, 349, 1232
699, 349.5, 1257
700, 350, 1291
701, 350.5, 1318
702, 351, 1268
703, 351.5, 1249
704, 352, 1280
705, 352.5, 1273
706, 353, 1261
707, 353.5, 1275
708, 354, 1291
709, 354.5, 1246
710, 355, 1283
711, 355.5, 1230
712, 356, 1231
713, 356.5, 1230
714, 357, 1218
715, 357.5, 1225
716, 358, 1242
717, 358.5, 1221
718, 359, 1251
719, 359.5, 1222
720, 360, 1207
721, 360.5, 1224
722, 361, 1232
723, 361.5, 1199
724, 362, 1216
725, 362.5, 1193
726, 363, 1222
727, 363.5, 1146
728, 364, 1299
729, 364.5, 1194
730, 365, 1204
731, 365.5, 1234
732, 366, 1235
733, 366.5, 1186
734, 367, 1237
735, 367.5, 1221
736, 368, 1214
737, 368.5, 1236
738, 369, 1301
739, 369.5, 1283
740, 370, 1229
741, 370.5, 1214
742, 371, 1168
743, 371.5, 1190
744, 372, 1211
745, 372.5, 1216
746, 373, 1162
747, 373.5, 1233
748, 374, 1215
749, 374.5, 1190
750, 375, 1177
751, 375.5, 1213
752, 376, 1213
753, 376.5, 1197
754, 377, 1142
755, 377.5, 1139
756, 378, 1112
757, 378.5, 1151
758, 379, 1197
759, 379.5, 1169
760, 380, 1145
761, 380.5, 1192
762, 381, 1204
763, 381.5, 1231
764, 382, 1859
765, 382.5, 5690
766, 383, 6470
767, 383.5, 2266
768, 384, 1152
769, 384.5, 1133
770, 385, 1140
771, 385.5, 1090
772, 386, 1077
773, 386.5, 1079
774, 387, 1072
775, 387.5, 1043
776, 388, 1084
777, 388.5, 1045
778, 389, 1126
779, 389.5, 1062
780, 390, 1052
781, 390.5, 1095
782, 391, 1040
783, 391.5, 1085
784, 392, 1058
785, 392.5, 1033
786, 393, 1071
787, 393.5, 1062
788, 394, 1015
789, 394.5, 1076
790, 395, 1096
791, 395.5, 1076
792, 396, 1098
793, 396.5, 1101
794, 397, 1063
795, 397.5, 1101
796, 398, 1060
797, 398.5, 1021
798, 399, 1667
799, 399.5, 6165
800, 400, 9969
801, 400.5, 4050
802, 401, 1190
803, 401.5, 962
804, 402, 978
805, 402.5, 1007
806, 403, 1012
807, 403.5, 935
808, 404, 1010
809, 404.5, 1012
810, 405, 983
811, 405.5, 972
812, 406, 950
813, 406.5, 950
814, 407, 928
815, 407.5, 953
816, 408, 999
817, 408.5, 900
818, 409, 878
819, 409.5, 954
820, 410, 979
821, 410.5, 903
822, 411, 966
823, 411.5, 919
824, 412, 941
825, 412.5, 890
826, 413, 902
827, 413.5, 935
828, 414, 918
829, 414.5, 1024
830, 415, 980
831, 415.5, 944
832, 416, 940
833, 416.5, 948
834, 417, 890
835, 417.5, 921
836, 418, 885
837, 418.5, 947
838, 419, 900
839, 419.5, 889
840, 420, 940
841, 420.5, 918
842, 421, 928
843, 421.5, 906
844, 422, 890
845, 422.5, 933
846, 423, 870
847, 423.5, 900
848, 424, 930
849, 424.5, 917
850, 425, 926
851, 425.5, 924
852, 426, 908
853, 426.5, 921
854, 427, 895
855, 427.5, 885
856, 428, 865
857, 428.5, 899
858, 429, 905
859, 429.5, 957
860, 430, 894
861, 430.5, 933
862, 431, 875
863, 431.5, 934
864, 432, 892
865, 432.5, 858
866, 433, 909
867, 433.5, 917
868, 434, 1293
869, 434.5, 1294
870, 435, 982
871, 435.5, 923
872, 436, 978
873, 436.5, 1134
874, 437, 1143
875, 437.5, 926
876, 438, 814
877, 438.5, 824
878, 439, 870
879, 439.5, 901
880, 440, 888
881, 440.5, 842
882, 441, 876
883, 441.5, 884
884, 442, 879
885, 442.5, 854
886, 443, 845
887, 443.5, 863
888, 444, 840
889, 444.5, 828
890, 445, 784
891, 445.5, 879
892, 446, 816
893, 446.5, 905
894, 447, 842
895, 447.5, 872
896, 448, 805
897, 448.5, 819
898, 449, 827
899, 449.5, 857
900, 450, 777
901, 450.5, 895
902, 451, 809
903, 451.5, 844
904, 452, 855
905, 452.5, 822
906, 453, 837
907, 453.5, 824
908, 454, 849
909, 454.5, 846
910, 455, 816
911, 455.5, 905
912, 456, 792
913, 456.5, 869
914, 457, 851
915, 457.5, 785
916, 458, 850
917, 458.5, 862
918, 459, 874
919, 459.5, 836
920, 460, 813
921, 460.5, 882
922, 461, 905
923, 461.5, 881
924, 462, 852
925, 462.5, 895
926, 463, 912
927, 463.5, 827
928, 464, 827
929, 464.5, 811
930, 465, 834
931, 465.5, 807
932, 466, 821
933, 466.5, 827
934, 467, 785
935, 467.5, 820
936, 468, 827
937, 468.5, 826
938, 469, 814
939, 469.5, 798
940, 470, 820
941, 470.5, 761
942, 471, 791
943, 471.5, 852
944, 472, 885
945, 472.5, 864
946, 473, 826
947, 473.5, 834
948, 474, 791
949, 474.5, 801
950, 475, 742
951, 475.5, 825
952, 476, 757
953, 476.5, 932
954, 477, 1691
955, 477.5, 2041
956, 478, 1127
957, 478.5, 795
958, 479, 791
959, 479.5, 718
960, 480, 795
961, 480.5, 748
962, 481, 819
963, 481.5, 726
964, 482, 758
965, 482.5, 724
966, 483, 744
967, 483.5, 695
968, 484, 759
969, 484.5, 683
970, 485, 783
971, 485.5, 756
972, 486, 732
973, 486.5, 733
974, 487, 812
975, 487.5, 847
976, 488, 799
977, 488.5, 707
978, 489, 764
979, 489.5, 761
980, 490, 755
981, 490.5, 795
982, 491, 746
983, 491.5, 743
984, 492, 770
985, 492.5, 762
986, 493, 758
987, 493.5, 687
988, 494, 744
989, 494.5, 720
990, 495, 801
991, 495.5, 875
992, 496, 901
993, 496.5, 819
994, 497, 711
995, 497.5, 734
996, 498, 696
997, 498.5, 728
998, 499, 713
999, 499.5, 702
1000, 500, 685
1001, 500.5, 758
1002, 501, 873
1003, 501.5, 778
1004, 502, 771
1005, 502.5, 733
1006, 503, 795
1007, 503.5, 893
1008, 504, 1366
1009, 504.5, 1477
1010, 505, 955
1011, 505.5, 700
1012, 506, 708
1013, 506.5, 851
1014, 507, 923
1015, 507.5, 795
1016, 508, 719
1017, 508.5, 685
1018, 509, 652
1019, 509.5, 685
1020, 510, 734
1021, 510.5, 666
1022, 511, 690
1023, 511.5, 658
1024, 512, 703
1025, 512.5, 714
1026, 513, 741
1027, 513.5, 717
1028, 514, 717
1029, 514.5, 689
1030, 515, 766
1031, 515.5, 998
1032, 516, 973
1033, 516.5, 746
1034, 517, 625
1035, 517.5, 663
1036, 518, 666
1037, 518.5, 627
1038, 519, 699
1039, 519.5, 678
1040, 520, 641
1041, 520.5, 649
1042, 521, 812
1043, 521.5, 1255
1044, 522, 1358
1045, 522.5, 839
1046, 523, 671
1047, 523.5, 668
1048, 524, 677
1049, 524.5, 623
1050, 525, 706
1051, 525.5, 630
1052, 526, 651
1053, 526.5, 670
1054, 527, 625
1055, 527.5, 613
1056, 528, 657
1057, 528.5, 696
1058, 529, 856
1059, 529.5, 801
1060, 530, 696
1061, 530.5, 603
1062, 531, 633
1063, 531.5, 602
1064, 532, 623
1065, 532.5, 625
1066, 533, 624
1067, 533.5, 575
1068, 534, 639
1069, 534.5, 623
1070, 535, 626
1071, 535.5, 621
1072, 536, 669
1073, 536.5, 647
1074, 537, 616
1075, 537.5, 648
1076, 538, 609
1077, 538.5, 643
1078, 539, 644
1079, 539.5, 666
1080, 540, 616
1081, 540.5, 626
1082, 541, 618
1083, 541.5, 641
1084, 542, 633
1085, 542.5, 684
1086, 543, 628
1087, 543.5, 612
1088, 544, 627
1089, 544.5, 659
1090, 545, 718
1091, 545.5, 704
1092, 546, 677
1093, 546.5, 642
1094, 547, 633
1095, 547.5, 582
1096, 548, 750
1097, 548.5, 908
1098, 549, 792
1099, 549.5, 637
1100, 550, 626
1101, 550.5, 720
1102, 551, 734
1103, 551.5, 825
1104, 552, 737
1105, 552.5, 603
1106, 553, 617
1107, 553.5, 579
1108, 554, 617
1109, 554.5, 597
1110, 555, 594
1111, 555.5, 595
1112, 556, 590
1113, 556.5, 597
1114, 557, 624
1115, 557.5, 617
1116, 558, 580
1117, 558.5, 621
1118, 559, 622
1119, 559.5, 619
1120, 560, 598
1121, 560.5, 590
1122, 561, 590
1123, 561.5, 608
1124, 562, 569
1125, 562.5, 558
1126, 563, 550
1127, 563.5, 620
1128, 564, 672
1129, 564.5, 1215
1130, 565, 1321
1131, 565.5, 817
1132, 566, 558
1133, 566.5, 612
1134, 567, 555
1135, 567.5, 564
1136, 568, 608
1137, 568.5, 601
1138, 569, 572
1139, 569.5, 603
1140, 570, 576
1141, 570.5, 605
1142, 571, 584
1143, 571.5, 580
1144, 572, 601
1145, 572.5, 593
1146, 573, 571
1147, 573.5, 603
1148, 574, 572
1149, 574.5, 556
1150, 575, 530
1151, 575.5, 607
1152, 576, 557
1153, 576.5, 564
1154, 577, 536
1155, 577.5, 578
1156, 578, 586
1157, 578.5, 617
1158, 579, 596
1159, 579.5, 573
1160, 580, 574
1161, 580.5, 622
1162, 581, 561
1163, 581.5, 590
1164, 582, 597
1165, 582.5, 559
1166, 583, 562
1167, 583.5, 546
1168, 584, 579
1169, 584.5, 604
1170, 585, 596
1171, 585.5, 603
1172, 586, 609
1173, 586.5, 618
1174, 587, 566
1175, 587.5, 612
1176, 588, 572
1177, 588.5, 557
1178, 589, 585
1179, 589.5, 581
1180, 590, 551
1181, 590.5, 575
1182, 591, 591
1183, 591.5, 576
1184, 592, 587
1185, 592.5, 579
1186, 593, 624
1187, 593.5, 668
1188, 594, 642
1189, 594.5, 575
1190, 595, 539
1191, 595.5, 537
1192, 596, 563
1193, 596.5, 584
1194, 597, 940
1195, 597.5, 2914
1196, 598, 4966
1197, 598.5, 2846
1198, 599, 862
1199, 599.5, 552
1200, 600, 545
1201, 600.5, 507
1202, 601, 510
1203, 601.5, 572
1204, 602, 554
1205, 602.5, 502
1206, 603, 525
1207, 603.5, 492
1208, 604, 491
1209, 604.5, 489
1210, 605, 551
1211, 605.5, 521
1212, 606, 512
1213, 606.5, 557
1214, 607, 540
1215, 607.5, 516
1216, 608, 509
1217, 608.5, 553
1218, 609, 590
1219, 609.5, 503
1220, 610, 510
1221, 610.5, 529
1222, 611, 555
1223, 611.5, 536
1224, 612, 600
1225, 612.5, 808
1226, 613, 1025
1227, 613.5, 827
1228, 614, 543
1229, 614.5, 541
1230, 615, 518
1231, 615.5, 561
1232, 616, 499
1233, 616.5, 523
1234, 617, 550
1235, 617.5, 522
1236, 618, 507
1237, 618.5, 521
1238, 619, 555
1239, 619.5, 562
1240, 620, 551
1241, 620.5, 534
1242, 621, 544
1243, 621.5, 499
1244, 622, 550
1245, 622.5, 624
1246, 623, 653
1247, 623.5, 671
1248, 624, 609
1249, 624.5, 551
1250, 625, 574
1251, 625.5, 504
1252, 626, 474
1253, 626.5, 503
1254, 627, 479
1255, 627.5, 479
1256, 628, 540
1257, 628.5, 560
1258, 629, 580
1259, 629.5, 527
1260, 630, 497
1261, 630.5, 500
1262, 631, 490
1263, 631.5, 499
1264, 632, 573
1265, 632.5, 933
1266, 633, 1334
1267, 633.5, 1061
1268, 634, 637
1269, 634.5, 543
1270, 635, 962
1271, 635.5, 2487
1272, 636, 2982
1273, 636.5, 1499
1274, 637, 590
1275, 637.5, 488
1276, 638, 483
1277, 638.5, 477
1278, 639, 509
1279, 639.5, 459
1280, 640, 513
1281, 640.5, 516
1282, 641, 490
1283, 641.5, 485
1284, 642, 493
1285, 642.5, 484
1286, 643, 508
1287, 643.5, 497
1288, 644, 493
1289, 644.5, 474
1290, 645, 474
1291, 645.5, 467
1292, 646, 522
1293, 646.5, 510
1294, 647, 437
1295, 647.5, 464
1296, 648, 511
1297, 648.5, 479
1298, 649, 517
1299, 649.5, 456
1300, 650, 490
1301, 650.5, 463
1302, 651, 449
1303, 651.5, 469
1304, 652, 487
1305, 652.5, 459
1306, 653, 471
1307, 653.5, 487
1308, 654, 463
1309, 654.5, 461
1310, 655, 468
1311, 655.5, 446
1312, 656, 517
1313, 656.5, 623
1314, 657, 624
1315, 657.5, 530
1316, 658, 486
1317, 658.5, 501
1318, 659, 456
1319, 659.5, 446
1320, 660, 493
1321, 660.5, 457
1322, 661, 464
1323, 661.5, 502
1324, 662, 460
1325, 662.5, 488
1326, 663, 466
1327, 663.5, 481
1328, 664, 467
1329, 664.5, 481
1330, 665, 468
1331, 665.5, 460
1332, 666, 440
1333, 666.5, 445
1334, 667, 451
1335, 667.5, 485
1336, 668, 474
1337, 668.5, 445
1338, 669, 494
1339, 669.5, 503
1340, 670, 503
1341, 670.5, 500
1342, 671, 506
1343, 671.5, 503
1344, 672, 482
1345, 672.5, 480
1346, 673, 476
1347, 673.5, 484
1348, 674, 475
1349, 674.5, 488
1350, 675, 502
1351, 675.5, 475
1352, 676, 453
1353, 676.5, 501
1354, 677, 469
1355, 677.5, 491
1356, 678, 520
1357, 678.5, 473
1358, 679, 432
1359, 679.5, 462
1360, 680, 468
1361, 680.5, 469
1362, 681, 461
1363, 681.5, 475
1364, 682, 465
1365, 682.5, 443
1366, 683, 492
1367, 683.5, 504
1368, 684, 483
1369, 684.5, 470
1370, 685, 462
1371, 685.5, 497
1372, 686, 459
1373, 686.5, 487
1374, 687, 460
1375, 687.5, 463
1376, 688, 523
1377, 688.5, 506
1378, 689, 479
1379, 689.5, 538
1380, 690, 495
1381, 690.5, 509
1382, 691, 451
1383, 691.5, 478
1384, 692, 478
1385, 692.5, 446
1386, 693, 527
1387, 693.5, 482
1388, 694, 510
1389, 694.5, 501
1390, 695, 507
1391, 695.5, 454
1392, 696, 466
1393, 696.5, 494
1394, 697, 500
1395, 697.5, 442
1396, 698, 482
1397, 698.5, 453
1398, 699, 526
1399, 699.5, 434
1400, 700, 482
1401, 700.5, 489
1402, 701, 444
1403, 701.5, 476
1404, 702, 513
1405, 702.5, 497
1406, 703, 504
1407, 703.5, 495
1408, 704, 462
1409, 704.5, 498
1410, 705, 439
1411, 705.5, 476
1412, 706, 498
1413, 706.5, 410
1414, 707, 504
1415, 707.5, 518
1416, 708, 553
1417, 708.5, 495
1418, 709, 439
1419, 709.5, 503
1420, 710, 437
1421, 710.5, 485
1422, 711, 462
1423, 711.5, 462
1424, 712, 491
1425, 712.5, 458
1426, 713, 441
1427, 713.5, 452
1428, 714, 457
1429, 714.5, 413
1430, 715, 438
1431, 715.5, 441
1432, 716, 457
1433, 716.5, 415
1434, 717, 478
1435, 717.5, 488
1436, 718, 469
1437, 718.5, 487
1438, 719, 500
1439, 719.5, 481
1440, 720, 459
1441, 720.5, 469
1442, 721, 466
1443, 721.5, 464
1444, 722, 449
1445, 722.5, 489
1446, 723, 444
1447, 723.5, 492
1448, 724, 493
1449, 724.5, 478
1450, 725, 479
1451, 725.5, 430
1452, 726, 470
1453, 726.5, 449
1454, 727, 468
1455, 727.5, 461
1456, 728, 521
1457, 728.5, 510
1458, 729, 479
1459, 729.5, 504
1460, 730, 445
1461, 730.5, 455
1462, 731, 461
1463, 731.5, 470
1464, 732, 461
1465, 732.5, 454
1466, 733, 432
1467, 733.5, 535
1468, 734, 804
1469, 734.5, 1874
1470, 735, 2809
1471, 735.5, 1852
1472, 736, 643
1473, 736.5, 484
1474, 737, 453
1475, 737.5, 435
1476, 738, 481
1477, 738.5, 429
1478, 739, 499
1479, 739.5, 464
1480, 740, 478
1481, 740.5, 484
1482, 741, 454
1483, 741.5, 445
1484, 742, 491
1485, 742.5, 450
1486, 743, 480
1487, 743.5, 495
1488, 744, 498
1489, 744.5, 485
1490, 745, 508
1491, 745.5, 515
1492, 746, 459
1493, 746.5, 408
1494, 747, 467
1495, 747.5, 516
1496, 748, 474
1497, 748.5, 475
1498, 749, 444
1499, 749.5, 450
1500, 750, 471
1501, 750.5, 489
1502, 751, 500
1503, 751.5, 458
1504, 752, 440
1505, 752.5, 494
1506, 753, 468
1507, 753.5, 445
1508, 754, 497
1509, 754.5, 475
1510, 755, 495
1511, 755.5, 447
1512, 756, 539
1513, 756.5, 467
1514, 757, 541
1515, 757.5, 709
1516, 758, 705
1517, 758.5, 577
1518, 759, 514
1519, 759.5, 483
1520, 760, 491
1521, 760.5, 437
1522, 761, 489
1523, 761.5, 455
1524, 762, 491
1525, 762.5, 482
1526, 763, 450
1527, 763.5, 506
1528, 764, 467
1529, 764.5, 459
1530, 765, 450
1531, 765.5, 477
1532, 766, 497
1533, 766.5, 467
1534, 767, 481
1535, 767.5, 450
1536, 768, 470
1537, 768.5, 494
1538, 769, 502
1539, 769.5, 516
1540, 770, 489
1541, 770.5, 464
1542, 771, 492
1543, 771.5, 465
1544, 772, 473
1545, 772.5, 457
1546, 773, 507
1547, 773.5, 490
1548, 774, 498
1549, 774.5, 451
1550, 775, 481
1551, 775.5, 500
1552, 776, 453
1553, 776.5, 496
1554, 777, 486
1555, 777.5, 471
1556, 778, 494
1557, 778.5, 483
1558, 779, 538
1559, 779.5, 479
1560, 780, 508
1561, 780.5, 505
1562, 781, 486
1563, 781.5, 441
1564, 782, 486
1565, 782.5, 468
1566, 783, 466
1567, 783.5, 470
1568, 784, 468
1569, 784.5, 483
1570, 785, 499
1571, 785.5, 493
1572, 786, 483
1573, 786.5, 517
1574, 787, 464
1575, 787.5, 527
1576, 788, 487
1577, 788.5, 469
1578, 789, 490
1579, 789.5, 482
1580, 790, 520
1581, 790.5, 512
1582, 791, 484
1583, 791.5, 516
1584, 792, 519
1585, 792.5, 589
1586, 793, 546
1587, 793.5, 501
1588, 794, 458
1589, 794.5, 516
1590, 795, 483
1591, 795.5, 517
1592, 796, 498
1593, 796.5, 508
1594, 797, 463
1595, 797.5, 479
1596, 798, 555
1597, 798.5, 511
1598, 799, 495
1599, 799.5, 548
1600, 800, 525
1601, 800.5, 499
1602, 801, 521
1603, 801.5, 516
1604, 802, 488
1605, 802.5, 500
1606, 803, 486
1607, 803.5, 530
1608, 804, 555
1609, 804.5, 559
1610, 805, 508
1611, 805.5, 462
1612, 806, 475
1613, 806.5, 526
1614, 807, 539
1615, 807.5, 483
1616, 808, 511
1617, 808.5, 528
1618, 809, 533
1619, 809.5, 512
1620, 810, 493
1621, 810.5, 494
1622, 811, 548
1623, 811.5, 865
1624, 812, 1324
1625, 812.5, 1147
1626, 813, 727
1627, 813.5, 548
1628, 814, 468
1629, 814.5, 448
1630, 815, 480
1631, 815.5, 433
1632, 816, 456
1633, 816.5, 458
1634, 817, 442
1635, 817.5, 458
1636, 818, 491
1637, 818.5, 449
1638, 819, 409
1639, 819.5, 466
1640, 820, 401
1641, 820.5, 366
1642, 821, 353
1643, 821.5, 423
1644, 822, 448
1645, 822.5, 426
1646, 823, 416
1647, 823.5, 375
1648, 824, 384
1649, 824.5, 385
1650, 825, 379
1651, 825.5, 376
1652, 826, 358
1653, 826.5, 381
1654, 827, 374
1655, 827.5, 361
1656, 828, 403
1657, 828.5, 365
1658, 829, 348
1659, 829.5, 352
1660, 830, 392
1661, 830.5, 356
1662, 831, 371
1663, 831.5, 346
1664, 832, 339
1665, 832.5, 375
1666, 833, 361
1667, 833.5, 354
1668, 834, 358
1669, 834.5, 392
1670, 835, 392
1671, 835.5, 520
1672, 836, 662
1673, 836.5, 580
1674, 837, 428
1675, 837.5, 350
1676, 838, 345
1677, 838.5, 352
1678, 839, 307
1679, 839.5, 421
1680, 840, 553
1681, 840.5, 555
1682, 841, 421
1683, 841.5, 317
1684, 842, 352
1685, 842.5, 329
1686, 843, 331
1687, 843.5, 372
1688, 844, 354
1689, 844.5, 316
1690, 845, 354
1691, 845.5, 346
1692, 846, 303
1693, 846.5, 306
1694, 847, 310
1695, 847.5, 322
1696, 848, 303
1697, 848.5, 315
1698, 849, 312
1699, 849.5, 316
1700, 850, 298
1701, 850.5, 310
1702, 851, 317
1703, 851.5, 341
1704, 852, 311
1705, 852.5, 294
1706, 853, 298
1707, 853.5, 274
1708, 854, 272
1709, 854.5, 337
1710, 855, 344
1711, 855.5, 313
1712, 856, 314
1713, 856.5, 269
1714, 857, 313
1715, 857.5, 264
1716, 858, 286
1717, 858.5, 302
1718, 859, 267
1719, 859.5, 309
1720, 860, 297
1721, 860.5, 306
1722, 861, 290
1723, 861.5, 303
1724, 862, 298
1725, 862.5, 271
1726, 863, 306
1727, 863.5, 306
1728, 864, 291
1729, 864.5, 275
1730, 865, 286
1731, 865.5, 281
1732, 866, 262
1733, 866.5, 243
1734, 867, 264
1735, 867.5, 243
1736, 868, 282
1737, 868.5, 262
1738, 869, 262
1739, 869.5, 277
1740, 870, 281
1741, 870.5, 256
1742, 871, 246
1743, 871.5, 257
1744, 872, 272
1745, 872.5, 253
1746, 873, 260
1747, 873.5, 259
1748, 874, 238
1749, 874.5, 250
1750, 875, 241
1751, 875.5, 263
1752, 876, 253
1753, 876.5, 270
1754, 877, 252
1755, 877.5, 248
1756, 878, 260
1757, 878.5, 251
1758, 879, 217
1759, 879.5, 238
1760, 880, 236
1761, 880.5, 219
1762, 881, 203
1763, 881.5, 250
1764, 882, 253
1765, 882.5, 259
1766, 883, 232
1767, 883.5, 211
1768, 884, 258
1769, 884.5, 259
1770, 885, 220
1771, 885.5, 264
1772, 886, 210
1773, 886.5, 209
1774, 887, 206
1775, 887.5, 231
1776, 888, 244
1777, 888.5, 201
1778, 889, 211
1779, 889.5, 204
1780, 890, 203
1781, 890.5, 225
1782, 891, 243
1783, 891.5, 199
1784, 892, 237
1785, 892.5, 218
1786, 893, 203
1787, 893.5, 211
1788, 894, 217
1789, 894.5, 215
1790, 895, 229
1791, 895.5, 216
1792, 896, 220
1793, 896.5, 234
1794, 897, 195
1795, 897.5, 230
1796, 898, 204
1797, 898.5, 185
1798, 899, 216
1799, 899.5, 188
1800, 900, 207
1801, 900.5, 211
1802, 901, 207
1803, 901.5, 192
1804, 902, 203
1805, 902.5, 232
1806, 903, 404
1807, 903.5, 750
1808, 904, 755
1809, 904.5, 364
1810, 905, 224
1811, 905.5, 200
1812, 906, 202
1813, 906.5, 184
1814, 907, 194
1815, 907.5, 191
1816, 908, 236
1817, 908.5, 298
1818, 909, 319
1819, 909.5, 241
1820, 910, 211
1821, 910.5, 218
1822, 911, 175
1823, 911.5, 183
1824, 912, 182
1825, 912.5, 191
1826, 913, 206
1827, 913.5, 174
1828, 914, 180
1829, 914.5, 190
1830, 915, 171
1831, 915.5, 166
1832, 916, 173
1833, 916.5, 174
1834, 917, 197
1835, 917.5, 197
1836, 918, 221
1837, 918.5, 241
1838, 919, 304
1839, 919.5, 371
1840, 920, 292
1841, 920.5, 222
1842, 921, 197
1843, 921.5, 162
1844, 922, 177
1845, 922.5, 223
1846, 923, 356
1847, 923.5, 537
1848, 924, 453
1849, 924.5, 253
1850, 925, 197
1851, 925.5, 183
1852, 926, 191
1853, 926.5, 184
1854, 927, 186
1855, 927.5, 187
1856, 928, 206
1857, 928.5, 199
1858, 929, 182
1859, 929.5, 200
1860, 930, 182
1861, 930.5, 186
1862, 931, 173
1863, 931.5, 165
1864, 932, 187
1865, 932.5, 179
1866, 933, 198
1867, 933.5, 182
1868, 934, 173
1869, 934.5, 176
1870, 935, 185
1871, 935.5, 180
1872, 936, 179
1873, 936.5, 151
1874, 937, 172
1875, 937.5, 148
1876, 938, 208
1877, 938.5, 148
1878, 939, 179
1879, 939.5, 167
1880, 940, 197
1881, 940.5, 208
1882, 941, 171
1883, 941.5, 191
1884, 942, 146
1885, 942.5, 184
1886, 943, 168
1887, 943.5, 173
1888, 944, 198
1889, 944.5, 188
1890, 945, 196
1891, 945.5, 178
1892, 946, 183
1893, 946.5, 169
1894, 947, 202
1895, 947.5, 201
1896, 948, 194
1897, 948.5, 204
1898, 949, 167
1899, 949.5, 190
1900, 950, 159
1901, 950.5, 199
1902, 951, 185
1903, 951.5, 189
1904, 952, 206
1905, 952.5, 199
1906, 953, 168
1907, 953.5, 194
1908, 954, 215
1909, 954.5, 187
1910, 955, 207
1911, 955.5, 210
1912, 956, 271
1913, 956.5, 379
1914, 957, 1548
1915, 957.5, 6816
1916, 958, 17180
1917, 958.5, 18708
1918, 959, 8550
1919, 959.5, 1675
1920, 960, 204
1921, 960.5, 124
1922, 961, 124
1923, 961.5, 127
1924, 962, 112
1925, 962.5, 121
1926, 963, 134
1927, 963.5, 145
1928, 964, 142
1929, 964.5, 130
1930, 965, 142
1931, 965.5, 129
1932, 966, 120
1933, 966.5, 93
1934, 967, 97
1935, 967.5, 98
1936, 968, 105
1937, 968.5, 131
1938, 969, 115
1939, 969.5, 118
1940, 970, 130
1941, 970.5, 142
1942, 971, 111
1943, 971.5, 120
1944, 972, 125
1945, 972.5, 103
1946, 973, 115
1947, 973.5, 125
1948, 974, 124
1949, 974.5, 105
1950, 975, 130
1951, 975.5, 127
1952, 976, 103
1953, 976.5, 106
1954, 977, 114
1955, 977.5, 122
1956, 978, 125
1957, 978.5, 106
1958, 979, 115
1959, 979.5, 113
1960, 980, 111
1961, 980.5, 154
1962, 981, 221
1963, 981.5, 220
1964, 982, 156
1965, 982.5, 119
1966, 983, 125
1967, 983.5, 107
1968, 984, 120
1969, 984.5, 145
1970, 985, 175
1971, 985.5, 172
1972, 986, 124
1973, 986.5, 115
1974, 987, 110
1975, 987.5, 115
1976, 988, 133
1977, 988.5, 112
1978, 989, 154
1979, 989.5, 265
1980, 990, 376
1981, 990.5, 321
1982, 991, 191
1983, 991.5, 137
1984, 992, 116
1985, 992.5, 144
1986, 993, 141
1987, 993.5, 118
1988, 994, 121
1989, 994.5, 101
1990, 995, 102
1991, 995.5, 114
1992, 996, 114
1993, 996.5, 117
1994, 997, 104
1995, 997.5, 100
1996, 998, 120
1997, 998.5, 119
1998, 999, 117
1999, 999.5, 103
2000, 1000, 112
2001, 1000.5, 112
2002, 1001, 113
2003, 1001.5, 113
2004, 1002, 101
2005, 1002.5, 115
2006, 1003, 123
2007, 1003.5, 115
2008, 1004, 112
2009, 1004.5, 119
2010, 1005, 114
2011, 1005.5, 105
2012, 1006, 110
2013, 1006.5, 97
2014, 1007, 133
2015, 1007.5, 121
2016, 1008, 113
2017, 1008.5, 143
2018, 1009, 152
2019, 1009.5, 170
2020, 1010, 132
2021, 1010.5, 120
2022, 1011, 105
2023, 1011.5, 92
2024, 1012, 130
2025, 1012.5, 162
2026, 1013, 149
2027, 1013.5, 108
2028, 1014, 121
2029, 1014.5, 87
2030, 1015, 117
2031, 1015.5, 105
2032, 1016, 97
2033, 1016.5, 105
2034, 1017, 95
2035, 1017.5, 90
2036, 1018, 99
2037, 1018.5, 101
2038, 1019, 97
2039, 1019.5, 113
2040, 1020, 91
2041, 1020.5, 92
2042, 1021, 107
2043, 1021.5, 125
2044, 1022, 120
2045, 1022.5, 110
2046, 1023, 102
2047, 1023.5, 98
2048, 1024, 95
2049, 1024.5, 95
2050, 1025, 102
2051, 1025.5, 99
2052, 1026, 91
2053, 1026.5, 86
2054, 1027, 95
2055, 1027.5, 90
2056, 1028, 95
2057, 1028.5, 92
2058, 1029, 83
2059, 1029.5, 93
2060, 1030, 98
2061, 1030.5, 96
2062, 1031, 97
2063, 1031.5, 111
2064, 1032, 112
2065, 1032.5, 80
2066, 1033, 89
2067, 1033.5, 108
2068, 1034, 86
2069, 1034.5, 96
2070, 1035, 81
2071, 1035.5, 90
2072, 1036, 127
2073, 1036.5, 156
2074, 1037, 205
2075, 1037.5, 147
2076, 1038, 143
2077, 1038.5, 185
2078, 1039, 192
2079, 1039.5, 125
2080, 1040, 114
2081, 1040.5, 119
2082, 1041, 223
2083, 1041.5, 432
2084, 1042, 499
2085, 1042.5, 305
2086, 1043, 173
2087, 1043.5, 126
2088, 1044, 219
2089, 1044.5, 352
2090, 1045, 413
2091, 1045.5, 264
2092, 1046, 166
2093, 1046.5, 136
2094, 1047, 93
2095, 1047.5, 110
2096, 1048, 105
2097, 1048.5, 120
2098, 1049, 116
2099, 1049.5, 126
2100, 1050, 105
2101, 1050.5, 99
2102, 1051, 86
2103, 1051.5, 85
2104, 1052, 85
2105, 1052.5, 86
2106, 1053, 95
2107, 1053.5, 87
2108, 1054, 107
2109, 1054.5, 104
2110, 1055, 102
2111, 1055.5, 86
2112, 1056, 101
2113, 1056.5, 92
2114, 1057, 96
2115, 1057.5, 76
2116, 1058, 107
2117, 1058.5, 75
2118, 1059, 66
2119, 1059.5, 89
2120, 1060, 101
2121, 1060.5, 74
2122, 1061, 110
2123, 1061.5, 84
2124, 1062, 100
2125, 1062.5, 167
2126, 1063, 294
2127, 1063.5, 277
2128, 1064, 172
2129, 1064.5, 103
2130, 1065, 90
2131, 1065.5, 111
2132, 1066, 113
2133, 1066.5, 103
2134, 1067, 98
2135, 1067.5, 92
2136, 1068, 75
2137, 1068.5, 107
2138, 1069, 177
2139, 1069.5, 280
2140, 1070, 254
2141, 1070.5, 157
2142, 1071, 93
2143, 1071.5, 80
2144, 1072, 79
2145, 1072.5, 78
2146, 1073, 80
2147, 1073.5, 77
2148, 1074, 108
2149, 1074.5, 123
2150, 1075, 120
2151, 1075.5, 99
2152, 1076, 91
2153, 1076.5, 84
2154, 1077, 87
2155, 1077.5, 87
2156, 1078, 85
2157, 1078.5, 84
2158, 1079, 75
2159, 1079.5, 81
2160, 1080, 78
2161, 1080.5, 54
2162, 1081, 65
2163, 1081.5, 83
2164, 1082, 78
2165, 1082.5, 77
2166, 1083, 86
2167, 1083.5, 79
2168, 1084, 65
2169, 1084.5, 86
2170, 1085, 75
2171, 1085.5, 87
2172, 1086, 74
2173, 1086.5, 73
2174, 1087, 73
2175, 1087.5, 87
2176, 1088, 68
2177, 1088.5, 103
2178, 1089, 103
2179, 1089.5, 181
2180, 1090, 222
2181, 1090.5, 148
2182, 1091, 101
2183, 1091.5, 82
2184, 1092, 72
2185, 1092.5, 80
2186, 1093, 91
2187, 1093.5, 92
2188, 1094, 82
2189, 1094.5, 87
2190, 1095, 63
2191, 1095.5, 82
2192, 1096, 82
2193, 1096.5, 85
2194, 1097, 72
2195, 1097.5, 71
2196, 1098, 69
2197, 1098.5, 74
2198, 1099, 66
2199, 1099.5, 82
2200, 1100, 64
2201, 1100.5, 80
2202, 1101, 71
2203, 1101.5, 74
2204, 1102, 79
2205, 1102.5, 82
2206, 1103, 77
2207, 1103.5, 60
2208, 1104, 87
2209, 1104.5, 97
2210, 1105, 97
2211, 1105.5, 84
2212, 1106, 92
2213, 1106.5, 76
2214, 1107, 91
2215, 1107.5, 67
2216, 1108, 55
2217, 1108.5, 81
2218, 1109, 77
2219, 1109.5, 83
2220, 1110, 89
2221, 1110.5, 96
2222, 1111, 104
2223, 1111.5, 90
2224, 1112, 76
2225, 1112.5, 79
2226, 1113, 82
2227, 1113.5, 67
2228, 1114, 69
2229, 1114.5, 61
2230, 1115, 93
2231, 1115.5, 78
2232, 1116, 68
2233, 1116.5, 83
2234, 1117, 77
2235, 1117.5, 60
2236, 1118, 82
2237, 1118.5, 70
2238, 1119, 75
2239, 1119.5, 65
2240, 1120, 66
2241, 1120.5, 79
2242, 1121, 74
2243, 1121.5, 72
2244, 1122, 62
2245, 1122.5, 71
2246, 1123, 66
2247, 1123.5, 74
2248, 1124, 69
2249, 1124.5, 70
2250, 1125, 70
2251, 1125.5, 71
2252, 1126, 57
2253, 1126.5, 92
2254, 1127, 69
2255, 1127.5, 83
2256, 1128, 68
2257, 1128.5, 76
2258, 1129, 54
2259, 1129.5, 60
2260, 1130, 61
2261, 1130.5, 70
2262, 1131, 76
2263, 1131.5, 66
2264, 1132, 78
2265, 1132.5, 67
2266, 1133, 82
2267, 1133.5, 123
2268, 1134, 265
2269, 1134.5, 429
2270, 1135, 346
2271, 1135.5, 180
2272, 1136, 81
2273, 1136.5, 73
2274, 1137, 64
2275, 1137.5, 73
2276, 1138, 64
2277, 1138.5, 57
2278, 1139, 66
2279, 1139.5, 72
2280, 1140, 77
2281, 1140.5, 79
2282, 1141, 73
2283, 1141.5, 76
2284, 1142, 63
2285, 1142.5, 63
2286, 1143, 76
2287, 1143.5, 63
2288, 1144, 61
2289, 1144.5, 63
2290, 1145, 61
2291, 1145.5, 48
2292, 1146, 78
2293, 1146.5, 62
2294, 1147, 58
2295, 1147.5, 55
2296, 1148, 71
2297, 1148.5, 63
2298, 1149, 79
2299, 1149.5, 69
2300, 1150, 91
2301, 1150.5, 70
2302, 1151, 65
2303, 1151.5, 67
2304, 1152, 72
2305, 1152.5, 76
2306, 1153, 77
2307, 1153.5, 73
2308, 1154, 73
2309, 1154.5, 90
2310, 1155, 67
2311, 1155.5, 84
2312, 1156, 155
2313, 1156.5, 568
2314, 1157, 1452
2315, 1157.5, 1997
2316, 1158, 1299
2317, 1158.5, 490
2318, 1159, 120
2319, 1159.5, 69
2320, 1160, 63
2321, 1160.5, 55
2322, 1161, 65
2323, 1161.5, 57
2324, 1162, 73
2325, 1162.5, 65
2326, 1163, 65
2327, 1163.5, 60
2328, 1164, 55
2329, 1164.5, 68
2330, 1165, 64
2331, 1165.5, 62
2332, 1166, 59
2333, 1166.5, 81
2334, 1167, 72
2335, 1167.5, 75
2336, 1168, 60
2337, 1168.5, 73
2338, 1169, 57
2339, 1169.5, 53
2340, 1170, 70
2341, 1170.5, 77
2342, 1171, 56
2343, 1171.5, 58
2344, 1172, 60
2345, 1172.5, 70
2346, 1173, 49
2347, 1173.5, 45
2348, 1174, 57
2349, 1174.5, 88
2350, 1175, 67
2351, 1175.5, 48
2352, 1176, 55
2353, 1176.5, 65
2354, 1177, 75
2355, 1177.5, 59
2356, 1178, 65
2357, 1178.5, 61
2358, 1179, 63
2359, 1179.5, 64
2360, 1180, 70
2361, 1180.5, 73
2362, 1181, 63
2363, 1181.5, 64
2364, 1182, 56
2365, 1182.5, 76
2366, 1183, 69
2367, 1183.5, 64
2368, 1184, 60
2369, 1184.5, 78
2370, 1185, 75
2371, 1185.5, 55
2372, 1186, 66
2373, 1186.5, 69
2374, 1187, 77
2375, 1187.5, 61
2376, 1188, 73
2377, 1188.5, 73
2378, 1189, 71
2379, 1189.5, 68
2380, 1190, 65
2381, 1190.5, 54
2382, 1191, 66
2383, 1191.5, 72
2384, 1192, 57
2385, 1192.5, 67
2386, 1193, 63
2387, 1193.5, 58
2388, 1194, 59
2389, 1194.5, 51
2390, 1195, 66
2391, 1195.5, 70
2392, 1196, 69
2393, 1196.5, 54
2394, 1197, 52
2395, 1197.5, 42
2396, 1198, 56
2397, 1198.5, 68
2398, 1199, 63
2399, 1199.5, 70
2400, 1200, 59
2401, 1200.5, 62
2402, 1201, 72
2403, 1201.5, 69
2404, 1202, 56
2405, 1202.5, 54
2406, 1203, 75
2407, 1203.5, 65
2408, 1204, 72
2409, 1204.5, 64
2410, 1205, 81
2411, 1205.5, 102
2412, 1206, 90
2413, 1206.5, 70
2414, 1207, 64
2415, 1207.5, 70
2416, 1208, 82
2417, 1208.5, 51
2418, 1209, 60
2419, 1209.5, 72
2420, 1210, 64
2421, 1210.5, 72
2422, 1211, 178
2423, 1211.5, 264
2424, 1212, 284
2425, 1212.5, 168
2426, 1213, 80
2427, 1213.5, 52
2428, 1214, 59
2429, 1214.5, 51
2430, 1215, 57
2431, 1215.5, 67
2432, 1216, 65
2433, 1216.5, 57
2434, 1217, 64
2435, 1217.5, 58
2436, 1218, 81
2437, 1218.5, 54
2438, 1219, 63
2439, 1219.5, 73
2440, 1220, 67
2441, 1220.5, 68
2442, 1221, 74
2443, 1221.5, 61
2444, 1222, 56
2445, 1222.5, 60
2446, 1223, 56
2447, 1223.5, 64
2448, 1224, 66
2449, 1224.5, 52
2450, 1225, 65
2451, 1225.5, 65
2452, 1226, 63
2453, 1226.5, 59
2454, 1227, 90
2455, 1227.5, 71
2456, 1228, 77
2457, 1228.5, 79
2458, 1229, 99
2459, 1229.5, 78
2460, 1230, 56
2461, 1230.5, 61
2462, 1231, 56
2463, 1231.5, 58
2464, 1232, 66
2465, 1232.5, 70
2466, 1233, 66
2467, 1233.5, 51
2468, 1234, 74
2469, 1234.5, 62
2470, 1235, 57
2471, 1235.5, 73
2472, 1236, 75
2473, 1236.5, 58
2474, 1237, 60
2475, 1237.5, 69
2476, 1238, 63
2477, 1238.5, 87
2478, 1239, 69
2479, 1239.5, 63
2480, 1240, 84
2481, 1240.5, 73
2482, 1241, 66
2483, 1241.5, 62
2484, 1242, 87
2485, 1242.5, 60
2486, 1243, 72
2487, 1243.5, 72
2488, 1244, 76
2489, 1244.5, 75
2490, 1245, 65
2491, 1245.5, 55
2492, 1246, 70
2493, 1246.5, 64
2494, 1247, 70
2495, 1247.5, 52
2496, 1248, 74
2497, 1248.5, 68
2498, 1249, 53
2499, 1249.5, 70
2500, 1250, 70
2501, 1250.5, 62
2502, 1251, 57
2503, 1251.5, 59
2504, 1252, 72
2505, 1252.5, 62
2506, 1253, 65
2507, 1253.5, 53
2508, 1254, 70
2509, 1254.5, 56
2510, 1255, 60
2511, 1255.5, 67
2512, 1256, 56
2513, 1256.5, 77
2514, 1257, 68
2515, 1257.5, 85
2516, 1258, 54
2517, 1258.5, 74
2518, 1259, 68
2519, 1259.5, 62
2520, 1260, 62
2521, 1260.5, 50
2522, 1261, 59
2523, 1261.5, 59
2524, 1262, 83
2525, 1262.5, 62
2526, 1263, 68
2527, 1263.5, 59
2528, 1264, 53
2529, 1264.5, 62
2530, 1265, 55
2531, 1265.5, 65
2532, 1266, 61
2533, 1266.5, 64
2534, 1267, 70
2535, 1267.5, 62
2536, 1268, 55
2537, 1268.5, 78
2538, 1269, 74
2539, 1269.5, 71
2540, 1270, 92
2541, 1270.5, 72
2542, 1271, 89
2543, 1271.5, 71
2544, 1272, 62
2545, 1272.5, 63
2546, 1273, 63
2547, 1273.5, 57
2548, 1274, 62
2549, 1274.5, 75
2550, 1275, 84
2551, 1275.5, 72
2552, 1276, 60
2553, 1276.5, 61
2554, 1277, 62
2555, 1277.5, 68
2556, 1278, 50
2557, 1278.5, 63
2558, 1279, 72
2559, 1279.5, 65
2560, 1280, 61
2561, 1280.5, 76
2562, 1281, 69
2563, 1281.5, 64
2564, 1282, 68
2565, 1282.5, 63
2566, 1283, 73
2567, 1283.5, 60
2568, 1284, 58
2569, 1284.5, 50
2570, 1285, 61
2571, 1285.5, 77
2572, 1286, 63
2573, 1286.5, 76
2574, 1287, 59
2575, 1287.5, 63
2576, 1288, 74
2577, 1288.5, 61
2578, 1289, 72
2579, 1289.5, 56
2580, 1290, 57
2581, 1290.5, 59
2582, 1291, 88
2583, 1291.5, 58
2584, 1292, 57
2585, 1292.5, 70
2586, 1293, 59
2587, 1293.5, 55
2588, 1294, 55
2589, 1294.5, 53
2590, 1295, 52
2591, 1295.5, 60
2592, 1296, 67
2593, 1296.5, 59
2594, 1297, 58
2595, 1297.5, 41
2596, 1298, 66
2597, 1298.5, 65
2598, 1299, 67
2599, 1299.5, 79
2600, 1300, 74
2601, 1300.5, 58
2602, 1301, 56
2603, 1301.5, 60
2604, 1302, 59
2605, 1302.5, 66
2606, 1303, 58
2607, 1303.5, 59
2608, 1304, 54
2609, 1304.5, 58
2610, 1305, 56
2611, 1305.5, 48
2612, 1306, 47
2613, 1306.5, 67
2614, 1307, 58
2615, 1307.5, 54
2616, 1308, 63
2617, 1308.5, 67
2618, 1309, 53
2619, 1309.5, 62
2620, 1310, 64
2621, 1310.5, 55
2622, 1311, 64
2623, 1311.5, 51
2624, 1312, 55
2625, 1312.5, 48
2626, 1313, 47
2627, 1313.5, 56
2628, 1314, 50
2629, 1314.5, 55
2630, 1315, 64
2631, 1315.5, 54
2632, 1316, 70
2633, 1316.5, 68
2634, 1317, 47
2635, 1317.5, 60
2636, 1318, 52
2637, 1318.5, 62
2638, 1319, 64
2639, 1319.5, 54
2640, 1320, 57
2641, 1320.5, 52
2642, 1321, 56
2643, 1321.5, 53
2644, 1322, 50
2645, 1322.5, 60
2646, 1323, 56
2647, 1323.5, 55
2648, 1324, 62
2649, 1324.5, 73
2650, 1325, 52
2651, 1325.5, 55
2652, 1326, 59
2653, 1326.5, 51
2654, 1327, 59
2655, 1327.5, 44
2656, 1328, 63
2657, 1328.5, 63
2658, 1329, 51
2659, 1329.5, 66
2660, 1330, 63
2661, 1330.5, 52
2662, 1331, 60
2663, 1331.5, 47
2664, 1332, 57
2665, 1332.5, 49
2666, 1333, 59
2667, 1333.5, 50
2668, 1334, 52
2669, 1334.5, 62
2670, 1335, 52
2671, 1335.5, 64
2672, 1336, 47
2673, 1336.5, 61
2674, 1337, 48
2675, 1337.5, 58
2676, 1338, 56
2677, 1338.5, 63
2678, 1339, 41
2679, 1339.5, 63
2680, 1340, 57
2681, 1340.5, 55
2682, 1341, 57
2683, 1341.5, 35
2684, 1342, 64
2685, 1342.5, 77
2686, 1343, 70
2687, 1343.5, 51
2688, 1344, 56
2689, 1344.5, 43
2690, 1345, 51
2691, 1345.5, 54
2692, 1346, 61
2693, 1346.5, 67
2694, 1347, 69
2695, 1347.5, 61
2696, 1348, 51
2697, 1348.5, 52
2698, 1349, 41
2699, 1349.5, 59
2700, 1350, 58
2701, 1350.5, 53
2702, 1351, 44
2703, 1351.5, 54
2704, 1352, 59
2705, 1352.5, 56
2706, 1353, 62
2707, 1353.5, 59
2708, 1354, 39
2709, 1354.5, 40
2710, 1355, 49
2711, 1355.5, 58
2712, 1356, 58
2713, 1356.5, 63
2714, 1357, 54
2715, 1357.5, 70
2716, 1358, 58
2717, 1358.5, 44
2718, 1359, 63
2719, 1359.5, 43
2720, 1360, 53
2721, 1360.5, 60
2722, 1361, 63
2723, 1361.5, 54
2724, 1362, 51
2725, 1362.5, 60
2726, 1363, 59
2727, 1363.5, 70
2728, 1364, 66
2729, 1364.5, 51
2730, 1365, 53
2731, 1365.5, 61
2732, 1366, 50
2733, 1366.5, 51
2734, 1367, 66
2735, 1367.5, 51
2736, 1368, 47
2737, 1368.5, 71
2738, 1369, 55
2739, 1369.5, 62
2740, 1370, 52
2741, 1370.5, 53
2742, 1371, 61
2743, 1371.5, 64
2744, 1372, 63
2745, 1372.5, 59
2746, 1373, 53
2747, 1373.5, 48
2748, 1374, 74
2749, 1374.5, 50
2750, 1375, 48
2751, 1375.5, 42
2752, 1376, 43
2753, 1376.5, 63
2754, 1377, 79
2755, 1377.5, 104
2756, 1378, 119
2757, 1378.5, 201
2758, 1379, 326
2759, 1379.5, 417
2760, 1380, 382
2761, 1380.5, 262
2762, 1381, 166
2763, 1381.5, 104
2764, 1382, 70
2765, 1382.5, 59
2766, 1383, 62
2767, 1383.5, 49
2768, 1384, 69
2769, 1384.5, 53
2770, 1385, 59
2771, 1385.5, 48
2772, 1386, 51
2773, 1386.5, 43
2774, 1387, 50
2775, 1387.5, 49
2776, 1388, 70
2777, 1388.5, 104
2778, 1389, 169
2779, 1389.5, 167
2780, 1390, 164
2781, 1390.5, 97
2782, 1391, 65
2783, 1391.5, 48
2784, 1392, 45
2785, 1392.5, 58
2786, 1393, 36
2787, 1393.5, 50
2788, 1394, 55
2789, 1394.5, 59
2790, 1395, 71
2791, 1395.5, 54
2792, 1396, 57
2793, 1396.5, 55
2794, 1397, 69
2795, 1397.5, 38
2796, 1398, 39
2797, 1398.5, 52
2798, 1399, 66
2799, 1399.5, 60
2800, 1400, 70
2801, 1400.5, 63
2802, 1401, 65
2803, 1401.5, 54
2804, 1402, 54
2805, 1402.5, 59
2806, 1403, 55
2807, 1403.5, 50
2808, 1404, 58
2809, 1404.5, 62
2810, 1405, 47
2811, 1405.5, 47
2812, 1406, 52
2813, 1406.5, 71
2814, 1407, 41
2815, 1407.5, 55
2816, 1408, 70
2817, 1408.5, 68
2818, 1409, 53
2819, 1409.5, 48
2820, 1410, 61
2821, 1410.5, 45
2822, 1411, 46
2823, 1411.5, 51
2824, 1412, 43
2825, 1412.5, 66
2826, 1413, 52
2827, 1413.5, 51
2828, 1414, 59
2829, 1414.5, 57
2830, 1415, 57
2831, 1415.5, 66
2832, 1416, 51
2833, 1416.5, 52
2834, 1417, 52
2835, 1417.5, 60
2836, 1418, 60
2837, 1418.5, 52
2838, 1419, 55
2839, 1419.5, 52
2840, 1420, 70
2841, 1420.5, 57
2842, 1421, 56
2843, 1421.5, 58
2844, 1422, 60
2845, 1422.5, 56
2846, 1423, 63
2847, 1423.5, 62
2848, 1424, 60
2849, 1424.5, 70
2850, 1425, 63
2851, 1425.5, 55
2852, 1426, 65
2853, 1426.5, 51
2854, 1427, 58
2855, 1427.5, 50
2856, 1428, 59
2857, 1428.5, 44
2858, 1429, 66
2859, 1429.5, 52
2860, 1430, 45
2861, 1430.5, 54
2862, 1431, 46
2863, 1431.5, 55
2864, 1432, 69
2865, 1432.5, 59
2866, 1433, 45
2867, 1433.5, 61
2868, 1434, 68
2869, 1434.5, 53
2870, 1435, 61
2871, 1435.5, 49
2872, 1436, 60
2873, 1436.5, 52
2874, 1437, 57
2875, 1437.5, 56
2876, 1438, 62
2877, 1438.5, 66
2878, 1439, 53
2879, 1439.5, 66
2880, 1440, 57
2881, 1440.5, 72
2882, 1441, 48
2883, 1441.5, 58
2884, 1442, 62
2885, 1442.5, 62
2886, 1443, 51
2887, 1443.5, 61
2888, 1444, 90
2889, 1444.5, 229
2890, 1445, 431
2891, 1445.5, 571
2892, 1446, 471
2893, 1446.5, 220
2894, 1447, 80
2895, 1447.5, 67
2896, 1448, 52
2897, 1448.5, 63
2898, 1449, 70
2899, 1449.5, 50
2900, 1450, 59
2901, 1450.5, 60
2902, 1451, 69
2903, 1451.5, 52
2904, 1452, 54
2905, 1452.5, 66
2906, 1453, 70
2907, 1453.5, 46
2908, 1454, 57
2909, 1454.5, 51
2910, 1455, 62
2911, 1455.5, 61
2912, 1456, 53
2913, 1456.5, 56
2914, 1457, 56
2915, 1457.5, 60
2916, 1458, 68
2917, 1458.5, 66
2918, 1459, 64
2919, 1459.5, 76
2920, 1460, 56
2921, 1460.5, 48
2922, 1461, 52
2923, 1461.5, 48
2924, 1462, 50
2925, 1462.5, 72
2926, 1463, 49
2927, 1463.5, 71
2928, 1464, 58
2929, 1464.5, 90
2930, 1465, 57
2931, 1465.5, 50
2932, 1466, 63
2933, 1466.5, 66
2934, 1467, 68
2935, 1467.5, 78
2936, 1468, 55
2937, 1468.5, 76
2938, 1469, 49
2939, 1469.5, 71
2940, 1470, 60
2941, 1470.5, 60
2942, 1471, 52
2943, 1471.5, 61
2944, 1472, 57
2945, 1472.5, 62
2946, 1473, 57
2947, 1473.5, 45
2948, 1474, 48
2949, 1474.5, 63
2950, 1475, 55
2951, 1475.5, 68
2952, 1476, 51
2953, 1476.5, 57
2954, 1477, 64
2955, 1477.5, 72
2956, 1478, 55
2957, 1478.5, 70
2958, 1479, 43
2959, 1479.5, 55
2960, 1480, 48
2961, 1480.5, 60
2962, 1481, 53
2963, 1481.5, 61
2964, 1482, 56
2965, 1482.5, 60
2966, 1483, 69
2967, 1483.5, 72
2968, 1484, 54
2969, 1484.5, 59
2970, 1485, 55
2971, 1485.5, 50
2972, 1486, 52
2973, 1486.5, 56
2974, 1487, 70
2975, 1487.5, 61
2976, 1488, 66
2977, 1488.5, 55
2978, 1489, 64
2979, 1489.5, 55
2980, 1490, 56
2981, 1490.5, 64
2982, 1491, 66
2983, 1491.5, 73
2984, 1492, 71
2985, 1492.5, 48
2986, 1493, 57
2987, 1493.5, 57
2988, 1494, 61
2989, 1494.5, 63
2990, 1495, 86
2991, 1495.5, 67
2992, 1496, 72
2993, 1496.5, 64
2994, 1497, 54
2995, 1497.5, 58
2996, 1498, 69
2997, 1498.5, 83
2998, 1499, 64
2999, 1499.5, 66
3000, 1500, 64
3001, 1500.5, 59
3002, 1501, 61
3003, 1501.5, 58
3004, 1502, 65
3005, 1502.5, 64
3006, 1503, 91
3007, 1503.5, 92
3008, 1504, 76
3009, 1504.5, 85
3010, 1505, 84
3011, 1505.5, 56
3012, 1506, 60
3013, 1506.5, 60
3014, 1507, 70
3015, 1507.5, 71
3016, 1508, 62
3017, 1508.5, 58
3018, 1509, 57
3019, 1509.5, 79
3020, 1510, 58
3021, 1510.5, 68
3022, 1511, 66
3023, 1511.5, 63
3024, 1512, 78
3025, 1512.5, 75
3026, 1513, 64
3027, 1513.5, 63
3028, 1514, 57
3029, 1514.5, 62
3030, 1515, 58
3031, 1515.5, 69
3032, 1516, 69
3033, 1516.5, 83
3034, 1517, 68
3035, 1517.5, 61
3036, 1518, 66
3037, 1518.5, 69
3038, 1519, 58
3039, 1519.5, 64
3040, 1520, 56
3041, 1520.5, 57
3042, 1521, 66
3043, 1521.5, 65
3044, 1522, 74
3045, 1522.5, 67
3046, 1523, 64
3047, 1523.5, 71
3048, 1524, 65
3049, 1524.5, 59
3050, 1525, 80
3051, 1525.5, 87
3052, 1526, 70
3053, 1526.5, 67
3054, 1527, 60
3055, 1527.5, 80
3056, 1528, 73
3057, 1528.5, 57
3058, 1529, 65
3059, 1529.5, 68
3060, 1530, 67
3061, 1530.5, 82
3062, 1531, 73
3063, 1531.5, 66
3064, 1532, 68
3065, 1532.5, 64
3066, 1533, 76
3067, 1533.5, 65
3068, 1534, 60
3069, 1534.5, 77
3070, 1535, 65
3071, 1535.5, 70
3072, 1536, 69
3073, 1536.5, 76
3074, 1537, 85
3075, 1537.5, 61
3076, 1538, 69
3077, 1538.5, 67
3078, 1539, 70
3079, 1539.5, 71
3080, 1540, 63
3081, 1540.5, 69
3082, 1541, 77
3083, 1541.5, 83
3084, 1542, 70
3085, 1542.5, 85
3086, 1543, 68
3087, 1543.5, 68
3088, 1544, 66
3089, 1544.5, 73
3090, 1545, 66
3091, 1545.5, 73
3092, 1546, 71
3093, 1546.5, 77
3094, 1547, 73
3095, 1547.5, 84
3096, 1548, 70
3097, 1548.5, 77
3098, 1549, 77
3099, 1549.5, 71
3100, 1550, 60
3101, 1550.5, 81
3102, 1551, 74
3103, 1551.5, 88
3104, 1552, 74
3105, 1552.5, 66
3106, 1553, 65
3107, 1553.5, 65
3108, 1554, 67
3109, 1554.5, 76
3110, 1555, 77
3111, 1555.5, 60
3112, 1556, 85
3113, 1556.5, 56
3114, 1557, 88
3115, 1557.5, 64
3116, 1558, 84
3117, 1558.5, 55
3118, 1559, 61
3119, 1559.5, 63
3120, 1560, 70
3121, 1560.5, 57
3122, 1561, 68
3123, 1561.5, 63
3124, 1562, 65
3125, 1562.5, 51
3126, 1563, 63
3127, 1563.5, 63
3128, 1564, 56
3129, 1564.5, 55
3130, 1565, 58
3131, 1565.5, 61
3132, 1566, 66
3133, 1566.5, 54
3134, 1567, 48
3135, 1567.5, 54
3136, 1568, 57
3137, 1568.5, 48
3138, 1569, 51
3139, 1569.5, 57
3140, 1570, 44
3141, 1570.5, 60
3142, 1571, 65
3143, 1571.5, 40
3144, 1572, 44
3145, 1572.5, 44
3146, 1573, 49
3147, 1573.5, 50
3148, 1574, 49
3149, 1574.5, 53
3150, 1575, 43
3151, 1575.5, 40
3152, 1576, 58
3153, 1576.5, 58
3154, 1577, 54
3155, 1577.5, 54
3156, 1578, 51
3157, 1578.5, 58
3158, 1579, 50
3159, 1579.5, 44
3160, 1580, 44
3161, 1580.5, 49
3162, 1581, 50
3163, 1581.5, 48
3164, 1582, 36
3165, 1582.5, 48
3166, 1583, 55
3167, 1583.5, 51
3168, 1584, 37
3169, 1584.5, 48
3170, 1585, 44
3171, 1585.5, 44
3172, 1586, 46
3173, 1586.5, 46
3174, 1587, 50
3175, 1587.5, 47
3176, 1588, 65
3177, 1588.5, 41
3178, 1589, 35
3179, 1589.5, 43
3180, 1590, 46
3181, 1590.5, 46
3182, 1591, 44
3183, 1591.5, 42
3184, 1592, 49
3185, 1592.5, 41
3186, 1593, 49
3187, 1593.5, 56
3188, 1594, 40
3189, 1594.5, 43
3190, 1595, 47
3191, 1595.5, 35
3192, 1596, 41
3193, 1596.5, 33
3194, 1597, 49
3195, 1597.5, 40
3196, 1598, 38
3197, 1598.5, 44
3198, 1599, 45
3199, 1599.5, 45
3200, 1600, 39
3201, 1600.5, 43
3202, 1601, 39
3203, 1601.5, 46
3204, 1602, 33
3205, 1602.5, 37
3206, 1603, 41
3207, 1603.5, 39
3208, 1604, 95
3209, 1604.5, 128
3210, 1605, 188
3211, 1605.5, 157
3212, 1606, 87
3213, 1606.5, 49
3214, 1607, 40
3215, 1607.5, 30
3216, 1608, 30
3217, 1608.5, 26
3218, 1609, 40
3219, 1609.5, 27
3220, 1610, 33
3221, 1610.5, 25
3222, 1611, 31
3223, 1611.5, 28
3224, 1612, 39
3225, 1612.5, 42
3226, 1613, 50
3227, 1613.5, 32
3228, 1614, 22
3229, 1614.5, 32
3230, 1615, 31
3231, 1615.5, 18
3232, 1616, 36
3233, 1616.5, 19
3234, 1617, 40
3235, 1617.5, 31
3236, 1618, 27
3237, 1618.5, 35
3238, 1619, 27
3239, 1619.5, 26
3240, 1620, 22
3241, 1620.5, 31
3242, 1621, 29
3243, 1621.5, 39
3244, 1622, 31
3245, 1622.5, 30
3246, 1623, 27
3247, 1623.5, 26
3248, 1624, 36
3249, 1624.5, 23
3250, 1625, 29
3251, 1625.5, 27
3252, 1626, 29
3253, 1626.5, 21
3254, 1627, 33
3255, 1627.5, 19
3256, 1628, 33
3257, 1628.5, 24
3258, 1629, 26
3259, 1629.5, 25
3260, 1630, 36
3261, 1630.5, 32
3262, 1631, 23
3263, 1631.5, 19
3264, 1632, 21
3265, 1632.5, 21
3266, 1633, 21
3267, 1633.5, 27
3268, 1634, 24
3269, 1634.5, 20
3270, 1635, 22
3271, 1635.5, 22
3272, 1636, 20
3273, 1636.5, 18
3274, 1637, 13
3275, 1637.5, 28
3276, 1638, 20
3277, 1638.5, 25
3278, 1639, 25
3279, 1639.5, 14
3280, 1640, 25
3281, 1640.5, 19
3282, 1641, 25
3283, 1641.5, 20
3284, 1642, 19
3285, 1642.5, 13
3286, 1643, 19
3287, 1643.5, 23
3288, 1644, 11
3289, 1644.5, 15
3290, 1645, 20
3291, 1645.5, 17
3292, 1646, 23
3293, 1646.5, 12
3294, 1647, 11
3295, 1647.5, 8
3296, 1648, 16
3297, 1648.5, 15
3298, 1649, 15
3299, 1649.5, 10
3300, 1650, 15
3301, 1650.5, 15
3302, 1651, 15
3303, 1651.5, 21
3304, 1652, 18
3305, 1652.5, 10
3306, 1653, 13
3307, 1653.5, 17
3308, 1654, 12
3309, 1654.5, 21
3310, 1655, 21
3311, 1655.5, 16
3312, 1656, 14
3313, 1656.5, 14
3314, 1657, 29
3315, 1657.5, 13
3316, 1658, 9
3317, 1658.5, 14
3318, 1659, 16
3319, 1659.5, 13
3320, 1660, 18
3321, 1660.5, 15
3322, 1661, 14
3323, 1661.5, 12
3324, 1662, 16
3325, 1662.5, 14
3326, 1663, 19
3327, 1663.5, 17
3328, 1664, 18
3329, 1664.5, 15
3330, 1665, 11
3331, 1665.5, 12
3332, 1666, 15
3333, 1666.5, 11
3334, 1667, 7
3335, 1667.5, 18
3336, 1668, 9
3337, 1668.5, 7
3338, 1669, 9
3339, 1669.5, 14
3340, 1670, 20
3341, 1670.5, 14
3342, 1671, 12
3343, 1671.5, 19
3344, 1672, 13
3345, 1672.5, 14
3346, 1673, 3
3347, 1673.5, 9
3348, 1674, 8
3349, 1674.5, 9
3350, 1675, 9
3351, 1675.5, 16
3352, 1676, 12
3353, 1676.5, 13
3354, 1677, 12
3355, 1677.5, 10
3356, 1678, 6
3357, 1678.5, 16
3358, 1679, 7
3359, 1679.5, 16
3360, 1680, 14
3361, 1680.5, 13
3362, 1681, 9
3363, 1681.5, 11
3364, 1682, 11
3365, 1682.5, 12
3366, 1683, 15
3367, 1683.5, 11
3368, 1684, 14
3369, 1684.5, 14
3370, 1685, 17
3371, 1685.5, 4
3372, 1686, 9
3373, 1686.5, 11
3374, 1687, 8
3375, 1687.5, 7
3376, 1688, 13
3377, 1688.5, 9
3378, 1689, 10
3379, 1689.5, 13
3380, 1690, 24
3381, 1690.5, 8
3382, 1691, 10
3383, 1691.5, 16
3384, 1692, 16
3385, 1692.5, 20
3386, 1693, 11
3387, 1693.5, 22
3388, 1694, 12
3389, 1694.5, 12
3390, 1695, 11
3391, 1695.5, 10
3392, 1696, 12
3393, 1696.5, 14
3394, 1697, 6
3395, 1697.5, 16
3396, 1698, 10
3397, 1698.5, 14
3398, 1699, 13
3399, 1699.5, 13
3400, 1700, 9
3401, 1700.5, 10
3402, 1701, 10
3403, 1701.5, 10
3404, 1702, 10
3405, 1702.5, 12
3406, 1703, 13
3407, 1703.5, 5
3408, 1704, 11
3409, 1704.5, 17
3410, 1705, 13
3411, 1705.5, 11
3412, 1706, 17
3413, 1706.5, 9
3414, 1707, 11
3415, 1707.5, 12
3416, 1708, 21
3417, 1708.5, 15
3418, 1709, 17
3419, 1709.5, 11
3420, 1710, 20
3421, 1710.5, 16
3422, 1711, 16
3423, 1711.5, 20
3424, 1712, 43
3425, 1712.5, 100
3426, 1713, 384
3427, 1713.5, 1206
3428, 1714, 2391
3429, 1714.5, 3269
3430, 1715, 2557
3431, 1715.5, 1224
3432, 1716, 308
3433, 1716.5, 51
3434, 1717, 5
3435, 1717.5, 6
3436, 1718, 2
3437, 1718.5, 8
3438, 1719, 9
3439, 1719.5, 5
3440, 1720, 4
3441, 1720.5, 7
3442, 1721, 6
3443, 1721.5, 5
3444, 1722, 5
3445, 1722.5, 2
3446, 1723, 4
3447, 1723.5, 4
3448, 1724, 2
3449, 1724.5, 2
3450, 1725, 3
3451, 1725.5, 5
3452, 1726, 3
3453, 1726.5, 2
3454, 1727, 4
3455, 1727.5, 3
3456, 1728, 4
3457, 1728.5, 3
3458, 1729, 4
3459, 1729.5, 5
3460, 1730, 5
3461, 1730.5, 6
3462, 1731, 0
3463, 1731.5, 3
3464, 1732, 5
3465, 1732.5, 9
3466, 1733, 5
3467, 1733.5, 8
3468, 1734, 2
3469, 1734.5, 5
3470, 1735, 4
3471, 1735.5, 4
3472, 1736, 7
3473, 1736.5, 2
3474, 1737, 3
3475, 1737.5, 4
3476, 1738, 14
3477, 1738.5, 2
3478, 1739, 2
3479, 1739.5, 3
3480, 1740, 4
3481, 1740.5, 1
3482, 1741, 3
3483, 1741.5, 3
3484, 1742, 2
3485, 1742.5, 4
3486, 1743, 4
3487, 1743.5, 2
3488, 1744, 4
3489, 1744.5, 4
3490, 1745, 4
3491, 1745.5, 1
3492, 1746, 2
3493, 1746.5, 3
3494, 1747, 1
3495, 1747.5, 1
3496, 1748, 4
3497, 1748.5, 7
3498, 1749, 1
3499, 1749.5, 2
3500, 1750, 3
3501, 1750.5, 1
3502, 1751, 4
3503, 1751.5, 2
3504, 1752, 6
3505, 1752.5, 2
3506, 1753, 1
3507, 1753.5, 3
3508, 1754, 2
3509, 1754.5, 5
3510, 1755, 4
3511, 1755.5, 3
3512, 1756, 1
3513, 1756.5, 4
3514, 1757, 2
3515, 1757.5, 2
3516, 1758, 1
3517, 1758.5, 4
3518, 1759, 2
3519, 1759.5, 5
3520, 1760, 2
3521, 1760.5, 4
3522, 1761, 4
3523, 1761.5, 5
3524, 1762, 4
3525, 1762.5, 3
3526, 1763, 1
3527, 1763.5, 4
3528, 1764, 4
3529, 1764.5, 3
3530, 1765, 1
3531, 1765.5, 3
3532, 1766, 5
3533, 1766.5, 7
3534, 1767, 3
3535, 1767.5, 6
3536, 1768, 4
3537, 1768.5, 6
3538, 1769, 3
3539, 1769.5, 7
3540, 1770, 6
3541, 1770.5, 7
3542, 1771, 4
3543, 1771.5, 1
3544, 1772, 1
3545, 1772.5, 4
3546, 1773, 3
3547, 1773.5, 2
3548, 1774, 3
3549, 1774.5, 4
3550, 1775, 1
3551, 1775.5, 3
3552, 1776, 5
3553, 1776.5, 1
3554, 1777, 2
3555, 1777.5, 3
3556, 1778, 3
3557, 1778.5, 1
3558, 1779, 5
3559, 1779.5, 5
3560, 1780, 1
3561, 1780.5, 2
3562, 1781, 6
3563, 1781.5, 1
3564, 1782, 5
3565, 1782.5, 1
3566, 1783, 6
3567, 1783.5, 3
3568, 1784, 3
3569, 1784.5, 2
3570, 1785, 6
3571, 1785.5, 2
3572, 1786, 3
3573, 1786.5, 3
3574, 1787, 1
3575, 1787.5, 3
3576, 1788, 3
3577, 1788.5, 3
3578, 1789, 6
3579, 1789.5, 1
3580, 1790, 3
3581, 1790.5, 5
3582, 1791, 4
3583, 1791.5, 5
3584, 1792, 6
3585, 1792.5, 4
3586, 1793, 6
3587, 1793.5, 2
3588, 1794, 5
3589, 1794.5, 1
3590, 1795, 3
3591, 1795.5, 5
3592, 1796, 4
3593, 1796.5, 7
3594, 1797, 1
3595, 1797.5, 3
3596, 1798, 5
3597, 1798.5, 1
3598, 1799, 5
3599, 1799.5, 6
3600, 1800, 5
3601, 1800.5, 1
3602, 1801, 4
3603, 1801.5, 3
3604, 1802, 3
3605, 1802.5, 4
3606, 1803, 1
3607, 1803.5, 3
3608, 1804, 2
3609, 1804.5, 3
3610, 1805, 3
3611, 1805.5, 3
3612, 1806, 3
3613, 1806.5, 2
3614, 1807, 4
3615, 1807.5, 1
3616, 1808, 3
3617, 1808.5, 3
3618, 1809, 2
3619, 1809.5, 2
3620, 1810, 2
3621, 1810.5, 4
3622, 1811, 6
3623, 1811.5, 3
3624, 1812, 1
3625, 1812.5, 2
3626, 1813, 8
3627, 1813.5, 4
3628, 1814, 3
3629, 1814.5, 2
3630, 1815, 8
3631, 1815.5, 4
3632, 1816, 3
3633, 1816.5, 7
3634, 1817, 3
3635, 1817.5, 1
3636, 1818, 3
3637, 1818.5, 4
3638, 1819, 3
3639, 1819.5, 3
3640, 1820, 1
3641, 1820.5, 3
3642, 1821, 5
3643, 1821.5, 6
3644, 1822, 3
3645, 1822.5, 3
3646, 1823, 4
3647, 1823.5, 2
3648, 1824, 4
3649, 1824.5, 0
3650, 1825, 2
3651, 1825.5, 4
3652, 1826, 5
3653, 1826.5, 3
3654, 1827, 2
3655, 1827.5, 2
3656, 1828, 5
3657, 1828.5, 6
3658, 1829, 2
3659, 1829.5, 1
3660, 1830, 4
3661, 1830.5, 1
3662, 1831, 6
3663, 1831.5, 6
3664, 1832, 6
3665, 1832.5, 4
3666, 1833, 2
3667, 1833.5, 6
3668, 1834, 1
3669, 1834.5, 1
3670, 1835, 5
3671, 1835.5, 5
3672, 1836, 5
3673, 1836.5, 3
3674, 1837, 1
3675, 1837.5, 3
3676, 1838, 7
3677, 1838.5, 2
3678, 1839, 4
3679, 1839.5, 2
3680, 1840, 4
3681, 1840.5, 5
3682, 1841, 3
3683, 1841.5, 1
3684, 1842, 2
3685, 1842.5, 1
3686, 1843, 7
3687, 1843.5, 3
3688, 1844, 1
3689, 1844.5, 5
3690, 1845, 4
3691, 1845.5, 6
3692, 1846, 3
3693, 1846.5, 5
3694, 1847, 5
3695, 1847.5, 6
3696, 1848, 3
3697, 1848.5, 3
3698, 1849, 3
3699, 1849.5, 2
3700, 1850, 3
3701, 1850.5, 6
3702, 1851, 3
3703, 1851.5, 8
3704, 1852, 7
3705, 1852.5, 7
3706, 1853, 2
3707, 1853.5, 1
3708, 1854, 2
3709, 1854.5, 3
3710, 1855, 3
3711, 1855.5, 1
3712, 1856, 6
3713, 1856.5, 3
3714, 1857, 4
3715, 1857.5, 3
3716, 1858, 3
3717, 1858.5, 1
3718, 1859, 0
3719, 1859.5, 3
3720, 1860, 6
3721, 1860.5, 2
3722, 1861, 2
3723, 1861.5, 1
3724, 1862, 5
3725, 1862.5, 5
3726, 1863, 2
3727, 1863.5, 3
3728, 1864, 3
3729, 1864.5, 4
3730, 1865, 3
3731, 1865.5, 5
3732, 1866, 2
3733, 1866.5, 4
3734, 1867, 11
3735, 1867.5, 0
3736, 1868, 3
3737, 1868.5, 1
3738, 1869, 1
3739, 1869.5, 3
3740, 1870, 6
3741, 1870.5, 2
3742, 1871, 3
3743, 1871.5, 1
3744, 1872, 2
3745, 1872.5, 2
3746, 1873, 2
3747, 1873.5, 3
3748, 1874, 3
3749, 1874.5, 2
3750, 1875, 5
3751, 1875.5, 2
3752, 1876, 3
3753, 1876.5, 4
3754, 1877, 2
3755, 1877.5, 1
3756, 1878, 3
3757, 1878.5, 4
3758, 1879, 5
3759, 1879.5, 4
3760, 1880, 3
3761, 1880.5, 3
3762, 1881, 4
3763, 1881.5, 5
3764, 1882, 2
3765, 1882.5, 3
3766, 1883, 2
3767, 1883.5, 1
3768, 1884, 3
3769, 1884.5, 3
3770, 1885, 1
3771, 1885.5, 5
3772, 1886, 4
3773, 1886.5, 2
3774, 1887, 4
3775, 1887.5, 4
3776, 1888, 0
3777, 1888.5, 3
3778, 1889, 3
3779, 1889.5, 1
3780, 1890, 2
3781, 1890.5, 2
3782, 1891, 3
3783, 1891.5, 2
3784, 1892, 3
3785, 1892.5, 3
3786, 1893, 2
3787, 1893.5, 4
3788, 1894, 2
3789, 1894.5, 1
3790, 1895, 4
3791, 1895.5, 3
3792, 1896, 6
3793, 1896.5, 2
3794, 1897, 4
3795, 1897.5, 5
3796, 1898, 2
3797, 1898.5, 1
3798, 1899, 3
3799, 1899.5, 3
3800, 1900, 7
3801, 1900.5, 4
3802, 1901, 1
3803, 1901.5, 4
3804, 1902, 3
3805, 1902.5, 1
3806, 1903, 2
3807, 1903.5, 3
3808, 1904, 3
3809, 1904.5, 3
3810, 1905, 3
3811, 1905.5, 3
3812, 1906, 3
3813, 1906.5, 4
3814, 1907, 5
3815, 1907.5, 1
3816, 1908, 2
3817, 1908.5, 2
3818, 1909, 2
3819, 1909.5, 5
3820, 1910, 3
3821, 1910.5, 3
3822, 1911, 2
3823, 1911.5, 4
3824, 1912, 5
3825, 1912.5, 5
3826, 1913, 2
3827, 1913.5, 4
3828, 1914, 1
3829, 1914.5, 4
3830, 1915, 5
3831, 1915.5, 4
3832, 1916, 5
3833, 1916.5, 5
3834, 1917, 3
3835, 1917.5, 6
3836, 1918, 3
3837, 1918.5, 3
3838, 1919, 3
3839, 1919.5, 2
3840, 1920, 2
3841, 1920.5, 7
3842, 1921, 5
3843, 1921.5, 4
3844, 1922, 2
3845, 1922.5, 3
3846, 1923, 2
3847, 1923.5, 5
3848, 1924, 4
3849, 1924.5, 2
3850, 1925, 5
3851, 1925.5, 5
3852, 1926, 3
3853, 1926.5, 4
3854, 1927, 3
3855, 1927.5, 6
3856, 1928, 3
3857, 1928.5, 7
3858, 1929, 3
3859, 1929.5, 1
3860, 1930, 2
3861, 1930.5, 2
3862, 1931, 4
3863, 1931.5, 3
3864, 1932, 0
3865, 1932.5, 3
3866, 1933, 3
3867, 1933.5, 4
3868, 1934, 3
3869, 1934.5, 3
3870, 1935, 7
3871, 1935.5, 6
3872, 1936, 3
3873, 1936.5, 2
3874, 1937, 5
3875, 1937.5, 4
3876, 1938, 5
3877, 1938.5, 4
3878, 1939, 0
3879, 1939.5, 1
3880, 1940, 2
3881, 1940.5, 5
3882, 1941, 2
3883, 1941.5, 1
3884, 1942, 2
3885, 1942.5, 3
3886, 1943, 2
3887, 1943.5, 2
3888, 1944, 2
3889, 1944.5, 3
3890, 1945, 5
3891, 1945.5, 3
3892, 1946, 1
3893, 1946.5, 3
3894, 1947, 5
3895, 1947.5, 0
3896, 1948, 3
3897, 1948.5, 3
3898, 1949, 6
3899, 1949.5, 2
3900, 1950, 4
3901, 1950.5, 0
3902, 1951, 5
3903, 1951.5, 1
3904, 1952, 6
3905, 1952.5, 3
3906, 1953, 2
3907, 1953.5, 6
3908, 1954, 6
3909, 1954.5, 1
3910, 1955, 3
3911, 1955.5, 3
3912, 1956, 2
3913, 1956.5, 0
3914, 1957, 2
3915, 1957.5, 0
3916, 1958, 3
3917, 1958.5, 3
3918, 1959, 6
3919, 1959.5, 1
3920, 1960, 1
3921, 1960.5, 2
3922, 1961, 3
3923, 1961.5, 3
3924, 1962, 2
3925, 1962.5, 4
3926, 1963, 7
3927, 1963.5, 3
3928, 1964, 3
3929, 1964.5, 3
3930, 1965, 0
3931, 1965.5, 2
3932, 1966, 3
3933, 1966.5, 2
3934, 1967, 2
3935, 1967.5, 4
3936, 1968, 3
3937, 1968.5, 1
3938, 1969, 2
3939, 1969.5, 4
3940, 1970, 1
3941, 1970.5, 3
3942, 1971, 3
3943, 1971.5, 2
3944, 1972, 1
3945, 1972.5, 4
3946, 1973, 0
3947, 1973.5, 2
3948, 1974, 0
3949, 1974.5, 0
3950, 1975, 1
3951, 1975.5, 3
3952, 1976, 2
3953, 1976.5, 2
3954, 1977, 4
3955, 1977.5, 2
3956, 1978, 0
3957, 1978.5, 3
3958, 1979, 3
3959, 1979.5, 5
3960, 1980, 5
3961, 1980.5, 7
3962, 1981, 3
3963, 1981.5, 2
3964, 1982, 2
3965, 1982.5, 3
3966, 1983, 7
3967, 1983.5, 3
3968, 1984, 7
3969, 1984.5, 2
3970, 1985, 1
3971, 1985.5, 1
3972, 1986, 0
3973, 1986.5, 3
3974, 1987, 5
3975, 1987.5, 4
3976, 1988, 1
3977, 1988.5, 3
3978, 1989, 1
3979, 1989.5, 2
3980, 1990, 1
3981, 1990.5, 4
3982, 1991, 1
3983, 1991.5, 2
3984, 1992, 4
3985, 1992.5, 3
3986, 1993, 1
3987, 1993.5, 3
3988, 1994, 1
3989, 1994.5, 2
3990, 1995, 1
3991, 1995.5, 5
3992, 1996, 2
3993, 1996.5, 4
3994, 1997, 4
3995, 1997.5, 6
3996, 1998, 1
3997, 1998.5, 3
3998, 1999, 6
3999, 1999.5, 1
4000, 2000, 4
4001, 2000.5, 5
4002, 2001, 2
4003, 2001.5, 5
4004, 2002, 2
4005, 2002.5, 2
4006, 2003, 0
4007, 2003.5, 3
4008, 2004, 4
4009, 2004.5, 4
4010, 2005, 3
4011, 2005.5, 4
4012, 2006, 3
4013, 2006.5, 3
4014, 2007, 5
4015, 2007.5, 4
4016, 2008, 2
4017, 2008.5, 1
4018, 2009, 2
4019, 2009.5, 0
4020, 2010, 4
4021, 2010.5, 1
4022, 2011, 1
4023, 2011.5, 2
4024, 2012, 2
4025, 2012.5, 2
4026, 2013, 3
4027, 2013.5, 4
4028, 2014, 4
4029, 2014.5, 5
4030, 2015, 4
4031, 2015.5, 1
4032, 2016, 2
4033, 2016.5, 4
4034, 2017, 2
4035, 2017.5, 3
4036, 2018, 3
4037, 2018.5, 3
4038, 2019, 3
4039, 2019.5, 5
4040, 2020, 2
4041, 2020.5, 0
4042, 2021, 1
4043, 2021.5, 4
4044, 2022, 2
4045, 2022.5, 2
4046, 2023, 4
4047, 2023.5, 2
4048, 2024, 3
4049, 2024.5, 2
4050, 2025, 2
4051, 2025.5, 2
4052, 2026, 1
4053, 2026.5, 2
4054, 2027, 3
4055, 2027.5, 1
4056, 2028, 3
4057, 2028.5, 5
4058, 2029, 1
4059, 2029.5, 6
4060, 2030, 3
4061, 2030.5, 4
4062, 2031, 1
4063, 2031.5, 3
4064, 2032, 3
4065, 2032.5, 5
4066, 2033, 2
4067, 2033.5, 0
4068, 2034, 4
4069, 2034.5, 1
4070, 2035, 4
4071, 2035.5, 2
4072, 2036, 3
4073, 2036.5, 0
4074, 2037, 3
4075, 2037.5, 6
4076, 2038, 2
4077, 2038.5, 1
4078, 2039, 4
4079, 2039.5, 2
4080, 2040, 2
4081, 2040.5, 2
4082, 2041, 0
4083, 2041.5, 3
4084, 2042, 2
4085, 2042.5, 6
4086, 2043, 0
4087, 2043.5, 3
4088, 2044, 3
4089, 2044.5, 2
4090, 2045, 1
4091, 2045.5, 6
4092, 2046, 6
4093, 2046.5, 2
4094, 2047, 1
4095, 2047.5, 1
4096, 2048, 1
