Start Time, Nov. 19, 2018 at 04:22:47 PM
Energy calibration,  Offset: 0, Slope: 0.5, Quadratic: 0
Live Time (s), 165281.41
Real Time (s), 165856.62
Elapsed Computational, 0
Spectrum
Channel, Energy (keV), Counts
1, 0.5, 1127
2, 1, 454438
3, 1.5, 30834
4, 2, 6659
5, 2.5, 15457
6, 3, 46714
7, 3.5, 43120
8, 4, 40011
9, 4.5, 36942
10, 5, 34215
11, 5.5, 32440
12, 6, 46634
13, 6.5, 40518
14, 7, 30460
15, 7.5, 25103
16, 8, 23328
17, 8.5, 21594
18, 9, 20898
19, 9.5, 20537
20, 10, 19791
21, 10.5, 19159
22, 11, 18435
23, 11.5, 17903
24, 12, 17989
25, 12.5, 17590
26, 13, 17294
27, 13.5, 16819
28, 14, 16507
29, 14.5, 16502
30, 15, 16159
31, 15.5, 15910
32, 16, 15895
33, 16.5, 15459
34, 17, 15326
35, 17.5, 15209
36, 18, 14766
37, 18.5, 14640
38, 19, 14555
39, 19.5, 14461
40, 20, 14173
41, 20.5, 14288
42, 21, 13966
43, 21.5, 14163
44, 22, 13811
45, 22.5, 13771
46, 23, 13845
47, 23.5, 13655
48, 24, 13364
49, 24.5, 13607
50, 25, 13436
51, 25.5, 13467
52, 26, 13407
53, 26.5, 13156
54, 27, 13470
55, 27.5, 13212
56, 28, 13350
57, 28.5, 13565
58, 29, 13366
59, 29.5, 13555
60, 30, 13383
61, 30.5, 13701
62, 31, 13478
63, 31.5, 13663
64, 32, 13751
65, 32.5, 13762
66, 33, 13856
67, 33.5, 14172
68, 34, 14166
69, 34.5, 14527
70, 35, 14369
71, 35.5, 14733
72, 36, 14837
73, 36.5, 14907
74, 37, 15412
75, 37.5, 15726
76, 38, 16041
77, 38.5, 16331
78, 39, 16455
79, 39.5, 16877
80, 40, 17120
81, 40.5, 17486
82, 41, 17891
83, 41.5, 18445
84, 42, 18515
85, 42.5, 18823
86, 43, 19207
87, 43.5, 19760
88, 44, 19886
89, 44.5, 20276
90, 45, 20673
91, 45.5, 21080
92, 46, 21430
93, 46.5, 22087
94, 47, 22581
95, 47.5, 27155
96, 48, 36257
97, 48.5, 26170
98, 49, 36727
99, 49.5, 48063
100, 50, 26186
101, 50.5, 26874
102, 51, 27430
103, 51.5, 24007
104, 52, 24367
105, 52.5, 24529
106, 53, 25057
107, 53.5, 25625
108, 54, 25386
109, 54.5, 25827
110, 55, 27034
111, 55.5, 34561
112, 56, 36858
113, 56.5, 27814
114, 57, 28600
115, 57.5, 32412
116, 58, 27359
117, 58.5, 25850
118, 59, 26585
119, 59.5, 26622
120, 60, 25568
121, 60.5, 26287
122, 61, 28003
123, 61.5, 27678
124, 62, 26296
125, 62.5, 26393
126, 63, 26318
127, 63.5, 26233
128, 64, 26237
129, 64.5, 26434
130, 65, 26986
131, 65.5, 27094
132, 66, 26916
133, 66.5, 27073
134, 67, 26778
135, 67.5, 26930
136, 68, 26771
137, 68.5, 26954
138, 69, 27194
139, 69.5, 27554
140, 70, 27121
141, 70.5, 26819
142, 71, 27087
143, 71.5, 27303
144, 72, 27113
145, 72.5, 27040
146, 73, 27313
147, 73.5, 27071
148, 74, 27205
149, 74.5, 27137
150, 75, 26971
151, 75.5, 27273
152, 76, 26803
153, 76.5, 26932
154, 77, 26618
155, 77.5, 26674
156, 78, 26574
157, 78.5, 26663
158, 79, 26222
159, 79.5, 26488
160, 80, 26778
161, 80.5, 26483
162, 81, 26419
163, 81.5, 26443
164, 82, 26471
165, 82.5, 26198
166, 83, 26229
167, 83.5, 26264
168, 84, 26043
169, 84.5, 26366
170, 85, 26726
171, 85.5, 25894
172, 86, 25760
173, 86.5, 25687
174, 87, 25465
175, 87.5, 25661
176, 88, 24958
177, 88.5, 25317
178, 89, 24880
179, 89.5, 24831
180, 90, 25100
181, 90.5, 24668
182, 91, 24507
183, 91.5, 24356
184, 92, 24210
185, 92.5, 24171
186, 93, 23913
187, 93.5, 23982
188, 94, 23972
189, 94.5, 23781
190, 95, 23733
191, 95.5, 23486
192, 96, 23268
193, 96.5, 23268
194, 97, 23157
195, 97.5, 22878
196, 98, 23035
197, 98.5, 22752
198, 99, 22747
199, 99.5, 22295
200, 100, 22357
201, 100.5, 22155
202, 101, 22730
203, 101.5, 22279
204, 102, 21902
205, 102.5, 21505
206, 103, 21709
207, 103.5, 21437
208, 104, 21529
209, 104.5, 21370
210, 105, 21074
211, 105.5, 20627
212, 106, 20915
213, 106.5, 20515
214, 107, 20594
215, 107.5, 20692
216, 108, 20181
217, 108.5, 20376
218, 109, 19862
219, 109.5, 19987
220, 110, 19839
221, 110.5, 19651
222, 111, 19341
223, 111.5, 19471
224, 112, 19213
225, 112.5, 19353
226, 113, 19013
227, 113.5, 19078
228, 114, 19176
229, 114.5, 18782
230, 115, 18922
231, 115.5, 18873
232, 116, 18904
233, 116.5, 18433
234, 117, 18487
235, 117.5, 18307
236, 118, 18233
237, 118.5, 18147
238, 119, 17955
239, 119.5, 17886
240, 120, 17790
241, 120.5, 17530
242, 121, 17679
243, 121.5, 17945
244, 122, 20944
245, 122.5, 19787
246, 123, 17381
247, 123.5, 17109
248, 124, 16876
249, 124.5, 16558
250, 125, 16748
251, 125.5, 16534
252, 126, 16529
253, 126.5, 16380
254, 127, 16393
255, 127.5, 16189
256, 128, 16168
257, 128.5, 15911
258, 129, 16017
259, 129.5, 15933
260, 130, 15991
261, 130.5, 15870
262, 131, 15782
263, 131.5, 15618
264, 132, 15420
265, 132.5, 15632
266, 133, 15429
267, 133.5, 15042
268, 134, 15256
269, 134.5, 15022
270, 135, 15331
271, 135.5, 14873
272, 136, 14731
273, 136.5, 14817
274, 137, 15302
275, 137.5, 16902
276, 138, 15138
277, 138.5, 14130
278, 139, 14134
279, 139.5, 14378
280, 140, 14165
281, 140.5, 13893
282, 141, 14065
283, 141.5, 13946
284, 142, 13746
285, 142.5, 13873
286, 143, 13627
287, 143.5, 13633
288, 144, 13662
289, 144.5, 13420
290, 145, 13508
291, 145.5, 13539
292, 146, 13520
293, 146.5, 13367
294, 147, 13194
295, 147.5, 13378
296, 148, 12989
297, 148.5, 13005
298, 149, 12870
299, 149.5, 12840
300, 150, 12921
301, 150.5, 12697
302, 151, 12616
303, 151.5, 12774
304, 152, 12482
305, 152.5, 12400
306, 153, 12454
307, 153.5, 12479
308, 154, 12214
309, 154.5, 12475
310, 155, 12321
311, 155.5, 12286
312, 156, 13697
313, 156.5, 31776
314, 157, 30914
315, 157.5, 12759
316, 158, 12620
317, 158.5, 14665
318, 159, 15204
319, 159.5, 11571
320, 160, 10716
321, 160.5, 10706
322, 161, 10429
323, 161.5, 10384
324, 162, 10387
325, 162.5, 10424
326, 163, 10397
327, 163.5, 10412
328, 164, 10338
329, 164.5, 10354
330, 165, 10155
331, 165.5, 9984
332, 166, 10176
333, 166.5, 9979
334, 167, 9692
335, 167.5, 9669
336, 168, 9709
337, 168.5, 9923
338, 169, 9579
339, 169.5, 9705
340, 170, 10075
341, 170.5, 9492
342, 171, 9243
343, 171.5, 9336
344, 172, 9283
345, 172.5, 9196
346, 173, 9321
347, 173.5, 9075
348, 174, 9076
349, 174.5, 9114
350, 175, 9015
351, 175.5, 9032
352, 176, 8836
353, 176.5, 9072
354, 177, 9893
355, 177.5, 10853
356, 178, 9552
357, 178.5, 8819
358, 179, 8576
359, 179.5, 8613
360, 180, 8568
361, 180.5, 8769
362, 181, 8439
363, 181.5, 8547
364, 182, 9835
365, 182.5, 9210
366, 183, 8377
367, 183.5, 8313
368, 184, 8191
369, 184.5, 8109
370, 185, 8231
371, 185.5, 8073
372, 186, 7959
373, 186.5, 7927
374, 187, 7928
375, 187.5, 7939
376, 188, 7952
377, 188.5, 7844
378, 189, 7862
379, 189.5, 7842
380, 190, 7710
381, 190.5, 7714
382, 191, 7637
383, 191.5, 7536
384, 192, 7490
385, 192.5, 7692
386, 193, 7963
387, 193.5, 13174
388, 194, 16735
389, 194.5, 8761
390, 195, 7127
391, 195.5, 7269
392, 196, 7131
393, 196.5, 7686
394, 197, 9029
395, 197.5, 7938
396, 198, 7014
397, 198.5, 7193
398, 199, 6978
399, 199.5, 7207
400, 200, 6941
401, 200.5, 6889
402, 201, 6805
403, 201.5, 6792
404, 202, 6700
405, 202.5, 6678
406, 203, 6499
407, 203.5, 6708
408, 204, 6542
409, 204.5, 6690
410, 205, 6479
411, 205.5, 6545
412, 206, 6682
413, 206.5, 6565
414, 207, 6407
415, 207.5, 6429
416, 208, 6412
417, 208.5, 6324
418, 209, 6256
419, 209.5, 6388
420, 210, 6319
421, 210.5, 6275
422, 211, 6392
423, 211.5, 6215
424, 212, 6245
425, 212.5, 6264
426, 213, 6383
427, 213.5, 6185
428, 214, 6653
429, 214.5, 7807
430, 215, 7306
431, 215.5, 7535
432, 216, 6279
433, 216.5, 6160
434, 217, 6059
435, 217.5, 5982
436, 218, 6162
437, 218.5, 6127
438, 219, 5806
439, 219.5, 5998
440, 220, 5865
441, 220.5, 5808
442, 221, 5848
443, 221.5, 6972
444, 222, 11291
445, 222.5, 9108
446, 223, 5954
447, 223.5, 5813
448, 224, 5907
449, 224.5, 5680
450, 225, 5612
451, 225.5, 5553
452, 226, 5525
453, 226.5, 5727
454, 227, 5461
455, 227.5, 5510
456, 228, 5373
457, 228.5, 5291
458, 229, 5423
459, 229.5, 5541
460, 230, 5630
461, 230.5, 9979
462, 231, 23308
463, 231.5, 13723
464, 232, 5524
465, 232.5, 5003
466, 233, 4999
467, 233.5, 4971
468, 234, 5023
469, 234.5, 5139
470, 235, 4937
471, 235.5, 4935
472, 236, 4881
473, 236.5, 4880
474, 237, 4825
475, 237.5, 4717
476, 238, 4797
477, 238.5, 4943
478, 239, 4705
479, 239.5, 4670
480, 240, 4630
481, 240.5, 4732
482, 241, 4575
483, 241.5, 4684
484, 242, 4649
485, 242.5, 4661
486, 243, 4655
487, 243.5, 4508
488, 244, 4603
489, 244.5, 4621
490, 245, 4520
491, 245.5, 4618
492, 246, 4493
493, 246.5, 4660
494, 247, 4578
495, 247.5, 4570
496, 248, 4544
497, 248.5, 4424
498, 249, 4426
499, 249.5, 4481
500, 250, 4479
501, 250.5, 4494
502, 251, 4479
503, 251.5, 4399
504, 252, 4311
505, 252.5, 4457
506, 253, 4479
507, 253.5, 4470
508, 254, 4472
509, 254.5, 4439
510, 255, 4498
511, 255.5, 4469
512, 256, 4301
513, 256.5, 4267
514, 257, 4291
515, 257.5, 4290
516, 258, 4273
517, 258.5, 4185
518, 259, 4216
519, 259.5, 4347
520, 260, 4177
521, 260.5, 4208
522, 261, 4275
523, 261.5, 4173
524, 262, 4111
525, 262.5, 4162
526, 263, 4233
527, 263.5, 4268
528, 264, 4298
529, 264.5, 4149
530, 265, 4181
531, 265.5, 4191
532, 266, 4181
533, 266.5, 4165
534, 267, 4013
535, 267.5, 3988
536, 268, 4125
537, 268.5, 4553
538, 269, 5035
539, 269.5, 4233
540, 270, 4006
541, 270.5, 3981
542, 271, 3898
543, 271.5, 3880
544, 272, 3821
545, 272.5, 3886
546, 273, 3965
547, 273.5, 3940
548, 274, 3822
549, 274.5, 3760
550, 275, 3754
551, 275.5, 3740
552, 276, 3901
553, 276.5, 3902
554, 277, 3845
555, 277.5, 3741
556, 278, 3717
557, 278.5, 3731
558, 279, 3780
559, 279.5, 3828
560, 280, 3781
561, 280.5, 3735
562, 281, 3651
563, 281.5, 3641
564, 282, 3674
565, 282.5, 3624
566, 283, 3756
567, 283.5, 3564
568, 284, 3562
569, 284.5, 3395
570, 285, 3495
571, 285.5, 3463
572, 286, 3510
573, 286.5, 3543
574, 287, 3514
575, 287.5, 3639
576, 288, 3849
577, 288.5, 3763
578, 289, 3574
579, 289.5, 3541
580, 290, 3444
581, 290.5, 3468
582, 291, 3420
583, 291.5, 3397
584, 292, 3351
585, 292.5, 3448
586, 293, 3351
587, 293.5, 3340
588, 294, 3331
589, 294.5, 3426
590, 295, 3400
591, 295.5, 3311
592, 296, 3360
593, 296.5, 3338
594, 297, 3462
595, 297.5, 3488
596, 298, 3375
597, 298.5, 3483
598, 299, 3294
599, 299.5, 3304
600, 300, 3238
601, 300.5, 3293
602, 301, 3321
603, 301.5, 3272
604, 302, 3359
605, 302.5, 3289
606, 303, 3307
607, 303.5, 3942
608, 304, 5375
609, 304.5, 4065
610, 305, 3158
611, 305.5, 3136
612, 306, 3153
613, 306.5, 3059
614, 307, 3125
615, 307.5, 3098
616, 308, 3214
617, 308.5, 3124
618, 309, 3176
619, 309.5, 3075
620, 310, 3091
621, 310.5, 3098
622, 311, 3135
623, 311.5, 3080
624, 312, 3128
625, 312.5, 3068
626, 313, 3079
627, 313.5, 3099
628, 314, 3139
629, 314.5, 3086
630, 315, 3086
631, 315.5, 3223
632, 316, 3006
633, 316.5, 2985
634, 317, 2948
635, 317.5, 2922
636, 318, 2889
637, 318.5, 2962
638, 319, 3038
639, 319.5, 3029
640, 320, 3046
641, 320.5, 2998
642, 321, 2886
643, 321.5, 2934
644, 322, 2925
645, 322.5, 2844
646, 323, 2913
647, 323.5, 2913
648, 324, 2894
649, 324.5, 2816
650, 325, 2871
651, 325.5, 2824
652, 326, 2909
653, 326.5, 2819
654, 327, 2907
655, 327.5, 2795
656, 328, 2808
657, 328.5, 2939
658, 329, 2780
659, 329.5, 2815
660, 330, 2847
661, 330.5, 2938
662, 331, 2839
663, 331.5, 2743
664, 332, 2729
665, 332.5, 2777
666, 333, 2780
667, 333.5, 3109
668, 334, 3735
669, 334.5, 5443
670, 335, 9707
671, 335.5, 11313
672, 336, 7567
673, 336.5, 4891
674, 337, 3420
675, 337.5, 2860
676, 338, 2718
677, 338.5, 2657
678, 339, 2672
679, 339.5, 2680
680, 340, 2802
681, 340.5, 2548
682, 341, 2639
683, 341.5, 2635
684, 342, 2585
685, 342.5, 2656
686, 343, 2617
687, 343.5, 2568
688, 344, 2556
689, 344.5, 2584
690, 345, 2520
691, 345.5, 2654
692, 346, 2540
693, 346.5, 2627
694, 347, 2533
695, 347.5, 2500
696, 348, 2596
697, 348.5, 2507
698, 349, 2561
699, 349.5, 2522
700, 350, 2499
701, 350.5, 2516
702, 351, 2517
703, 351.5, 2583
704, 352, 2457
705, 352.5, 2466
706, 353, 2488
707, 353.5, 2455
708, 354, 2466
709, 354.5, 2527
710, 355, 2404
711, 355.5, 2411
712, 356, 2408
713, 356.5, 2467
714, 357, 2463
715, 357.5, 2340
716, 358, 2289
717, 358.5, 2455
718, 359, 2505
719, 359.5, 2572
720, 360, 2451
721, 360.5, 2455
722, 361, 2441
723, 361.5, 2431
724, 362, 2407
725, 362.5, 2305
726, 363, 2386
727, 363.5, 2388
728, 364, 2425
729, 364.5, 2396
730, 365, 2477
731, 365.5, 2324
732, 366, 2403
733, 366.5, 2356
734, 367, 2374
735, 367.5, 2302
736, 368, 2394
737, 368.5, 2462
738, 369, 2673
739, 369.5, 2661
740, 370, 2452
741, 370.5, 2328
742, 371, 2447
743, 371.5, 2321
744, 372, 2358
745, 372.5, 2392
746, 373, 2320
747, 373.5, 2339
748, 374, 2379
749, 374.5, 2420
750, 375, 2288
751, 375.5, 2434
752, 376, 2384
753, 376.5, 2303
754, 377, 2358
755, 377.5, 2274
756, 378, 2233
757, 378.5, 2313
758, 379, 2232
759, 379.5, 2340
760, 380, 2287
761, 380.5, 2408
762, 381, 2476
763, 381.5, 2319
764, 382, 3838
765, 382.5, 11959
766, 383, 13466
767, 383.5, 4603
768, 384, 2220
769, 384.5, 2159
770, 385, 2155
771, 385.5, 2086
772, 386, 2155
773, 386.5, 2120
774, 387, 2159
775, 387.5, 2021
776, 388, 2070
777, 388.5, 2051
778, 389, 2101
779, 389.5, 2182
780, 390, 2122
781, 390.5, 2169
782, 391, 2139
783, 391.5, 2079
784, 392, 2021
785, 392.5, 2140
786, 393, 2159
787, 393.5, 2161
788, 394, 2087
789, 394.5, 2140
790, 395, 2157
791, 395.5, 2100
792, 396, 2153
793, 396.5, 1978
794, 397, 2057
795, 397.5, 2035
796, 398, 2177
797, 398.5, 2173
798, 399, 3270
799, 399.5, 12441
800, 400, 19916
801, 400.5, 7893
802, 401, 2346
803, 401.5, 1938
804, 402, 2011
805, 402.5, 1879
806, 403, 1831
807, 403.5, 2000
808, 404, 1981
809, 404.5, 2021
810, 405, 1941
811, 405.5, 1928
812, 406, 1905
813, 406.5, 1952
814, 407, 1944
815, 407.5, 1830
816, 408, 1889
817, 408.5, 1802
818, 409, 1860
819, 409.5, 1868
820, 410, 1867
821, 410.5, 1813
822, 411, 1888
823, 411.5, 1874
824, 412, 1920
825, 412.5, 1827
826, 413, 1892
827, 413.5, 1904
828, 414, 1839
829, 414.5, 1828
830, 415, 1791
831, 415.5, 1814
832, 416, 1820
833, 416.5, 1836
834, 417, 1891
835, 417.5, 1850
836, 418, 1902
837, 418.5, 1907
838, 419, 1835
839, 419.5, 1851
840, 420, 1838
841, 420.5, 1875
842, 421, 1775
843, 421.5, 1759
844, 422, 1731
845, 422.5, 1829
846, 423, 1736
847, 423.5, 1782
848, 424, 1748
849, 424.5, 1743
850, 425, 1795
851, 425.5, 1755
852, 426, 1826
853, 426.5, 1805
854, 427, 1822
855, 427.5, 1883
856, 428, 1719
857, 428.5, 1765
858, 429, 1813
859, 429.5, 1795
860, 430, 1758
861, 430.5, 1756
862, 431, 1834
863, 431.5, 1759
864, 432, 1723
865, 432.5, 1771
866, 433, 1800
867, 433.5, 2443
868, 434, 4668
869, 434.5, 4511
870, 435, 2254
871, 435.5, 1776
872, 436, 1816
873, 436.5, 2276
874, 437, 2250
875, 437.5, 1863
876, 438, 1671
877, 438.5, 1645
878, 439, 1768
879, 439.5, 1728
880, 440, 1679
881, 440.5, 1802
882, 441, 1707
883, 441.5, 1691
884, 442, 1723
885, 442.5, 1729
886, 443, 1734
887, 443.5, 1673
888, 444, 1652
889, 444.5, 1722
890, 445, 1652
891, 445.5, 1713
892, 446, 1712
893, 446.5, 1728
894, 447, 1708
895, 447.5, 1681
896, 448, 1766
897, 448.5, 1736
898, 449, 1728
899, 449.5, 1666
900, 450, 1727
901, 450.5, 1701
902, 451, 1719
903, 451.5, 1698
904, 452, 1653
905, 452.5, 1662
906, 453, 1643
907, 453.5, 1722
908, 454, 1687
909, 454.5, 1657
910, 455, 1670
911, 455.5, 1613
912, 456, 1624
913, 456.5, 1692
914, 457, 1706
915, 457.5, 1660
916, 458, 1590
917, 458.5, 1725
918, 459, 1664
919, 459.5, 1648
920, 460, 1652
921, 460.5, 1743
922, 461, 1779
923, 461.5, 1794
924, 462, 1811
925, 462.5, 1652
926, 463, 1691
927, 463.5, 1622
928, 464, 1726
929, 464.5, 1690
930, 465, 1604
931, 465.5, 1666
932, 466, 1746
933, 466.5, 1533
934, 467, 1614
935, 467.5, 1610
936, 468, 1610
937, 468.5, 1645
938, 469, 1597
939, 469.5, 1632
940, 470, 1611
941, 470.5, 1641
942, 471, 1532
943, 471.5, 1557
944, 472, 1617
945, 472.5, 1746
946, 473, 1637
947, 473.5, 1581
948, 474, 1607
949, 474.5, 1570
950, 475, 1578
951, 475.5, 1555
952, 476, 1601
953, 476.5, 1912
954, 477, 3404
955, 477.5, 4181
956, 478, 2325
957, 478.5, 1552
958, 479, 1561
959, 479.5, 1502
960, 480, 1482
961, 480.5, 1500
962, 481, 1557
963, 481.5, 1471
964, 482, 1477
965, 482.5, 1505
966, 483, 1489
967, 483.5, 1533
968, 484, 1541
969, 484.5, 1493
970, 485, 1500
971, 485.5, 1551
972, 486, 1521
973, 486.5, 1478
974, 487, 1595
975, 487.5, 1687
976, 488, 1523
977, 488.5, 1452
978, 489, 1425
979, 489.5, 1447
980, 490, 1431
981, 490.5, 1476
982, 491, 1424
983, 491.5, 1508
984, 492, 1435
985, 492.5, 1469
986, 493, 1457
987, 493.5, 1485
988, 494, 1503
989, 494.5, 1489
990, 495, 1537
991, 495.5, 1755
992, 496, 1725
993, 496.5, 1547
994, 497, 1426
995, 497.5, 1458
996, 498, 1505
997, 498.5, 1453
998, 499, 1378
999, 499.5, 1454
1000, 500, 1451
1001, 500.5, 1579
1002, 501, 1650
1003, 501.5, 1608
1004, 502, 1490
1005, 502.5, 1480
1006, 503, 1612
1007, 503.5, 1711
1008, 504, 2648
1009, 504.5, 3020
1010, 505, 1863
1011, 505.5, 1453
1012, 506, 1390
1013, 506.5, 1665
1014, 507, 1879
1015, 507.5, 1514
1016, 508, 1428
1017, 508.5, 1366
1018, 509, 1344
1019, 509.5, 1392
1020, 510, 1344
1021, 510.5, 1393
1022, 511, 1389
1023, 511.5, 1336
1024, 512, 1385
1025, 512.5, 1383
1026, 513, 1460
1027, 513.5, 1570
1028, 514, 1406
1029, 514.5, 1301
1030, 515, 1518
1031, 515.5, 1981
1032, 516, 1956
1033, 516.5, 1483
1034, 517, 1360
1035, 517.5, 1307
1036, 518, 1270
1037, 518.5, 1304
1038, 519, 1282
1039, 519.5, 1337
1040, 520, 1343
1041, 520.5, 1334
1042, 521, 1633
1043, 521.5, 2504
1044, 522, 2730
1045, 522.5, 1679
1046, 523, 1327
1047, 523.5, 1221
1048, 524, 1256
1049, 524.5, 1276
1050, 525, 1300
1051, 525.5, 1291
1052, 526, 1292
1053, 526.5, 1268
1054, 527, 1241
1055, 527.5, 1298
1056, 528, 1258
1057, 528.5, 1386
1058, 529, 1650
1059, 529.5, 1576
1060, 530, 1356
1061, 530.5, 1261
1062, 531, 1216
1063, 531.5, 1222
1064, 532, 1281
1065, 532.5, 1252
1066, 533, 1294
1067, 533.5, 1249
1068, 534, 1189
1069, 534.5, 1234
1070, 535, 1256
1071, 535.5, 1266
1072, 536, 1258
1073, 536.5, 1255
1074, 537, 1195
1075, 537.5, 1255
1076, 538, 1247
1077, 538.5, 1286
1078, 539, 1302
1079, 539.5, 1259
1080, 540, 1247
1081, 540.5, 1220
1082, 541, 1220
1083, 541.5, 1221
1084, 542, 1262
1085, 542.5, 1297
1086, 543, 1279
1087, 543.5, 1245
1088, 544, 1260
1089, 544.5, 1295
1090, 545, 1392
1091, 545.5, 1381
1092, 546, 1270
1093, 546.5, 1345
1094, 547, 1214
1095, 547.5, 1256
1096, 548, 1469
1097, 548.5, 1812
1098, 549, 1574
1099, 549.5, 1214
1100, 550, 1299
1101, 550.5, 1392
1102, 551, 1516
1103, 551.5, 1532
1104, 552, 1417
1105, 552.5, 1264
1106, 553, 1231
1107, 553.5, 1243
1108, 554, 1211
1109, 554.5, 1173
1110, 555, 1133
1111, 555.5, 1169
1112, 556, 1252
1113, 556.5, 1165
1114, 557, 1240
1115, 557.5, 1135
1116, 558, 1192
1117, 558.5, 1153
1118, 559, 1166
1119, 559.5, 1207
1120, 560, 1132
1121, 560.5, 1171
1122, 561, 1169
1123, 561.5, 1159
1124, 562, 1131
1125, 562.5, 1167
1126, 563, 1106
1127, 563.5, 1225
1128, 564, 1441
1129, 564.5, 2443
1130, 565, 2687
1131, 565.5, 1657
1132, 566, 1152
1133, 566.5, 1113
1134, 567, 1132
1135, 567.5, 1229
1136, 568, 1141
1137, 568.5, 1153
1138, 569, 1176
1139, 569.5, 1161
1140, 570, 1179
1141, 570.5, 1164
1142, 571, 1134
1143, 571.5, 1184
1144, 572, 1136
1145, 572.5, 1128
1146, 573, 1186
1147, 573.5, 1177
1148, 574, 1240
1149, 574.5, 1172
1150, 575, 1117
1151, 575.5, 1116
1152, 576, 1129
1153, 576.5, 1103
1154, 577, 1161
1155, 577.5, 1143
1156, 578, 1159
1157, 578.5, 1145
1158, 579, 1156
1159, 579.5, 1106
1160, 580, 1063
1161, 580.5, 1154
1162, 581, 1166
1163, 581.5, 1138
1164, 582, 1134
1165, 582.5, 1101
1166, 583, 1170
1167, 583.5, 1119
1168, 584, 1181
1169, 584.5, 1193
1170, 585, 1132
1171, 585.5, 1132
1172, 586, 1268
1173, 586.5, 1222
1174, 587, 1162
1175, 587.5, 1074
1176, 588, 1167
1177, 588.5, 1141
1178, 589, 1143
1179, 589.5, 1138
1180, 590, 1162
1181, 590.5, 1132
1182, 591, 1150
1183, 591.5, 1106
1184, 592, 1113
1185, 592.5, 1193
1186, 593, 1332
1187, 593.5, 1420
1188, 594, 1221
1189, 594.5, 1137
1190, 595, 1115
1191, 595.5, 1176
1192, 596, 1186
1193, 596.5, 1142
1194, 597, 1900
1195, 597.5, 6053
1196, 598, 10282
1197, 598.5, 5931
1198, 599, 1820
1199, 599.5, 1042
1200, 600, 1057
1201, 600.5, 1035
1202, 601, 1090
1203, 601.5, 1042
1204, 602, 1072
1205, 602.5, 987
1206, 603, 1056
1207, 603.5, 1097
1208, 604, 1010
1209, 604.5, 1053
1210, 605, 1073
1211, 605.5, 1070
1212, 606, 1075
1213, 606.5, 1010
1214, 607, 1048
1215, 607.5, 1066
1216, 608, 1092
1217, 608.5, 1024
1218, 609, 1010
1219, 609.5, 1048
1220, 610, 1061
1221, 610.5, 1072
1222, 611, 1101
1223, 611.5, 1082
1224, 612, 1136
1225, 612.5, 1609
1226, 613, 2071
1227, 613.5, 1546
1228, 614, 1129
1229, 614.5, 1048
1230, 615, 1056
1231, 615.5, 1000
1232, 616, 1076
1233, 616.5, 1000
1234, 617, 1020
1235, 617.5, 999
1236, 618, 988
1237, 618.5, 1004
1238, 619, 989
1239, 619.5, 1123
1240, 620, 1096
1241, 620.5, 1086
1242, 621, 1091
1243, 621.5, 1033
1244, 622, 1074
1245, 622.5, 1243
1246, 623, 1229
1247, 623.5, 1289
1248, 624, 1187
1249, 624.5, 1173
1250, 625, 1105
1251, 625.5, 1094
1252, 626, 1023
1253, 626.5, 1046
1254, 627, 982
1255, 627.5, 1035
1256, 628, 1059
1257, 628.5, 1068
1258, 629, 1079
1259, 629.5, 1063
1260, 630, 1032
1261, 630.5, 1016
1262, 631, 1011
1263, 631.5, 1044
1264, 632, 1157
1265, 632.5, 1837
1266, 633, 2806
1267, 633.5, 2135
1268, 634, 1273
1269, 634.5, 1112
1270, 635, 1943
1271, 635.5, 5086
1272, 636, 6019
1273, 636.5, 2889
1274, 637, 1225
1275, 637.5, 962
1276, 638, 992
1277, 638.5, 982
1278, 639, 959
1279, 639.5, 970
1280, 640, 1013
1281, 640.5, 982
1282, 641, 974
1283, 641.5, 1041
1284, 642, 1024
1285, 642.5, 969
1286, 643, 1008
1287, 643.5, 1000
1288, 644, 986
1289, 644.5, 997
1290, 645, 992
1291, 645.5, 931
1292, 646, 970
1293, 646.5, 997
1294, 647, 956
1295, 647.5, 934
1296, 648, 1017
1297, 648.5, 1057
1298, 649, 1015
1299, 649.5, 913
1300, 650, 961
1301, 650.5, 970
1302, 651, 926
1303, 651.5, 1004
1304, 652, 919
1305, 652.5, 922
1306, 653, 1006
1307, 653.5, 957
1308, 654, 921
1309, 654.5, 932
1310, 655, 1011
1311, 655.5, 985
1312, 656, 992
1313, 656.5, 1137
1314, 657, 1338
1315, 657.5, 1050
1316, 658, 1023
1317, 658.5, 940
1318, 659, 902
1319, 659.5, 968
1320, 660, 979
1321, 660.5, 933
1322, 661, 926
1323, 661.5, 978
1324, 662, 1000
1325, 662.5, 991
1326, 663, 956
1327, 663.5, 940
1328, 664, 954
1329, 664.5, 931
1330, 665, 894
1331, 665.5, 922
1332, 666, 904
1333, 666.5, 920
1334, 667, 974
1335, 667.5, 964
1336, 668, 926
1337, 668.5, 960
1338, 669, 948
1339, 669.5, 938
1340, 670, 941
1341, 670.5, 979
1342, 671, 930
1343, 671.5, 954
1344, 672, 978
1345, 672.5, 931
1346, 673, 910
1347, 673.5, 928
1348, 674, 966
1349, 674.5, 898
1350, 675, 952
1351, 675.5, 950
1352, 676, 934
1353, 676.5, 948
1354, 677, 965
1355, 677.5, 973
1356, 678, 1022
1357, 678.5, 937
1358, 679, 952
1359, 679.5, 968
1360, 680, 926
1361, 680.5, 924
1362, 681, 963
1363, 681.5, 917
1364, 682, 950
1365, 682.5, 925
1366, 683, 922
1367, 683.5, 889
1368, 684, 961
1369, 684.5, 950
1370, 685, 920
1371, 685.5, 915
1372, 686, 970
1373, 686.5, 915
1374, 687, 957
1375, 687.5, 947
1376, 688, 928
1377, 688.5, 937
1378, 689, 987
1379, 689.5, 930
1380, 690, 1040
1381, 690.5, 1012
1382, 691, 939
1383, 691.5, 953
1384, 692, 948
1385, 692.5, 932
1386, 693, 976
1387, 693.5, 926
1388, 694, 956
1389, 694.5, 937
1390, 695, 948
1391, 695.5, 927
1392, 696, 898
1393, 696.5, 932
1394, 697, 951
1395, 697.5, 930
1396, 698, 950
1397, 698.5, 914
1398, 699, 925
1399, 699.5, 957
1400, 700, 901
1401, 700.5, 864
1402, 701, 942
1403, 701.5, 976
1404, 702, 1005
1405, 702.5, 1011
1406, 703, 932
1407, 703.5, 906
1408, 704, 934
1409, 704.5, 876
1410, 705, 951
1411, 705.5, 943
1412, 706, 896
1413, 706.5, 971
1414, 707, 993
1415, 707.5, 1078
1416, 708, 1067
1417, 708.5, 1030
1418, 709, 929
1419, 709.5, 917
1420, 710, 918
1421, 710.5, 918
1422, 711, 912
1423, 711.5, 956
1424, 712, 960
1425, 712.5, 948
1426, 713, 934
1427, 713.5, 1004
1428, 714, 910
1429, 714.5, 948
1430, 715, 948
1431, 715.5, 946
1432, 716, 920
1433, 716.5, 963
1434, 717, 942
1435, 717.5, 978
1436, 718, 971
1437, 718.5, 983
1438, 719, 1011
1439, 719.5, 1002
1440, 720, 952
1441, 720.5, 943
1442, 721, 922
1443, 721.5, 943
1444, 722, 928
1445, 722.5, 961
1446, 723, 992
1447, 723.5, 992
1448, 724, 964
1449, 724.5, 935
1450, 725, 905
1451, 725.5, 952
1452, 726, 908
1453, 726.5, 923
1454, 727, 937
1455, 727.5, 956
1456, 728, 1083
1457, 728.5, 1063
1458, 729, 997
1459, 729.5, 902
1460, 730, 907
1461, 730.5, 982
1462, 731, 933
1463, 731.5, 955
1464, 732, 936
1465, 732.5, 947
1466, 733, 977
1467, 733.5, 986
1468, 734, 1524
1469, 734.5, 3729
1470, 735, 5518
1471, 735.5, 3448
1472, 736, 1339
1473, 736.5, 988
1474, 737, 969
1475, 737.5, 929
1476, 738, 950
1477, 738.5, 913
1478, 739, 900
1479, 739.5, 888
1480, 740, 910
1481, 740.5, 900
1482, 741, 943
1483, 741.5, 944
1484, 742, 876
1485, 742.5, 929
1486, 743, 965
1487, 743.5, 996
1488, 744, 1005
1489, 744.5, 966
1490, 745, 922
1491, 745.5, 965
1492, 746, 930
1493, 746.5, 900
1494, 747, 896
1495, 747.5, 947
1496, 748, 940
1497, 748.5, 947
1498, 749, 960
1499, 749.5, 877
1500, 750, 940
1501, 750.5, 938
1502, 751, 964
1503, 751.5, 972
1504, 752, 927
1505, 752.5, 959
1506, 753, 933
1507, 753.5, 931
1508, 754, 974
1509, 754.5, 947
1510, 755, 908
1511, 755.5, 954
1512, 756, 975
1513, 756.5, 983
1514, 757, 1051
1515, 757.5, 1356
1516, 758, 1377
1517, 758.5, 1140
1518, 759, 975
1519, 759.5, 948
1520, 760, 900
1521, 760.5, 927
1522, 761, 906
1523, 761.5, 949
1524, 762, 899
1525, 762.5, 958
1526, 763, 924
1527, 763.5, 1009
1528, 764, 952
1529, 764.5, 983
1530, 765, 965
1531, 765.5, 986
1532, 766, 952
1533, 766.5, 952
1534, 767, 956
1535, 767.5, 935
1536, 768, 1007
1537, 768.5, 936
1538, 769, 1003
1539, 769.5, 934
1540, 770, 922
1541, 770.5, 924
1542, 771, 913
1543, 771.5, 930
1544, 772, 999
1545, 772.5, 998
1546, 773, 939
1547, 773.5, 981
1548, 774, 990
1549, 774.5, 979
1550, 775, 1017
1551, 775.5, 1023
1552, 776, 1042
1553, 776.5, 985
1554, 777, 958
1555, 777.5, 969
1556, 778, 1000
1557, 778.5, 1006
1558, 779, 995
1559, 779.5, 999
1560, 780, 942
1561, 780.5, 966
1562, 781, 959
1563, 781.5, 983
1564, 782, 954
1565, 782.5, 940
1566, 783, 979
1567, 783.5, 984
1568, 784, 972
1569, 784.5, 1004
1570, 785, 972
1571, 785.5, 969
1572, 786, 1030
1573, 786.5, 998
1574, 787, 1014
1575, 787.5, 984
1576, 788, 979
1577, 788.5, 985
1578, 789, 1002
1579, 789.5, 1009
1580, 790, 1021
1581, 790.5, 1017
1582, 791, 1027
1583, 791.5, 1096
1584, 792, 1119
1585, 792.5, 1116
1586, 793, 1090
1587, 793.5, 974
1588, 794, 1043
1589, 794.5, 1008
1590, 795, 1011
1591, 795.5, 999
1592, 796, 991
1593, 796.5, 1020
1594, 797, 1016
1595, 797.5, 992
1596, 798, 1027
1597, 798.5, 1035
1598, 799, 1023
1599, 799.5, 998
1600, 800, 1026
1601, 800.5, 1047
1602, 801, 987
1603, 801.5, 994
1604, 802, 1045
1605, 802.5, 999
1606, 803, 1035
1607, 803.5, 1004
1608, 804, 1033
1609, 804.5, 1004
1610, 805, 1021
1611, 805.5, 1025
1612, 806, 1035
1613, 806.5, 1062
1614, 807, 1002
1615, 807.5, 1040
1616, 808, 1044
1617, 808.5, 1031
1618, 809, 1058
1619, 809.5, 973
1620, 810, 1097
1621, 810.5, 1004
1622, 811, 1111
1623, 811.5, 1687
1624, 812, 2496
1625, 812.5, 2471
1626, 813, 1429
1627, 813.5, 1087
1628, 814, 944
1629, 814.5, 918
1630, 815, 894
1631, 815.5, 924
1632, 816, 897
1633, 816.5, 889
1634, 817, 909
1635, 817.5, 956
1636, 818, 991
1637, 818.5, 898
1638, 819, 822
1639, 819.5, 811
1640, 820, 836
1641, 820.5, 821
1642, 821, 801
1643, 821.5, 835
1644, 822, 826
1645, 822.5, 849
1646, 823, 791
1647, 823.5, 788
1648, 824, 776
1649, 824.5, 758
1650, 825, 747
1651, 825.5, 755
1652, 826, 765
1653, 826.5, 709
1654, 827, 749
1655, 827.5, 749
1656, 828, 767
1657, 828.5, 759
1658, 829, 762
1659, 829.5, 743
1660, 830, 672
1661, 830.5, 705
1662, 831, 701
1663, 831.5, 800
1664, 832, 717
1665, 832.5, 704
1666, 833, 760
1667, 833.5, 686
1668, 834, 781
1669, 834.5, 651
1670, 835, 799
1671, 835.5, 1058
1672, 836, 1358
1673, 836.5, 1129
1674, 837, 802
1675, 837.5, 663
1676, 838, 713
1677, 838.5, 675
1678, 839, 711
1679, 839.5, 771
1680, 840, 1051
1681, 840.5, 1094
1682, 841, 854
1683, 841.5, 685
1684, 842, 686
1685, 842.5, 634
1686, 843, 733
1687, 843.5, 702
1688, 844, 668
1689, 844.5, 677
1690, 845, 732
1691, 845.5, 642
1692, 846, 628
1693, 846.5, 664
1694, 847, 609
1695, 847.5, 625
1696, 848, 636
1697, 848.5, 650
1698, 849, 631
1699, 849.5, 686
1700, 850, 620
1701, 850.5, 631
1702, 851, 645
1703, 851.5, 591
1704, 852, 596
1705, 852.5, 592
1706, 853, 623
1707, 853.5, 614
1708, 854, 620
1709, 854.5, 665
1710, 855, 614
1711, 855.5, 621
1712, 856, 618
1713, 856.5, 664
1714, 857, 627
1715, 857.5, 580
1716, 858, 560
1717, 858.5, 601
1718, 859, 575
1719, 859.5, 585
1720, 860, 600
1721, 860.5, 593
1722, 861, 575
1723, 861.5, 591
1724, 862, 616
1725, 862.5, 555
1726, 863, 572
1727, 863.5, 544
1728, 864, 566
1729, 864.5, 523
1730, 865, 541
1731, 865.5, 558
1732, 866, 566
1733, 866.5, 514
1734, 867, 578
1735, 867.5, 522
1736, 868, 535
1737, 868.5, 529
1738, 869, 537
1739, 869.5, 530
1740, 870, 578
1741, 870.5, 550
1742, 871, 502
1743, 871.5, 494
1744, 872, 525
1745, 872.5, 540
1746, 873, 532
1747, 873.5, 552
1748, 874, 493
1749, 874.5, 498
1750, 875, 505
1751, 875.5, 466
1752, 876, 551
1753, 876.5, 495
1754, 877, 514
1755, 877.5, 458
1756, 878, 503
1757, 878.5, 466
1758, 879, 495
1759, 879.5, 475
1760, 880, 452
1761, 880.5, 475
1762, 881, 454
1763, 881.5, 462
1764, 882, 455
1765, 882.5, 473
1766, 883, 466
1767, 883.5, 502
1768, 884, 480
1769, 884.5, 449
1770, 885, 465
1771, 885.5, 429
1772, 886, 445
1773, 886.5, 426
1774, 887, 451
1775, 887.5, 452
1776, 888, 441
1777, 888.5, 454
1778, 889, 433
1779, 889.5, 451
1780, 890, 440
1781, 890.5, 435
1782, 891, 453
1783, 891.5, 444
1784, 892, 429
1785, 892.5, 412
1786, 893, 443
1787, 893.5, 430
1788, 894, 427
1789, 894.5, 402
1790, 895, 422
1791, 895.5, 417
1792, 896, 450
1793, 896.5, 417
1794, 897, 395
1795, 897.5, 398
1796, 898, 412
1797, 898.5, 435
1798, 899, 394
1799, 899.5, 399
1800, 900, 404
1801, 900.5, 400
1802, 901, 396
1803, 901.5, 447
1804, 902, 368
1805, 902.5, 493
1806, 903, 837
1807, 903.5, 1384
1808, 904, 1370
1809, 904.5, 804
1810, 905, 444
1811, 905.5, 363
1812, 906, 380
1813, 906.5, 337
1814, 907, 373
1815, 907.5, 444
1816, 908, 464
1817, 908.5, 595
1818, 909, 603
1819, 909.5, 491
1820, 910, 362
1821, 910.5, 361
1822, 911, 423
1823, 911.5, 383
1824, 912, 383
1825, 912.5, 345
1826, 913, 365
1827, 913.5, 396
1828, 914, 405
1829, 914.5, 387
1830, 915, 437
1831, 915.5, 389
1832, 916, 362
1833, 916.5, 375
1834, 917, 358
1835, 917.5, 386
1836, 918, 408
1837, 918.5, 465
1838, 919, 690
1839, 919.5, 708
1840, 920, 559
1841, 920.5, 386
1842, 921, 344
1843, 921.5, 361
1844, 922, 438
1845, 922.5, 450
1846, 923, 755
1847, 923.5, 1039
1848, 924, 856
1849, 924.5, 513
1850, 925, 409
1851, 925.5, 370
1852, 926, 371
1853, 926.5, 367
1854, 927, 387
1855, 927.5, 364
1856, 928, 350
1857, 928.5, 393
1858, 929, 342
1859, 929.5, 366
1860, 930, 372
1861, 930.5, 349
1862, 931, 377
1863, 931.5, 385
1864, 932, 383
1865, 932.5, 347
1866, 933, 381
1867, 933.5, 398
1868, 934, 364
1869, 934.5, 357
1870, 935, 395
1871, 935.5, 388
1872, 936, 389
1873, 936.5, 345
1874, 937, 354
1875, 937.5, 363
1876, 938, 382
1877, 938.5, 392
1878, 939, 356
1879, 939.5, 382
1880, 940, 375
1881, 940.5, 349
1882, 941, 342
1883, 941.5, 375
1884, 942, 358
1885, 942.5, 355
1886, 943, 384
1887, 943.5, 402
1888, 944, 364
1889, 944.5, 366
1890, 945, 361
1891, 945.5, 349
1892, 946, 350
1893, 946.5, 353
1894, 947, 363
1895, 947.5, 358
1896, 948, 356
1897, 948.5, 348
1898, 949, 371
1899, 949.5, 352
1900, 950, 394
1901, 950.5, 381
1902, 951, 331
1903, 951.5, 364
1904, 952, 427
1905, 952.5, 340
1906, 953, 400
1907, 953.5, 380
1908, 954, 382
1909, 954.5, 372
1910, 955, 375
1911, 955.5, 415
1912, 956, 478
1913, 956.5, 761
1914, 957, 3168
1915, 957.5, 14604
1916, 958, 35267
1917, 958.5, 38251
1918, 959, 17461
1919, 959.5, 3405
1920, 960, 460
1921, 960.5, 250
1922, 961, 208
1923, 961.5, 269
1924, 962, 234
1925, 962.5, 250
1926, 963, 307
1927, 963.5, 310
1928, 964, 281
1929, 964.5, 248
1930, 965, 252
1931, 965.5, 246
1932, 966, 234
1933, 966.5, 198
1934, 967, 234
1935, 967.5, 232
1936, 968, 252
1937, 968.5, 233
1938, 969, 206
1939, 969.5, 236
1940, 970, 229
1941, 970.5, 234
1942, 971, 223
1943, 971.5, 241
1944, 972, 238
1945, 972.5, 246
1946, 973, 229
1947, 973.5, 228
1948, 974, 249
1949, 974.5, 238
1950, 975, 232
1951, 975.5, 228
1952, 976, 225
1953, 976.5, 249
1954, 977, 229
1955, 977.5, 228
1956, 978, 233
1957, 978.5, 218
1958, 979, 212
1959, 979.5, 250
1960, 980, 241
1961, 980.5, 298
1962, 981, 426
1963, 981.5, 455
1964, 982, 329
1965, 982.5, 283
1966, 983, 235
1967, 983.5, 234
1968, 984, 278
1969, 984.5, 335
1970, 985, 367
1971, 985.5, 278
1972, 986, 260
1973, 986.5, 210
1974, 987, 237
1975, 987.5, 214
1976, 988, 229
1977, 988.5, 237
1978, 989, 260
1979, 989.5, 572
1980, 990, 747
1981, 990.5, 653
1982, 991, 354
1983, 991.5, 260
1984, 992, 273
1985, 992.5, 305
1986, 993, 285
1987, 993.5, 231
1988, 994, 251
1989, 994.5, 225
1990, 995, 228
1991, 995.5, 224
1992, 996, 218
1993, 996.5, 233
1994, 997, 223
1995, 997.5, 211
1996, 998, 235
1997, 998.5, 203
1998, 999, 215
1999, 999.5, 212
2000, 1000, 212
2001, 1000.5, 214
2002, 1001, 215
2003, 1001.5, 247
2004, 1002, 223
2005, 1002.5, 213
2006, 1003, 224
2007, 1003.5, 256
2008, 1004, 230
2009, 1004.5, 240
2010, 1005, 210
2011, 1005.5, 198
2012, 1006, 203
2013, 1006.5, 220
2014, 1007, 217
2015, 1007.5, 218
2016, 1008, 238
2017, 1008.5, 258
2018, 1009, 356
2019, 1009.5, 327
2020, 1010, 263
2021, 1010.5, 200
2022, 1011, 224
2023, 1011.5, 217
2024, 1012, 286
2025, 1012.5, 297
2026, 1013, 256
2027, 1013.5, 208
2028, 1014, 223
2029, 1014.5, 196
2030, 1015, 200
2031, 1015.5, 201
2032, 1016, 211
2033, 1016.5, 192
2034, 1017, 207
2035, 1017.5, 187
2036, 1018, 196
2037, 1018.5, 189
2038, 1019, 213
2039, 1019.5, 209
2040, 1020, 208
2041, 1020.5, 198
2042, 1021, 239
2043, 1021.5, 247
2044, 1022, 211
2045, 1022.5, 213
2046, 1023, 184
2047, 1023.5, 196
2048, 1024, 178
2049, 1024.5, 188
2050, 1025, 174
2051, 1025.5, 179
2052, 1026, 173
2053, 1026.5, 192
2054, 1027, 180
2055, 1027.5, 187
2056, 1028, 163
2057, 1028.5, 213
2058, 1029, 194
2059, 1029.5, 202
2060, 1030, 182
2061, 1030.5, 170
2062, 1031, 174
2063, 1031.5, 184
2064, 1032, 192
2065, 1032.5, 170
2066, 1033, 187
2067, 1033.5, 187
2068, 1034, 177
2069, 1034.5, 204
2070, 1035, 176
2071, 1035.5, 208
2072, 1036, 251
2073, 1036.5, 357
2074, 1037, 304
2075, 1037.5, 281
2076, 1038, 309
2077, 1038.5, 359
2078, 1039, 333
2079, 1039.5, 266
2080, 1040, 198
2081, 1040.5, 241
2082, 1041, 475
2083, 1041.5, 896
2084, 1042, 993
2085, 1042.5, 598
2086, 1043, 293
2087, 1043.5, 258
2088, 1044, 442
2089, 1044.5, 777
2090, 1045, 849
2091, 1045.5, 519
2092, 1046, 354
2093, 1046.5, 248
2094, 1047, 210
2095, 1047.5, 188
2096, 1048, 189
2097, 1048.5, 213
2098, 1049, 277
2099, 1049.5, 261
2100, 1050, 230
2101, 1050.5, 192
2102, 1051, 174
2103, 1051.5, 186
2104, 1052, 188
2105, 1052.5, 195
2106, 1053, 197
2107, 1053.5, 170
2108, 1054, 187
2109, 1054.5, 203
2110, 1055, 171
2111, 1055.5, 170
2112, 1056, 197
2113, 1056.5, 176
2114, 1057, 183
2115, 1057.5, 163
2116, 1058, 157
2117, 1058.5, 176
2118, 1059, 178
2119, 1059.5, 157
2120, 1060, 178
2121, 1060.5, 189
2122, 1061, 166
2123, 1061.5, 181
2124, 1062, 220
2125, 1062.5, 345
2126, 1063, 529
2127, 1063.5, 457
2128, 1064, 328
2129, 1064.5, 196
2130, 1065, 182
2131, 1065.5, 190
2132, 1066, 256
2133, 1066.5, 197
2134, 1067, 193
2135, 1067.5, 160
2136, 1068, 190
2137, 1068.5, 182
2138, 1069, 340
2139, 1069.5, 549
2140, 1070, 532
2141, 1070.5, 322
2142, 1071, 190
2143, 1071.5, 169
2144, 1072, 160
2145, 1072.5, 186
2146, 1073, 171
2147, 1073.5, 175
2148, 1074, 210
2149, 1074.5, 248
2150, 1075, 242
2151, 1075.5, 173
2152, 1076, 162
2153, 1076.5, 172
2154, 1077, 164
2155, 1077.5, 146
2156, 1078, 144
2157, 1078.5, 155
2158, 1079, 142
2159, 1079.5, 150
2160, 1080, 147
2161, 1080.5, 162
2162, 1081, 148
2163, 1081.5, 155
2164, 1082, 153
2165, 1082.5, 160
2166, 1083, 144
2167, 1083.5, 144
2168, 1084, 166
2169, 1084.5, 165
2170, 1085, 134
2171, 1085.5, 158
2172, 1086, 149
2173, 1086.5, 164
2174, 1087, 162
2175, 1087.5, 129
2176, 1088, 177
2177, 1088.5, 159
2178, 1089, 256
2179, 1089.5, 379
2180, 1090, 409
2181, 1090.5, 304
2182, 1091, 180
2183, 1091.5, 158
2184, 1092, 162
2185, 1092.5, 154
2186, 1093, 177
2187, 1093.5, 176
2188, 1094, 149
2189, 1094.5, 157
2190, 1095, 143
2191, 1095.5, 139
2192, 1096, 150
2193, 1096.5, 134
2194, 1097, 132
2195, 1097.5, 146
2196, 1098, 124
2197, 1098.5, 138
2198, 1099, 121
2199, 1099.5, 150
2200, 1100, 164
2201, 1100.5, 164
2202, 1101, 160
2203, 1101.5, 153
2204, 1102, 177
2205, 1102.5, 161
2206, 1103, 133
2207, 1103.5, 151
2208, 1104, 164
2209, 1104.5, 199
2210, 1105, 211
2211, 1105.5, 154
2212, 1106, 159
2213, 1106.5, 157
2214, 1107, 155
2215, 1107.5, 141
2216, 1108, 131
2217, 1108.5, 130
2218, 1109, 150
2219, 1109.5, 165
2220, 1110, 187
2221, 1110.5, 173
2222, 1111, 196
2223, 1111.5, 169
2224, 1112, 145
2225, 1112.5, 158
2226, 1113, 150
2227, 1113.5, 126
2228, 1114, 131
2229, 1114.5, 157
2230, 1115, 159
2231, 1115.5, 114
2232, 1116, 148
2233, 1116.5, 166
2234, 1117, 158
2235, 1117.5, 164
2236, 1118, 142
2237, 1118.5, 149
2238, 1119, 138
2239, 1119.5, 141
2240, 1120, 140
2241, 1120.5, 155
2242, 1121, 126
2243, 1121.5, 137
2244, 1122, 128
2245, 1122.5, 135
2246, 1123, 131
2247, 1123.5, 127
2248, 1124, 124
2249, 1124.5, 135
2250, 1125, 174
2251, 1125.5, 142
2252, 1126, 113
2253, 1126.5, 125
2254, 1127, 154
2255, 1127.5, 147
2256, 1128, 143
2257, 1128.5, 139
2258, 1129, 137
2259, 1129.5, 139
2260, 1130, 140
2261, 1130.5, 140
2262, 1131, 133
2263, 1131.5, 170
2264, 1132, 143
2265, 1132.5, 127
2266, 1133, 153
2267, 1133.5, 234
2268, 1134, 522
2269, 1134.5, 835
2270, 1135, 671
2271, 1135.5, 395
2272, 1136, 188
2273, 1136.5, 156
2274, 1137, 121
2275, 1137.5, 169
2276, 1138, 135
2277, 1138.5, 114
2278, 1139, 146
2279, 1139.5, 158
2280, 1140, 145
2281, 1140.5, 149
2282, 1141, 142
2283, 1141.5, 131
2284, 1142, 140
2285, 1142.5, 138
2286, 1143, 137
2287, 1143.5, 137
2288, 1144, 137
2289, 1144.5, 136
2290, 1145, 145
2291, 1145.5, 138
2292, 1146, 134
2293, 1146.5, 131
2294, 1147, 138
2295, 1147.5, 125
2296, 1148, 147
2297, 1148.5, 130
2298, 1149, 124
2299, 1149.5, 144
2300, 1150, 145
2301, 1150.5, 134
2302, 1151, 147
2303, 1151.5, 117
2304, 1152, 137
2305, 1152.5, 142
2306, 1153, 148
2307, 1153.5, 132
2308, 1154, 146
2309, 1154.5, 136
2310, 1155, 156
2311, 1155.5, 151
2312, 1156, 326
2313, 1156.5, 1066
2314, 1157, 2805
2315, 1157.5, 3920
2316, 1158, 2645
2317, 1158.5, 955
2318, 1159, 248
2319, 1159.5, 132
2320, 1160, 116
2321, 1160.5, 121
2322, 1161, 117
2323, 1161.5, 134
2324, 1162, 127
2325, 1162.5, 114
2326, 1163, 124
2327, 1163.5, 119
2328, 1164, 127
2329, 1164.5, 130
2330, 1165, 125
2331, 1165.5, 126
2332, 1166, 117
2333, 1166.5, 133
2334, 1167, 125
2335, 1167.5, 128
2336, 1168, 114
2337, 1168.5, 136
2338, 1169, 113
2339, 1169.5, 132
2340, 1170, 126
2341, 1170.5, 143
2342, 1171, 131
2343, 1171.5, 133
2344, 1172, 120
2345, 1172.5, 114
2346, 1173, 135
2347, 1173.5, 114
2348, 1174, 105
2349, 1174.5, 153
2350, 1175, 129
2351, 1175.5, 124
2352, 1176, 125
2353, 1176.5, 115
2354, 1177, 144
2355, 1177.5, 126
2356, 1178, 131
2357, 1178.5, 141
2358, 1179, 126
2359, 1179.5, 131
2360, 1180, 124
2361, 1180.5, 116
2362, 1181, 126
2363, 1181.5, 139
2364, 1182, 118
2365, 1182.5, 123
2366, 1183, 115
2367, 1183.5, 108
2368, 1184, 125
2369, 1184.5, 140
2370, 1185, 168
2371, 1185.5, 128
2372, 1186, 111
2373, 1186.5, 131
2374, 1187, 146
2375, 1187.5, 117
2376, 1188, 123
2377, 1188.5, 145
2378, 1189, 126
2379, 1189.5, 138
2380, 1190, 135
2381, 1190.5, 114
2382, 1191, 132
2383, 1191.5, 114
2384, 1192, 104
2385, 1192.5, 111
2386, 1193, 112
2387, 1193.5, 146
2388, 1194, 116
2389, 1194.5, 116
2390, 1195, 138
2391, 1195.5, 139
2392, 1196, 144
2393, 1196.5, 136
2394, 1197, 120
2395, 1197.5, 110
2396, 1198, 125
2397, 1198.5, 109
2398, 1199, 148
2399, 1199.5, 136
2400, 1200, 135
2401, 1200.5, 159
2402, 1201, 126
2403, 1201.5, 116
2404, 1202, 134
2405, 1202.5, 113
2406, 1203, 122
2407, 1203.5, 128
2408, 1204, 137
2409, 1204.5, 125
2410, 1205, 172
2411, 1205.5, 198
2412, 1206, 187
2413, 1206.5, 161
2414, 1207, 151
2415, 1207.5, 130
2416, 1208, 148
2417, 1208.5, 147
2418, 1209, 142
2419, 1209.5, 110
2420, 1210, 127
2421, 1210.5, 161
2422, 1211, 293
2423, 1211.5, 573
2424, 1212, 559
2425, 1212.5, 332
2426, 1213, 213
2427, 1213.5, 139
2428, 1214, 108
2429, 1214.5, 100
2430, 1215, 128
2431, 1215.5, 111
2432, 1216, 109
2433, 1216.5, 140
2434, 1217, 139
2435, 1217.5, 120
2436, 1218, 128
2437, 1218.5, 130
2438, 1219, 117
2439, 1219.5, 131
2440, 1220, 117
2441, 1220.5, 143
2442, 1221, 128
2443, 1221.5, 120
2444, 1222, 129
2445, 1222.5, 122
2446, 1223, 127
2447, 1223.5, 121
2448, 1224, 113
2449, 1224.5, 116
2450, 1225, 126
2451, 1225.5, 127
2452, 1226, 130
2453, 1226.5, 130
2454, 1227, 121
2455, 1227.5, 153
2456, 1228, 162
2457, 1228.5, 183
2458, 1229, 182
2459, 1229.5, 143
2460, 1230, 123
2461, 1230.5, 136
2462, 1231, 109
2463, 1231.5, 107
2464, 1232, 146
2465, 1232.5, 129
2466, 1233, 131
2467, 1233.5, 133
2468, 1234, 139
2469, 1234.5, 147
2470, 1235, 144
2471, 1235.5, 119
2472, 1236, 132
2473, 1236.5, 131
2474, 1237, 115
2475, 1237.5, 149
2476, 1238, 168
2477, 1238.5, 136
2478, 1239, 113
2479, 1239.5, 155
2480, 1240, 144
2481, 1240.5, 140
2482, 1241, 104
2483, 1241.5, 146
2484, 1242, 132
2485, 1242.5, 138
2486, 1243, 148
2487, 1243.5, 185
2488, 1244, 135
2489, 1244.5, 137
2490, 1245, 151
2491, 1245.5, 156
2492, 1246, 124
2493, 1246.5, 128
2494, 1247, 133
2495, 1247.5, 128
2496, 1248, 124
2497, 1248.5, 140
2498, 1249, 112
2499, 1249.5, 126
2500, 1250, 125
2501, 1250.5, 134
2502, 1251, 130
2503, 1251.5, 123
2504, 1252, 122
2505, 1252.5, 149
2506, 1253, 130
2507, 1253.5, 139
2508, 1254, 119
2509, 1254.5, 115
2510, 1255, 122
2511, 1255.5, 127
2512, 1256, 114
2513, 1256.5, 122
2514, 1257, 122
2515, 1257.5, 131
2516, 1258, 144
2517, 1258.5, 138
2518, 1259, 124
2519, 1259.5, 129
2520, 1260, 124
2521, 1260.5, 138
2522, 1261, 119
2523, 1261.5, 121
2524, 1262, 123
2525, 1262.5, 133
2526, 1263, 103
2527, 1263.5, 131
2528, 1264, 130
2529, 1264.5, 148
2530, 1265, 138
2531, 1265.5, 145
2532, 1266, 124
2533, 1266.5, 115
2534, 1267, 137
2535, 1267.5, 122
2536, 1268, 136
2537, 1268.5, 121
2538, 1269, 135
2539, 1269.5, 149
2540, 1270, 150
2541, 1270.5, 161
2542, 1271, 125
2543, 1271.5, 137
2544, 1272, 129
2545, 1272.5, 115
2546, 1273, 127
2547, 1273.5, 115
2548, 1274, 137
2549, 1274.5, 129
2550, 1275, 126
2551, 1275.5, 122
2552, 1276, 134
2553, 1276.5, 135
2554, 1277, 110
2555, 1277.5, 137
2556, 1278, 121
2557, 1278.5, 128
2558, 1279, 127
2559, 1279.5, 122
2560, 1280, 123
2561, 1280.5, 142
2562, 1281, 151
2563, 1281.5, 104
2564, 1282, 120
2565, 1282.5, 103
2566, 1283, 115
2567, 1283.5, 129
2568, 1284, 127
2569, 1284.5, 128
2570, 1285, 122
2571, 1285.5, 142
2572, 1286, 114
2573, 1286.5, 135
2574, 1287, 122
2575, 1287.5, 120
2576, 1288, 137
2577, 1288.5, 142
2578, 1289, 130
2579, 1289.5, 115
2580, 1290, 129
2581, 1290.5, 117
2582, 1291, 128
2583, 1291.5, 99
2584, 1292, 110
2585, 1292.5, 123
2586, 1293, 127
2587, 1293.5, 121
2588, 1294, 103
2589, 1294.5, 110
2590, 1295, 119
2591, 1295.5, 108
2592, 1296, 152
2593, 1296.5, 113
2594, 1297, 120
2595, 1297.5, 98
2596, 1298, 114
2597, 1298.5, 108
2598, 1299, 131
2599, 1299.5, 118
2600, 1300, 134
2601, 1300.5, 102
2602, 1301, 96
2603, 1301.5, 134
2604, 1302, 113
2605, 1302.5, 103
2606, 1303, 102
2607, 1303.5, 105
2608, 1304, 106
2609, 1304.5, 94
2610, 1305, 125
2611, 1305.5, 125
2612, 1306, 115
2613, 1306.5, 107
2614, 1307, 116
2615, 1307.5, 114
2616, 1308, 116
2617, 1308.5, 108
2618, 1309, 118
2619, 1309.5, 139
2620, 1310, 111
2621, 1310.5, 106
2622, 1311, 105
2623, 1311.5, 111
2624, 1312, 112
2625, 1312.5, 112
2626, 1313, 108
2627, 1313.5, 107
2628, 1314, 110
2629, 1314.5, 107
2630, 1315, 100
2631, 1315.5, 125
2632, 1316, 115
2633, 1316.5, 88
2634, 1317, 126
2635, 1317.5, 117
2636, 1318, 112
2637, 1318.5, 106
2638, 1319, 134
2639, 1319.5, 118
2640, 1320, 114
2641, 1320.5, 117
2642, 1321, 126
2643, 1321.5, 121
2644, 1322, 111
2645, 1322.5, 121
2646, 1323, 123
2647, 1323.5, 112
2648, 1324, 100
2649, 1324.5, 81
2650, 1325, 98
2651, 1325.5, 116
2652, 1326, 121
2653, 1326.5, 124
2654, 1327, 117
2655, 1327.5, 96
2656, 1328, 109
2657, 1328.5, 113
2658, 1329, 115
2659, 1329.5, 97
2660, 1330, 135
2661, 1330.5, 131
2662, 1331, 108
2663, 1331.5, 101
2664, 1332, 120
2665, 1332.5, 111
2666, 1333, 113
2667, 1333.5, 111
2668, 1334, 105
2669, 1334.5, 122
2670, 1335, 107
2671, 1335.5, 115
2672, 1336, 117
2673, 1336.5, 109
2674, 1337, 102
2675, 1337.5, 106
2676, 1338, 111
2677, 1338.5, 109
2678, 1339, 107
2679, 1339.5, 90
2680, 1340, 118
2681, 1340.5, 114
2682, 1341, 101
2683, 1341.5, 108
2684, 1342, 109
2685, 1342.5, 109
2686, 1343, 136
2687, 1343.5, 113
2688, 1344, 102
2689, 1344.5, 107
2690, 1345, 127
2691, 1345.5, 116
2692, 1346, 114
2693, 1346.5, 128
2694, 1347, 106
2695, 1347.5, 115
2696, 1348, 116
2697, 1348.5, 112
2698, 1349, 114
2699, 1349.5, 83
2700, 1350, 115
2701, 1350.5, 112
2702, 1351, 117
2703, 1351.5, 117
2704, 1352, 96
2705, 1352.5, 131
2706, 1353, 107
2707, 1353.5, 111
2708, 1354, 116
2709, 1354.5, 77
2710, 1355, 109
2711, 1355.5, 102
2712, 1356, 100
2713, 1356.5, 107
2714, 1357, 106
2715, 1357.5, 116
2716, 1358, 112
2717, 1358.5, 109
2718, 1359, 98
2719, 1359.5, 116
2720, 1360, 110
2721, 1360.5, 132
2722, 1361, 133
2723, 1361.5, 124
2724, 1362, 115
2725, 1362.5, 114
2726, 1363, 91
2727, 1363.5, 107
2728, 1364, 93
2729, 1364.5, 126
2730, 1365, 113
2731, 1365.5, 116
2732, 1366, 108
2733, 1366.5, 113
2734, 1367, 133
2735, 1367.5, 113
2736, 1368, 116
2737, 1368.5, 102
2738, 1369, 98
2739, 1369.5, 93
2740, 1370, 109
2741, 1370.5, 129
2742, 1371, 115
2743, 1371.5, 109
2744, 1372, 108
2745, 1372.5, 101
2746, 1373, 116
2747, 1373.5, 104
2748, 1374, 122
2749, 1374.5, 96
2750, 1375, 114
2751, 1375.5, 108
2752, 1376, 105
2753, 1376.5, 106
2754, 1377, 148
2755, 1377.5, 139
2756, 1378, 247
2757, 1378.5, 390
2758, 1379, 641
2759, 1379.5, 800
2760, 1380, 747
2761, 1380.5, 565
2762, 1381, 323
2763, 1381.5, 193
2764, 1382, 145
2765, 1382.5, 115
2766, 1383, 121
2767, 1383.5, 132
2768, 1384, 134
2769, 1384.5, 140
2770, 1385, 108
2771, 1385.5, 98
2772, 1386, 105
2773, 1386.5, 116
2774, 1387, 124
2775, 1387.5, 131
2776, 1388, 120
2777, 1388.5, 179
2778, 1389, 304
2779, 1389.5, 351
2780, 1390, 283
2781, 1390.5, 189
2782, 1391, 126
2783, 1391.5, 128
2784, 1392, 101
2785, 1392.5, 120
2786, 1393, 109
2787, 1393.5, 114
2788, 1394, 117
2789, 1394.5, 95
2790, 1395, 101
2791, 1395.5, 111
2792, 1396, 91
2793, 1396.5, 109
2794, 1397, 101
2795, 1397.5, 111
2796, 1398, 107
2797, 1398.5, 107
2798, 1399, 106
2799, 1399.5, 93
2800, 1400, 111
2801, 1400.5, 115
2802, 1401, 89
2803, 1401.5, 100
2804, 1402, 78
2805, 1402.5, 113
2806, 1403, 123
2807, 1403.5, 109
2808, 1404, 105
2809, 1404.5, 99
2810, 1405, 112
2811, 1405.5, 104
2812, 1406, 83
2813, 1406.5, 124
2814, 1407, 96
2815, 1407.5, 105
2816, 1408, 94
2817, 1408.5, 112
2818, 1409, 125
2819, 1409.5, 93
2820, 1410, 114
2821, 1410.5, 112
2822, 1411, 137
2823, 1411.5, 83
2824, 1412, 116
2825, 1412.5, 105
2826, 1413, 106
2827, 1413.5, 118
2828, 1414, 112
2829, 1414.5, 107
2830, 1415, 134
2831, 1415.5, 98
2832, 1416, 105
2833, 1416.5, 115
2834, 1417, 117
2835, 1417.5, 106
2836, 1418, 91
2837, 1418.5, 85
2838, 1419, 110
2839, 1419.5, 126
2840, 1420, 132
2841, 1420.5, 126
2842, 1421, 102
2843, 1421.5, 141
2844, 1422, 107
2845, 1422.5, 112
2846, 1423, 109
2847, 1423.5, 121
2848, 1424, 128
2849, 1424.5, 118
2850, 1425, 110
2851, 1425.5, 101
2852, 1426, 104
2853, 1426.5, 108
2854, 1427, 114
2855, 1427.5, 91
2856, 1428, 108
2857, 1428.5, 123
2858, 1429, 117
2859, 1429.5, 120
2860, 1430, 89
2861, 1430.5, 106
2862, 1431, 122
2863, 1431.5, 100
2864, 1432, 109
2865, 1432.5, 102
2866, 1433, 113
2867, 1433.5, 125
2868, 1434, 118
2869, 1434.5, 120
2870, 1435, 139
2871, 1435.5, 130
2872, 1436, 105
2873, 1436.5, 111
2874, 1437, 122
2875, 1437.5, 112
2876, 1438, 118
2877, 1438.5, 110
2878, 1439, 112
2879, 1439.5, 111
2880, 1440, 101
2881, 1440.5, 116
2882, 1441, 123
2883, 1441.5, 120
2884, 1442, 112
2885, 1442.5, 123
2886, 1443, 123
2887, 1443.5, 135
2888, 1444, 193
2889, 1444.5, 421
2890, 1445, 832
2891, 1445.5, 1134
2892, 1446, 890
2893, 1446.5, 410
2894, 1447, 183
2895, 1447.5, 123
2896, 1448, 128
2897, 1448.5, 125
2898, 1449, 98
2899, 1449.5, 114
2900, 1450, 113
2901, 1450.5, 109
2902, 1451, 116
2903, 1451.5, 101
2904, 1452, 111
2905, 1452.5, 102
2906, 1453, 112
2907, 1453.5, 114
2908, 1454, 111
2909, 1454.5, 118
2910, 1455, 119
2911, 1455.5, 121
2912, 1456, 108
2913, 1456.5, 138
2914, 1457, 134
2915, 1457.5, 107
2916, 1458, 126
2917, 1458.5, 114
2918, 1459, 133
2919, 1459.5, 94
2920, 1460, 111
2921, 1460.5, 117
2922, 1461, 120
2923, 1461.5, 123
2924, 1462, 113
2925, 1462.5, 101
2926, 1463, 120
2927, 1463.5, 129
2928, 1464, 134
2929, 1464.5, 112
2930, 1465, 114
2931, 1465.5, 90
2932, 1466, 117
2933, 1466.5, 98
2934, 1467, 114
2935, 1467.5, 131
2936, 1468, 125
2937, 1468.5, 106
2938, 1469, 117
2939, 1469.5, 112
2940, 1470, 108
2941, 1470.5, 132
2942, 1471, 133
2943, 1471.5, 130
2944, 1472, 120
2945, 1472.5, 127
2946, 1473, 112
2947, 1473.5, 122
2948, 1474, 130
2949, 1474.5, 110
2950, 1475, 117
2951, 1475.5, 115
2952, 1476, 125
2953, 1476.5, 131
2954, 1477, 124
2955, 1477.5, 136
2956, 1478, 124
2957, 1478.5, 117
2958, 1479, 125
2959, 1479.5, 124
2960, 1480, 105
2961, 1480.5, 130
2962, 1481, 108
2963, 1481.5, 139
2964, 1482, 111
2965, 1482.5, 125
2966, 1483, 111
2967, 1483.5, 136
2968, 1484, 125
2969, 1484.5, 138
2970, 1485, 105
2971, 1485.5, 110
2972, 1486, 128
2973, 1486.5, 117
2974, 1487, 143
2975, 1487.5, 107
2976, 1488, 134
2977, 1488.5, 104
2978, 1489, 119
2979, 1489.5, 97
2980, 1490, 119
2981, 1490.5, 128
2982, 1491, 112
2983, 1491.5, 119
2984, 1492, 140
2985, 1492.5, 131
2986, 1493, 106
2987, 1493.5, 124
2988, 1494, 116
2989, 1494.5, 128
2990, 1495, 115
2991, 1495.5, 140
2992, 1496, 125
2993, 1496.5, 124
2994, 1497, 128
2995, 1497.5, 105
2996, 1498, 118
2997, 1498.5, 148
2998, 1499, 134
2999, 1499.5, 115
3000, 1500, 119
3001, 1500.5, 120
3002, 1501, 114
3003, 1501.5, 125
3004, 1502, 124
3005, 1502.5, 124
3006, 1503, 136
3007, 1503.5, 165
3008, 1504, 204
3009, 1504.5, 167
3010, 1505, 138
3011, 1505.5, 139
3012, 1506, 126
3013, 1506.5, 149
3014, 1507, 129
3015, 1507.5, 123
3016, 1508, 121
3017, 1508.5, 132
3018, 1509, 124
3019, 1509.5, 125
3020, 1510, 143
3021, 1510.5, 126
3022, 1511, 123
3023, 1511.5, 136
3024, 1512, 139
3025, 1512.5, 121
3026, 1513, 109
3027, 1513.5, 129
3028, 1514, 113
3029, 1514.5, 134
3030, 1515, 133
3031, 1515.5, 127
3032, 1516, 134
3033, 1516.5, 140
3034, 1517, 135
3035, 1517.5, 140
3036, 1518, 143
3037, 1518.5, 137
3038, 1519, 139
3039, 1519.5, 125
3040, 1520, 131
3041, 1520.5, 116
3042, 1521, 120
3043, 1521.5, 151
3044, 1522, 139
3045, 1522.5, 136
3046, 1523, 125
3047, 1523.5, 123
3048, 1524, 140
3049, 1524.5, 144
3050, 1525, 138
3051, 1525.5, 128
3052, 1526, 152
3053, 1526.5, 141
3054, 1527, 143
3055, 1527.5, 126
3056, 1528, 131
3057, 1528.5, 149
3058, 1529, 141
3059, 1529.5, 155
3060, 1530, 135
3061, 1530.5, 130
3062, 1531, 130
3063, 1531.5, 153
3064, 1532, 137
3065, 1532.5, 142
3066, 1533, 125
3067, 1533.5, 112
3068, 1534, 160
3069, 1534.5, 107
3070, 1535, 145
3071, 1535.5, 143
3072, 1536, 156
3073, 1536.5, 129
3074, 1537, 124
3075, 1537.5, 141
3076, 1538, 139
3077, 1538.5, 138
3078, 1539, 148
3079, 1539.5, 148
3080, 1540, 166
3081, 1540.5, 137
3082, 1541, 141
3083, 1541.5, 141
3084, 1542, 132
3085, 1542.5, 135
3086, 1543, 134
3087, 1543.5, 143
3088, 1544, 130
3089, 1544.5, 144
3090, 1545, 135
3091, 1545.5, 143
3092, 1546, 179
3093, 1546.5, 144
3094, 1547, 139
3095, 1547.5, 148
3096, 1548, 146
3097, 1548.5, 160
3098, 1549, 163
3099, 1549.5, 138
3100, 1550, 154
3101, 1550.5, 151
3102, 1551, 154
3103, 1551.5, 156
3104, 1552, 139
3105, 1552.5, 126
3106, 1553, 149
3107, 1553.5, 159
3108, 1554, 135
3109, 1554.5, 158
3110, 1555, 152
3111, 1555.5, 175
3112, 1556, 160
3113, 1556.5, 132
3114, 1557, 142
3115, 1557.5, 122
3116, 1558, 143
3117, 1558.5, 126
3118, 1559, 136
3119, 1559.5, 146
3120, 1560, 174
3121, 1560.5, 131
3122, 1561, 108
3123, 1561.5, 119
3124, 1562, 108
3125, 1562.5, 111
3126, 1563, 116
3127, 1563.5, 117
3128, 1564, 102
3129, 1564.5, 104
3130, 1565, 102
3131, 1565.5, 106
3132, 1566, 119
3133, 1566.5, 99
3134, 1567, 99
3135, 1567.5, 128
3136, 1568, 113
3137, 1568.5, 83
3138, 1569, 117
3139, 1569.5, 102
3140, 1570, 89
3141, 1570.5, 85
3142, 1571, 90
3143, 1571.5, 102
3144, 1572, 90
3145, 1572.5, 107
3146, 1573, 94
3147, 1573.5, 94
3148, 1574, 105
3149, 1574.5, 110
3150, 1575, 84
3151, 1575.5, 91
3152, 1576, 103
3153, 1576.5, 90
3154, 1577, 90
3155, 1577.5, 100
3156, 1578, 106
3157, 1578.5, 90
3158, 1579, 102
3159, 1579.5, 112
3160, 1580, 104
3161, 1580.5, 94
3162, 1581, 106
3163, 1581.5, 97
3164, 1582, 97
3165, 1582.5, 80
3166, 1583, 91
3167, 1583.5, 95
3168, 1584, 89
3169, 1584.5, 81
3170, 1585, 85
3171, 1585.5, 82
3172, 1586, 93
3173, 1586.5, 98
3174, 1587, 92
3175, 1587.5, 87
3176, 1588, 89
3177, 1588.5, 93
3178, 1589, 84
3179, 1589.5, 83
3180, 1590, 99
3181, 1590.5, 80
3182, 1591, 100
3183, 1591.5, 79
3184, 1592, 103
3185, 1592.5, 80
3186, 1593, 75
3187, 1593.5, 86
3188, 1594, 65
3189, 1594.5, 97
3190, 1595, 85
3191, 1595.5, 85
3192, 1596, 95
3193, 1596.5, 79
3194, 1597, 88
3195, 1597.5, 78
3196, 1598, 89
3197, 1598.5, 78
3198, 1599, 78
3199, 1599.5, 82
3200, 1600, 84
3201, 1600.5, 79
3202, 1601, 61
3203, 1601.5, 78
3204, 1602, 87
3205, 1602.5, 85
3206, 1603, 92
3207, 1603.5, 102
3208, 1604, 164
3209, 1604.5, 305
3210, 1605, 351
3211, 1605.5, 315
3212, 1606, 203
3213, 1606.5, 83
3214, 1607, 88
3215, 1607.5, 65
3216, 1608, 90
3217, 1608.5, 75
3218, 1609, 85
3219, 1609.5, 74
3220, 1610, 66
3221, 1610.5, 57
3222, 1611, 70
3223, 1611.5, 63
3224, 1612, 68
3225, 1612.5, 54
3226, 1613, 72
3227, 1613.5, 66
3228, 1614, 54
3229, 1614.5, 85
3230, 1615, 82
3231, 1615.5, 63
3232, 1616, 65
3233, 1616.5, 60
3234, 1617, 70
3235, 1617.5, 50
3236, 1618, 62
3237, 1618.5, 68
3238, 1619, 55
3239, 1619.5, 65
3240, 1620, 55
3241, 1620.5, 44
3242, 1621, 50
3243, 1621.5, 71
3244, 1622, 47
3245, 1622.5, 54
3246, 1623, 58
3247, 1623.5, 57
3248, 1624, 61
3249, 1624.5, 51
3250, 1625, 44
3251, 1625.5, 53
3252, 1626, 53
3253, 1626.5, 58
3254, 1627, 36
3255, 1627.5, 53
3256, 1628, 43
3257, 1628.5, 54
3258, 1629, 45
3259, 1629.5, 34
3260, 1630, 54
3261, 1630.5, 50
3262, 1631, 59
3263, 1631.5, 43
3264, 1632, 41
3265, 1632.5, 42
3266, 1633, 53
3267, 1633.5, 56
3268, 1634, 36
3269, 1634.5, 44
3270, 1635, 42
3271, 1635.5, 32
3272, 1636, 29
3273, 1636.5, 42
3274, 1637, 43
3275, 1637.5, 37
3276, 1638, 34
3277, 1638.5, 39
3278, 1639, 43
3279, 1639.5, 36
3280, 1640, 39
3281, 1640.5, 49
3282, 1641, 20
3283, 1641.5, 41
3284, 1642, 31
3285, 1642.5, 37
3286, 1643, 25
3287, 1643.5, 41
3288, 1644, 34
3289, 1644.5, 41
3290, 1645, 27
3291, 1645.5, 31
3292, 1646, 43
3293, 1646.5, 26
3294, 1647, 27
3295, 1647.5, 32
3296, 1648, 19
3297, 1648.5, 36
3298, 1649, 29
3299, 1649.5, 38
3300, 1650, 34
3301, 1650.5, 22
3302, 1651, 24
3303, 1651.5, 32
3304, 1652, 30
3305, 1652.5, 27
3306, 1653, 26
3307, 1653.5, 33
3308, 1654, 27
3309, 1654.5, 31
3310, 1655, 31
3311, 1655.5, 34
3312, 1656, 24
3313, 1656.5, 36
3314, 1657, 24
3315, 1657.5, 26
3316, 1658, 30
3317, 1658.5, 33
3318, 1659, 28
3319, 1659.5, 29
3320, 1660, 17
3321, 1660.5, 20
3322, 1661, 20
3323, 1661.5, 23
3324, 1662, 26
3325, 1662.5, 24
3326, 1663, 18
3327, 1663.5, 32
3328, 1664, 28
3329, 1664.5, 20
3330, 1665, 22
3331, 1665.5, 23
3332, 1666, 18
3333, 1666.5, 19
3334, 1667, 27
3335, 1667.5, 27
3336, 1668, 29
3337, 1668.5, 20
3338, 1669, 25
3339, 1669.5, 19
3340, 1670, 32
3341, 1670.5, 20
3342, 1671, 23
3343, 1671.5, 24
3344, 1672, 23
3345, 1672.5, 21
3346, 1673, 28
3347, 1673.5, 23
3348, 1674, 24
3349, 1674.5, 21
3350, 1675, 25
3351, 1675.5, 22
3352, 1676, 26
3353, 1676.5, 29
3354, 1677, 21
3355, 1677.5, 17
3356, 1678, 20
3357, 1678.5, 18
3358, 1679, 23
3359, 1679.5, 23
3360, 1680, 16
3361, 1680.5, 23
3362, 1681, 17
3363, 1681.5, 29
3364, 1682, 22
3365, 1682.5, 27
3366, 1683, 22
3367, 1683.5, 24
3368, 1684, 29
3369, 1684.5, 21
3370, 1685, 25
3371, 1685.5, 13
3372, 1686, 24
3373, 1686.5, 17
3374, 1687, 20
3375, 1687.5, 20
3376, 1688, 17
3377, 1688.5, 20
3378, 1689, 13
3379, 1689.5, 24
3380, 1690, 22
3381, 1690.5, 30
3382, 1691, 32
3383, 1691.5, 19
3384, 1692, 23
3385, 1692.5, 14
3386, 1693, 27
3387, 1693.5, 21
3388, 1694, 24
3389, 1694.5, 23
3390, 1695, 28
3391, 1695.5, 18
3392, 1696, 26
3393, 1696.5, 20
3394, 1697, 17
3395, 1697.5, 19
3396, 1698, 24
3397, 1698.5, 21
3398, 1699, 28
3399, 1699.5, 28
3400, 1700, 27
3401, 1700.5, 23
3402, 1701, 17
3403, 1701.5, 16
3404, 1702, 15
3405, 1702.5, 20
3406, 1703, 27
3407, 1703.5, 17
3408, 1704, 21
3409, 1704.5, 29
3410, 1705, 29
3411, 1705.5, 24
3412, 1706, 21
3413, 1706.5, 19
3414, 1707, 34
3415, 1707.5, 27
3416, 1708, 26
3417, 1708.5, 38
3418, 1709, 34
3419, 1709.5, 37
3420, 1710, 31
3421, 1710.5, 30
3422, 1711, 33
3423, 1711.5, 34
3424, 1712, 78
3425, 1712.5, 218
3426, 1713, 756
3427, 1713.5, 2356
3428, 1714, 4914
3429, 1714.5, 6539
3430, 1715, 5148
3431, 1715.5, 2508
3432, 1716, 696
3433, 1716.5, 103
3434, 1717, 22
3435, 1717.5, 10
3436, 1718, 11
3437, 1718.5, 14
3438, 1719, 10
3439, 1719.5, 24
3440, 1720, 21
3441, 1720.5, 12
3442, 1721, 7
3443, 1721.5, 6
3444, 1722, 6
3445, 1722.5, 2
3446, 1723, 9
3447, 1723.5, 10
3448, 1724, 7
3449, 1724.5, 6
3450, 1725, 7
3451, 1725.5, 4
3452, 1726, 5
3453, 1726.5, 9
3454, 1727, 10
3455, 1727.5, 8
3456, 1728, 8
3457, 1728.5, 5
3458, 1729, 6
3459, 1729.5, 6
3460, 1730, 10
3461, 1730.5, 7
3462, 1731, 9
3463, 1731.5, 8
3464, 1732, 8
3465, 1732.5, 13
3466, 1733, 8
3467, 1733.5, 7
3468, 1734, 9
3469, 1734.5, 11
3470, 1735, 6
3471, 1735.5, 5
3472, 1736, 7
3473, 1736.5, 7
3474, 1737, 9
3475, 1737.5, 9
3476, 1738, 13
3477, 1738.5, 5
3478, 1739, 11
3479, 1739.5, 7
3480, 1740, 13
3481, 1740.5, 8
3482, 1741, 16
3483, 1741.5, 8
3484, 1742, 4
3485, 1742.5, 9
3486, 1743, 6
3487, 1743.5, 6
3488, 1744, 12
3489, 1744.5, 5
3490, 1745, 6
3491, 1745.5, 4
3492, 1746, 9
3493, 1746.5, 5
3494, 1747, 10
3495, 1747.5, 7
3496, 1748, 5
3497, 1748.5, 7
3498, 1749, 10
3499, 1749.5, 4
3500, 1750, 6
3501, 1750.5, 7
3502, 1751, 13
3503, 1751.5, 7
3504, 1752, 4
3505, 1752.5, 4
3506, 1753, 12
3507, 1753.5, 13
3508, 1754, 10
3509, 1754.5, 5
3510, 1755, 8
3511, 1755.5, 5
3512, 1756, 3
3513, 1756.5, 10
3514, 1757, 9
3515, 1757.5, 9
3516, 1758, 6
3517, 1758.5, 7
3518, 1759, 6
3519, 1759.5, 4
3520, 1760, 10
3521, 1760.5, 6
3522, 1761, 12
3523, 1761.5, 6
3524, 1762, 14
3525, 1762.5, 7
3526, 1763, 6
3527, 1763.5, 10
3528, 1764, 8
3529, 1764.5, 8
3530, 1765, 7
3531, 1765.5, 6
3532, 1766, 11
3533, 1766.5, 18
3534, 1767, 11
3535, 1767.5, 7
3536, 1768, 9
3537, 1768.5, 15
3538, 1769, 11
3539, 1769.5, 7
3540, 1770, 3
3541, 1770.5, 10
3542, 1771, 8
3543, 1771.5, 6
3544, 1772, 7
3545, 1772.5, 9
3546, 1773, 6
3547, 1773.5, 16
3548, 1774, 13
3549, 1774.5, 6
3550, 1775, 3
3551, 1775.5, 5
3552, 1776, 9
3553, 1776.5, 8
3554, 1777, 2
3555, 1777.5, 7
3556, 1778, 10
3557, 1778.5, 8
3558, 1779, 5
3559, 1779.5, 9
3560, 1780, 3
3561, 1780.5, 7
3562, 1781, 5
3563, 1781.5, 8
3564, 1782, 5
3565, 1782.5, 8
3566, 1783, 5
3567, 1783.5, 7
3568, 1784, 9
3569, 1784.5, 5
3570, 1785, 7
3571, 1785.5, 2
3572, 1786, 10
3573, 1786.5, 6
3574, 1787, 7
3575, 1787.5, 6
3576, 1788, 2
3577, 1788.5, 9
3578, 1789, 3
3579, 1789.5, 7
3580, 1790, 9
3581, 1790.5, 6
3582, 1791, 6
3583, 1791.5, 7
3584, 1792, 4
3585, 1792.5, 8
3586, 1793, 6
3587, 1793.5, 2
3588, 1794, 5
3589, 1794.5, 8
3590, 1795, 4
3591, 1795.5, 7
3592, 1796, 10
3593, 1796.5, 8
3594, 1797, 6
3595, 1797.5, 5
3596, 1798, 11
3597, 1798.5, 6
3598, 1799, 7
3599, 1799.5, 4
3600, 1800, 8
3601, 1800.5, 9
3602, 1801, 12
3603, 1801.5, 9
3604, 1802, 6
3605, 1802.5, 1
3606, 1803, 9
3607, 1803.5, 2
3608, 1804, 6
3609, 1804.5, 3
3610, 1805, 5
3611, 1805.5, 6
3612, 1806, 3
3613, 1806.5, 6
3614, 1807, 7
3615, 1807.5, 9
3616, 1808, 4
3617, 1808.5, 6
3618, 1809, 10
3619, 1809.5, 9
3620, 1810, 11
3621, 1810.5, 5
3622, 1811, 8
3623, 1811.5, 8
3624, 1812, 9
3625, 1812.5, 12
3626, 1813, 4
3627, 1813.5, 5
3628, 1814, 6
3629, 1814.5, 5
3630, 1815, 3
3631, 1815.5, 10
3632, 1816, 10
3633, 1816.5, 12
3634, 1817, 10
3635, 1817.5, 5
3636, 1818, 9
3637, 1818.5, 5
3638, 1819, 9
3639, 1819.5, 5
3640, 1820, 7
3641, 1820.5, 7
3642, 1821, 7
3643, 1821.5, 8
3644, 1822, 4
3645, 1822.5, 4
3646, 1823, 7
3647, 1823.5, 6
3648, 1824, 10
3649, 1824.5, 7
3650, 1825, 5
3651, 1825.5, 13
3652, 1826, 8
3653, 1826.5, 6
3654, 1827, 12
3655, 1827.5, 6
3656, 1828, 4
3657, 1828.5, 2
3658, 1829, 6
3659, 1829.5, 11
3660, 1830, 2
3661, 1830.5, 9
3662, 1831, 5
3663, 1831.5, 3
3664, 1832, 12
3665, 1832.5, 6
3666, 1833, 4
3667, 1833.5, 5
3668, 1834, 3
3669, 1834.5, 7
3670, 1835, 11
3671, 1835.5, 11
3672, 1836, 8
3673, 1836.5, 7
3674, 1837, 6
3675, 1837.5, 5
3676, 1838, 5
3677, 1838.5, 6
3678, 1839, 12
3679, 1839.5, 5
3680, 1840, 6
3681, 1840.5, 9
3682, 1841, 4
3683, 1841.5, 7
3684, 1842, 7
3685, 1842.5, 5
3686, 1843, 6
3687, 1843.5, 5
3688, 1844, 5
3689, 1844.5, 6
3690, 1845, 7
3691, 1845.5, 6
3692, 1846, 4
3693, 1846.5, 8
3694, 1847, 7
3695, 1847.5, 2
3696, 1848, 0
3697, 1848.5, 3
3698, 1849, 9
3699, 1849.5, 9
3700, 1850, 6
3701, 1850.5, 6
3702, 1851, 8
3703, 1851.5, 6
3704, 1852, 6
3705, 1852.5, 4
3706, 1853, 13
3707, 1853.5, 9
3708, 1854, 6
3709, 1854.5, 6
3710, 1855, 2
3711, 1855.5, 4
3712, 1856, 6
3713, 1856.5, 12
3714, 1857, 9
3715, 1857.5, 4
3716, 1858, 6
3717, 1858.5, 5
3718, 1859, 3
3719, 1859.5, 5
3720, 1860, 5
3721, 1860.5, 8
3722, 1861, 8
3723, 1861.5, 5
3724, 1862, 8
3725, 1862.5, 6
3726, 1863, 5
3727, 1863.5, 5
3728, 1864, 8
3729, 1864.5, 4
3730, 1865, 11
3731, 1865.5, 6
3732, 1866, 3
3733, 1866.5, 9
3734, 1867, 7
3735, 1867.5, 8
3736, 1868, 8
3737, 1868.5, 6
3738, 1869, 6
3739, 1869.5, 4
3740, 1870, 5
3741, 1870.5, 6
3742, 1871, 4
3743, 1871.5, 3
3744, 1872, 7
3745, 1872.5, 7
3746, 1873, 8
3747, 1873.5, 6
3748, 1874, 2
3749, 1874.5, 8
3750, 1875, 7
3751, 1875.5, 9
3752, 1876, 9
3753, 1876.5, 10
3754, 1877, 11
3755, 1877.5, 8
3756, 1878, 10
3757, 1878.5, 3
3758, 1879, 6
3759, 1879.5, 3
3760, 1880, 7
3761, 1880.5, 3
3762, 1881, 13
3763, 1881.5, 4
3764, 1882, 9
3765, 1882.5, 6
3766, 1883, 7
3767, 1883.5, 11
3768, 1884, 8
3769, 1884.5, 6
3770, 1885, 7
3771, 1885.5, 7
3772, 1886, 7
3773, 1886.5, 2
3774, 1887, 8
3775, 1887.5, 5
3776, 1888, 5
3777, 1888.5, 8
3778, 1889, 8
3779, 1889.5, 10
3780, 1890, 9
3781, 1890.5, 1
3782, 1891, 8
3783, 1891.5, 3
3784, 1892, 5
3785, 1892.5, 7
3786, 1893, 6
3787, 1893.5, 8
3788, 1894, 8
3789, 1894.5, 7
3790, 1895, 6
3791, 1895.5, 6
3792, 1896, 8
3793, 1896.5, 5
3794, 1897, 7
3795, 1897.5, 11
3796, 1898, 5
3797, 1898.5, 6
3798, 1899, 5
3799, 1899.5, 5
3800, 1900, 6
3801, 1900.5, 7
3802, 1901, 5
3803, 1901.5, 8
3804, 1902, 8
3805, 1902.5, 2
3806, 1903, 6
3807, 1903.5, 10
3808, 1904, 4
3809, 1904.5, 8
3810, 1905, 3
3811, 1905.5, 6
3812, 1906, 5
3813, 1906.5, 8
3814, 1907, 2
3815, 1907.5, 5
3816, 1908, 6
3817, 1908.5, 8
3818, 1909, 2
3819, 1909.5, 8
3820, 1910, 9
3821, 1910.5, 6
3822, 1911, 7
3823, 1911.5, 4
3824, 1912, 6
3825, 1912.5, 9
3826, 1913, 6
3827, 1913.5, 5
3828, 1914, 5
3829, 1914.5, 11
3830, 1915, 5
3831, 1915.5, 8
3832, 1916, 8
3833, 1916.5, 9
3834, 1917, 11
3835, 1917.5, 4
3836, 1918, 8
3837, 1918.5, 9
3838, 1919, 6
3839, 1919.5, 8
3840, 1920, 6
3841, 1920.5, 6
3842, 1921, 3
3843, 1921.5, 6
3844, 1922, 4
3845, 1922.5, 3
3846, 1923, 2
3847, 1923.5, 10
3848, 1924, 5
3849, 1924.5, 5
3850, 1925, 3
3851, 1925.5, 3
3852, 1926, 3
3853, 1926.5, 8
3854, 1927, 6
3855, 1927.5, 5
3856, 1928, 9
3857, 1928.5, 2
3858, 1929, 9
3859, 1929.5, 2
3860, 1930, 5
3861, 1930.5, 4
3862, 1931, 5
3863, 1931.5, 5
3864, 1932, 8
3865, 1932.5, 11
3866, 1933, 6
3867, 1933.5, 4
3868, 1934, 7
3869, 1934.5, 2
3870, 1935, 3
3871, 1935.5, 9
3872, 1936, 3
3873, 1936.5, 6
3874, 1937, 11
3875, 1937.5, 7
3876, 1938, 8
3877, 1938.5, 5
3878, 1939, 5
3879, 1939.5, 8
3880, 1940, 10
3881, 1940.5, 8
3882, 1941, 4
3883, 1941.5, 10
3884, 1942, 7
3885, 1942.5, 5
3886, 1943, 5
3887, 1943.5, 8
3888, 1944, 8
3889, 1944.5, 2
3890, 1945, 3
3891, 1945.5, 6
3892, 1946, 11
3893, 1946.5, 2
3894, 1947, 8
3895, 1947.5, 5
3896, 1948, 4
3897, 1948.5, 7
3898, 1949, 11
3899, 1949.5, 10
3900, 1950, 7
3901, 1950.5, 4
3902, 1951, 4
3903, 1951.5, 4
3904, 1952, 8
3905, 1952.5, 3
3906, 1953, 11
3907, 1953.5, 11
3908, 1954, 3
3909, 1954.5, 3
3910, 1955, 5
3911, 1955.5, 4
3912, 1956, 5
3913, 1956.5, 4
3914, 1957, 6
3915, 1957.5, 4
3916, 1958, 8
3917, 1958.5, 4
3918, 1959, 6
3919, 1959.5, 5
3920, 1960, 7
3921, 1960.5, 7
3922, 1961, 7
3923, 1961.5, 7
3924, 1962, 5
3925, 1962.5, 2
3926, 1963, 9
3927, 1963.5, 4
3928, 1964, 4
3929, 1964.5, 7
3930, 1965, 6
3931, 1965.5, 5
3932, 1966, 6
3933, 1966.5, 7
3934, 1967, 9
3935, 1967.5, 4
3936, 1968, 9
3937, 1968.5, 9
3938, 1969, 7
3939, 1969.5, 6
3940, 1970, 10
3941, 1970.5, 5
3942, 1971, 4
3943, 1971.5, 5
3944, 1972, 4
3945, 1972.5, 11
3946, 1973, 3
3947, 1973.5, 5
3948, 1974, 5
3949, 1974.5, 7
3950, 1975, 7
3951, 1975.5, 5
3952, 1976, 7
3953, 1976.5, 3
3954, 1977, 6
3955, 1977.5, 6
3956, 1978, 7
3957, 1978.5, 5
3958, 1979, 8
3959, 1979.5, 10
3960, 1980, 2
3961, 1980.5, 5
3962, 1981, 0
3963, 1981.5, 7
3964, 1982, 3
3965, 1982.5, 5
3966, 1983, 10
3967, 1983.5, 5
3968, 1984, 3
3969, 1984.5, 1
3970, 1985, 1
3971, 1985.5, 3
3972, 1986, 8
3973, 1986.5, 3
3974, 1987, 6
3975, 1987.5, 6
3976, 1988, 6
3977, 1988.5, 5
3978, 1989, 12
3979, 1989.5, 9
3980, 1990, 8
3981, 1990.5, 6
3982, 1991, 2
3983, 1991.5, 0
3984, 1992, 5
3985, 1992.5, 4
3986, 1993, 8
3987, 1993.5, 7
3988, 1994, 4
3989, 1994.5, 4
3990, 1995, 6
3991, 1995.5, 2
3992, 1996, 10
3993, 1996.5, 2
3994, 1997, 9
3995, 1997.5, 8
3996, 1998, 7
3997, 1998.5, 2
3998, 1999, 4
3999, 1999.5, 9
4000, 2000, 3
4001, 2000.5, 3
4002, 2001, 7
4003, 2001.5, 3
4004, 2002, 3
4005, 2002.5, 11
4006, 2003, 11
4007, 2003.5, 7
4008, 2004, 6
4009, 2004.5, 4
4010, 2005, 10
4011, 2005.5, 5
4012, 2006, 4
4013, 2006.5, 3
4014, 2007, 5
4015, 2007.5, 7
4016, 2008, 3
4017, 2008.5, 6
4018, 2009, 2
4019, 2009.5, 4
4020, 2010, 10
4021, 2010.5, 4
4022, 2011, 7
4023, 2011.5, 10
4024, 2012, 3
4025, 2012.5, 8
4026, 2013, 5
4027, 2013.5, 7
4028, 2014, 4
4029, 2014.5, 5
4030, 2015, 3
4031, 2015.5, 8
4032, 2016, 10
4033, 2016.5, 5
4034, 2017, 9
4035, 2017.5, 6
4036, 2018, 2
4037, 2018.5, 5
4038, 2019, 6
4039, 2019.5, 7
4040, 2020, 8
4041, 2020.5, 6
4042, 2021, 4
4043, 2021.5, 6
4044, 2022, 6
4045, 2022.5, 3
4046, 2023, 3
4047, 2023.5, 2
4048, 2024, 4
4049, 2024.5, 9
4050, 2025, 4
4051, 2025.5, 6
4052, 2026, 3
4053, 2026.5, 2
4054, 2027, 3
4055, 2027.5, 3
4056, 2028, 7
4057, 2028.5, 8
4058, 2029, 8
4059, 2029.5, 6
4060, 2030, 5
4061, 2030.5, 5
4062, 2031, 2
4063, 2031.5, 7
4064, 2032, 4
4065, 2032.5, 2
4066, 2033, 5
4067, 2033.5, 1
4068, 2034, 7
4069, 2034.5, 2
4070, 2035, 9
4071, 2035.5, 4
4072, 2036, 10
4073, 2036.5, 0
4074, 2037, 6
4075, 2037.5, 7
4076, 2038, 6
4077, 2038.5, 2
4078, 2039, 5
4079, 2039.5, 8
4080, 2040, 5
4081, 2040.5, 7
4082, 2041, 2
4083, 2041.5, 7
4084, 2042, 4
4085, 2042.5, 6
4086, 2043, 10
4087, 2043.5, 6
4088, 2044, 4
4089, 2044.5, 5
4090, 2045, 5
4091, 2045.5, 6
4092, 2046, 4
4093, 2046.5, 2
4094, 2047, 4
4095, 2047.5, 4
4096, 2048, 8
